$MeshFormat
4.1 0 8
$EndMeshFormat
$PhysicalNames
9
0 1 "fault_1"
0 2 "material-id:2"
0 3 "material-id:3"
0 4 "material-id:4"
0 5 "material-id:5"
0 6 "material-id:6"
0 7 "material-id:7"
0 8 "material-id:8"
0 9 "material-id:9"
$EndPhysicalNames
$Entities
6815 0 0 0
1 382254.9779938341 6541402.141748951 0 1 4 
2 376127.8698740501 6546775.033629167 0 1 4 
3 376127.8698740501 6547275.033629167 0 1 4 
4 376627.8698740501 6545775.033629167 0 1 4 
5 376627.8698740501 6546275.033629167 0 1 4 
6 376627.8698740501 6546775.033629167 0 1 4 
7 376627.8698740501 6547275.033629167 0 1 4 
8 377127.8698740501 6544775.033629167 0 1 4 
9 377127.8698740501 6545275.033629167 0 1 4 
10 377127.8698740501 6545775.033629167 0 1 4 
11 377127.8698740501 6546275.033629167 0 1 4 
12 377127.8698740501 6546775.033629167 0 1 4 
13 377127.8698740501 6547275.033629167 0 1 4 
14 377627.8698740501 6543775.033629167 0 1 4 
15 377627.8698740501 6544275.033629167 0 1 4 
16 377627.8698740501 6544775.033629167 0 1 4 
17 377627.8698740501 6545275.033629167 0 1 4 
18 377627.8698740501 6545775.033629167 0 1 4 
19 377627.8698740501 6546275.033629167 0 1 4 
20 377627.8698740501 6546775.033629167 0 1 4 
21 377627.8698740501 6547275.033629167 0 1 4 
22 377627.8698740501 6547775.033629167 0 1 4 
23 378127.8698740501 6542775.033629167 0 1 4 
24 378127.8698740501 6543275.033629167 0 1 4 
25 378127.8698740501 6543775.033629167 0 1 4 
26 378127.8698740501 6544275.033629167 0 1 4 
27 378127.8698740501 6544775.033629167 0 1 4 
28 378127.8698740501 6545275.033629167 0 1 4 
29 378127.8698740501 6545775.033629167 0 1 4 
30 378127.8698740501 6546275.033629167 0 1 4 
31 378127.8698740501 6546775.033629167 0 1 4 
32 378127.8698740501 6547275.033629167 0 1 4 
33 378127.8698740501 6547775.033629167 0 1 4 
34 378627.8698740501 6541775.033629167 0 1 4 
35 378627.8698740501 6542275.033629167 0 1 4 
36 378627.8698740501 6542775.033629167 0 1 4 
37 378627.8698740501 6543275.033629167 0 1 4 
38 378627.8698740501 6543775.033629167 0 1 4 
39 378627.8698740501 6544275.033629167 0 1 4 
40 378627.8698740501 6544775.033629167 0 1 4 
41 378627.8698740501 6545275.033629167 0 1 4 
42 378627.8698740501 6545775.033629167 0 1 4 
43 378627.8698740501 6546275.033629167 0 1 4 
44 378627.8698740501 6546775.033629167 0 1 4 
45 378627.8698740501 6547275.033629167 0 1 4 
46 378627.8698740501 6547775.033629167 0 1 4 
47 379127.8698740501 6540775.033629167 0 1 4 
48 379127.8698740501 6541275.033629167 0 1 4 
49 379127.8698740501 6541775.033629167 0 1 4 
50 379127.8698740501 6542275.033629167 0 1 4 
51 379127.8698740501 6542775.033629167 0 1 4 
52 379127.8698740501 6543275.033629167 0 1 4 
53 379127.8698740501 6543775.033629167 0 1 4 
54 379127.8698740501 6544275.033629167 0 1 4 
55 379127.8698740501 6544775.033629167 0 1 4 
56 379127.8698740501 6545275.033629167 0 1 4 
57 379127.8698740501 6545775.033629167 0 1 4 
58 379127.8698740501 6546275.033629167 0 1 4 
59 379127.8698740501 6546775.033629167 0 1 4 
60 379127.8698740501 6547275.033629167 0 1 4 
61 379127.8698740501 6547775.033629167 0 1 4 
62 379627.8698740501 6540275.033629167 0 1 4 
63 379627.8698740501 6540775.033629167 0 1 4 
64 379627.8698740501 6541275.033629167 0 1 4 
65 379627.8698740501 6541775.033629167 0 1 4 
66 379627.8698740501 6542275.033629167 0 1 4 
67 379627.8698740501 6542775.033629167 0 1 4 
68 379627.8698740501 6543275.033629167 0 1 4 
69 379627.8698740501 6543775.033629167 0 1 4 
70 379627.8698740501 6544275.033629167 0 1 4 
71 379627.8698740501 6544775.033629167 0 1 4 
72 379627.8698740501 6545275.033629167 0 1 4 
73 379627.8698740501 6545775.033629167 0 1 4 
74 379627.8698740501 6546275.033629167 0 1 4 
75 379627.8698740501 6546775.033629167 0 1 4 
76 379627.8698740501 6547275.033629167 0 1 4 
77 379627.8698740501 6547775.033629167 0 1 4 
78 380127.8698740501 6539275.033629167 0 1 4 
79 380127.8698740501 6539775.033629167 0 1 4 
80 380127.8698740501 6540275.033629167 0 1 4 
81 380127.8698740501 6540775.033629167 0 1 4 
82 380127.8698740501 6541275.033629167 0 1 4 
83 380127.8698740501 6541775.033629167 0 1 4 
84 380127.8698740501 6542275.033629167 0 1 4 
85 380127.8698740501 6542775.033629167 0 1 4 
86 380127.8698740501 6543275.033629167 0 1 4 
87 380127.8698740501 6543775.033629167 0 1 4 
88 380127.8698740501 6544275.033629167 0 1 4 
89 380127.8698740501 6544775.033629167 0 1 4 
90 380127.8698740501 6545275.033629167 0 1 4 
91 380127.8698740501 6545775.033629167 0 1 4 
92 380127.8698740501 6546275.033629167 0 1 4 
93 380127.8698740501 6546775.033629167 0 1 4 
94 380127.8698740501 6547275.033629167 0 1 4 
95 380127.8698740501 6547775.033629167 0 1 4 
96 380627.8698740501 6538275.033629167 0 1 4 
97 380627.8698740501 6538775.033629167 0 1 4 
98 380627.8698740501 6539275.033629167 0 1 4 
99 380627.8698740501 6539775.033629167 0 1 4 
100 380627.8698740501 6540275.033629167 0 1 4 
101 380627.8698740501 6540775.033629167 0 1 4 
102 380627.8698740501 6541275.033629167 0 1 4 
103 380627.8698740501 6541775.033629167 0 1 4 
104 380627.8698740501 6542275.033629167 0 1 4 
105 380627.8698740501 6542775.033629167 0 1 4 
106 380627.8698740501 6543275.033629167 0 1 4 
107 380627.8698740501 6543775.033629167 0 1 4 
108 380627.8698740501 6544275.033629167 0 1 4 
109 380627.8698740501 6544775.033629167 0 1 4 
110 380627.8698740501 6545275.033629167 0 1 4 
111 380627.8698740501 6545775.033629167 0 1 4 
112 380627.8698740501 6546275.033629167 0 1 4 
113 380627.8698740501 6546775.033629167 0 1 4 
114 380627.8698740501 6547275.033629167 0 1 4 
115 380627.8698740501 6547775.033629167 0 1 4 
116 381127.8698740501 6537775.033629167 0 1 4 
117 381127.8698740501 6538275.033629167 0 1 4 
118 381127.8698740501 6538775.033629167 0 1 4 
119 381127.8698740501 6539275.033629167 0 1 4 
120 381127.8698740501 6539775.033629167 0 1 4 
121 381127.8698740501 6540275.033629167 0 1 4 
122 381127.8698740501 6540775.033629167 0 1 4 
123 381127.8698740501 6541275.033629167 0 1 4 
124 381127.8698740501 6541775.033629167 0 1 4 
125 381127.8698740501 6542275.033629167 0 1 4 
126 381127.8698740501 6542775.033629167 0 1 4 
127 381127.8698740501 6543275.033629167 0 1 4 
128 381127.8698740501 6543775.033629167 0 1 4 
129 381127.8698740501 6544275.033629167 0 1 4 
130 381127.8698740501 6544775.033629167 0 1 4 
131 381127.8698740501 6545275.033629167 0 1 4 
132 381127.8698740501 6545775.033629167 0 1 4 
133 381127.8698740501 6546275.033629167 0 1 4 
134 381127.8698740501 6546775.033629167 0 1 4 
135 381127.8698740501 6547275.033629167 0 1 4 
136 381127.8698740501 6547775.033629167 0 1 4 
137 381627.8698740501 6537275.033629167 0 1 4 
138 381627.8698740501 6537775.033629167 0 1 4 
139 381627.8698740501 6538275.033629167 0 1 4 
140 381627.8698740501 6538775.033629167 0 1 4 
141 381627.8698740501 6539275.033629167 0 1 4 
142 381627.8698740501 6539775.033629167 0 1 4 
143 381627.8698740501 6540275.033629167 0 1 4 
144 381627.8698740501 6540775.033629167 0 1 4 
145 381627.8698740501 6541275.033629167 0 1 4 
146 381627.8698740501 6541775.033629167 0 1 4 
147 381627.8698740501 6542275.033629167 0 1 4 
148 381627.8698740501 6542775.033629167 0 1 4 
149 381627.8698740501 6543275.033629167 0 1 4 
150 381627.8698740501 6543775.033629167 0 1 4 
151 381627.8698740501 6544275.033629167 0 1 4 
152 381627.8698740501 6544775.033629167 0 1 4 
153 381627.8698740501 6545275.033629167 0 1 4 
154 381627.8698740501 6545775.033629167 0 1 4 
155 381627.8698740501 6546275.033629167 0 1 4 
156 381627.8698740501 6546775.033629167 0 1 4 
157 381627.8698740501 6547275.033629167 0 1 4 
158 381627.8698740501 6547775.033629167 0 1 4 
159 382127.8698740501 6536275.033629167 0 1 4 
160 382127.8698740501 6536775.033629167 0 1 4 
161 382127.8698740501 6537275.033629167 0 1 4 
162 382127.8698740501 6537775.033629167 0 1 4 
163 382127.8698740501 6538275.033629167 0 1 4 
164 382127.8698740501 6538775.033629167 0 1 4 
165 382127.8698740501 6539275.033629167 0 1 4 
166 382127.8698740501 6539775.033629167 0 1 4 
167 382127.8698740501 6540275.033629167 0 1 4 
168 382127.8698740501 6540775.033629167 0 1 4 
169 382127.8698740501 6541275.033629167 0 1 4 
170 382127.8698740501 6541775.033629167 0 1 4 
171 382127.8698740501 6542275.033629167 0 1 4 
172 382127.8698740501 6542775.033629167 0 1 4 
173 382127.8698740501 6543275.033629167 0 1 4 
174 382127.8698740501 6543775.033629167 0 1 4 
175 382127.8698740501 6544275.033629167 0 1 4 
176 382127.8698740501 6544775.033629167 0 1 4 
177 382127.8698740501 6545275.033629167 0 1 4 
178 382127.8698740501 6545775.033629167 0 1 4 
179 382127.8698740501 6546275.033629167 0 1 4 
180 382127.8698740501 6546775.033629167 0 1 4 
181 382127.8698740501 6547275.033629167 0 1 4 
182 382127.8698740501 6547775.033629167 0 1 4 
183 382627.8698740501 6535775.033629167 0 1 4 
184 382627.8698740501 6536275.033629167 0 1 4 
185 382627.8698740501 6536775.033629167 0 1 4 
186 382627.8698740501 6537275.033629167 0 1 4 
187 382627.8698740501 6537775.033629167 0 1 4 
188 382627.8698740501 6538275.033629167 0 1 4 
189 382627.8698740501 6538775.033629167 0 1 4 
190 382627.8698740501 6539275.033629167 0 1 4 
191 382627.8698740501 6539775.033629167 0 1 4 
192 382627.8698740501 6540275.033629167 0 1 4 
193 382627.8698740501 6540775.033629167 0 1 4 
194 382627.8698740501 6541275.033629167 0 1 4 
195 382627.8698740501 6541775.033629167 0 1 4 
196 382627.8698740501 6542275.033629167 0 1 4 
197 382627.8698740501 6542775.033629167 0 1 4 
198 382627.8698740501 6543275.033629167 0 1 4 
199 382627.8698740501 6543775.033629167 0 1 4 
200 382627.8698740501 6544275.033629167 0 1 4 
201 382627.8698740501 6544775.033629167 0 1 4 
202 382627.8698740501 6545275.033629167 0 1 4 
203 382627.8698740501 6545775.033629167 0 1 4 
204 382627.8698740501 6546275.033629167 0 1 4 
205 382627.8698740501 6546775.033629167 0 1 4 
206 382627.8698740501 6547275.033629167 0 1 4 
207 382627.8698740501 6547775.033629167 0 1 4 
208 383127.8698740501 6535275.033629167 0 1 4 
209 383127.8698740501 6535775.033629167 0 1 4 
210 383127.8698740501 6536275.033629167 0 1 4 
211 383127.8698740501 6536775.033629167 0 1 4 
212 383127.8698740501 6537275.033629167 0 1 4 
213 383127.8698740501 6537775.033629167 0 1 4 
214 383127.8698740501 6538275.033629167 0 1 4 
215 383127.8698740501 6538775.033629167 0 1 4 
216 383127.8698740501 6539275.033629167 0 1 4 
217 383127.8698740501 6539775.033629167 0 1 4 
218 383127.8698740501 6540275.033629167 0 1 4 
219 383127.8698740501 6540775.033629167 0 1 4 
220 383127.8698740501 6541275.033629167 0 1 4 
221 383127.8698740501 6541775.033629167 0 1 4 
222 383127.8698740501 6542275.033629167 0 1 4 
223 383127.8698740501 6542775.033629167 0 1 4 
224 383127.8698740501 6543275.033629167 0 1 4 
225 383127.8698740501 6543775.033629167 0 1 4 
226 383127.8698740501 6544275.033629167 0 1 4 
227 383127.8698740501 6544775.033629167 0 1 4 
228 383127.8698740501 6545275.033629167 0 1 4 
229 383127.8698740501 6545775.033629167 0 1 4 
230 383127.8698740501 6546275.033629167 0 1 4 
231 383127.8698740501 6546775.033629167 0 1 4 
232 383127.8698740501 6547275.033629167 0 1 4 
233 383127.8698740501 6547775.033629167 0 1 4 
234 383627.8698740501 6534775.033629167 0 1 4 
235 383627.8698740501 6535275.033629167 0 1 4 
236 383627.8698740501 6535775.033629167 0 1 4 
237 383627.8698740501 6536275.033629167 0 1 4 
238 383627.8698740501 6536775.033629167 0 1 4 
239 383627.8698740501 6537275.033629167 0 1 4 
240 383627.8698740501 6537775.033629167 0 1 4 
241 383627.8698740501 6538275.033629167 0 1 4 
242 383627.8698740501 6538775.033629167 0 1 4 
243 383627.8698740501 6539275.033629167 0 1 4 
244 383627.8698740501 6539775.033629167 0 1 4 
245 383627.8698740501 6540275.033629167 0 1 4 
246 383627.8698740501 6540775.033629167 0 1 4 
247 383627.8698740501 6541275.033629167 0 1 4 
248 383627.8698740501 6541775.033629167 0 1 4 
249 383627.8698740501 6542275.033629167 0 1 4 
250 383627.8698740501 6542775.033629167 0 1 4 
251 383627.8698740501 6543275.033629167 0 1 4 
252 383627.8698740501 6543775.033629167 0 1 4 
253 383627.8698740501 6544275.033629167 0 1 4 
254 383627.8698740501 6544775.033629167 0 1 4 
255 383627.8698740501 6545275.033629167 0 1 4 
256 383627.8698740501 6545775.033629167 0 1 4 
257 383627.8698740501 6546275.033629167 0 1 4 
258 383627.8698740501 6546775.033629167 0 1 4 
259 383627.8698740501 6547275.033629167 0 1 4 
260 383627.8698740501 6547775.033629167 0 1 4 
261 384127.8698740501 6533775.033629167 0 1 4 
262 384127.8698740501 6534275.033629167 0 1 4 
263 384127.8698740501 6534775.033629167 0 1 4 
264 384127.8698740501 6535275.033629167 0 1 4 
265 384127.8698740501 6535775.033629167 0 1 4 
266 384127.8698740501 6536275.033629167 0 1 4 
267 384127.8698740501 6536775.033629167 0 1 4 
268 384127.8698740501 6537275.033629167 0 1 4 
269 384127.8698740501 6537775.033629167 0 1 4 
270 384127.8698740501 6538275.033629167 0 1 4 
271 384127.8698740501 6538775.033629167 0 1 4 
272 384127.8698740501 6539275.033629167 0 1 4 
273 384127.8698740501 6539775.033629167 0 1 4 
274 384127.8698740501 6540275.033629167 0 1 4 
275 384127.8698740501 6540775.033629167 0 1 4 
276 384127.8698740501 6541275.033629167 0 1 4 
277 384127.8698740501 6541775.033629167 0 1 4 
278 384127.8698740501 6542275.033629167 0 1 4 
279 384127.8698740501 6542775.033629167 0 1 4 
280 384127.8698740501 6543275.033629167 0 1 4 
281 384127.8698740501 6543775.033629167 0 1 4 
282 384127.8698740501 6544275.033629167 0 1 4 
283 384127.8698740501 6544775.033629167 0 1 4 
284 384127.8698740501 6545275.033629167 0 1 4 
285 384127.8698740501 6545775.033629167 0 1 4 
286 384127.8698740501 6546275.033629167 0 1 4 
287 384127.8698740501 6546775.033629167 0 1 4 
288 384127.8698740501 6547275.033629167 0 1 4 
289 384127.8698740501 6547775.033629167 0 1 4 
290 384627.8698740501 6533275.033629167 0 1 4 
291 384627.8698740501 6533775.033629167 0 1 4 
292 384627.8698740501 6534275.033629167 0 1 4 
293 384627.8698740501 6534775.033629167 0 1 4 
294 384627.8698740501 6535275.033629167 0 1 4 
295 384627.8698740501 6535775.033629167 0 1 4 
296 384627.8698740501 6536275.033629167 0 1 4 
297 384627.8698740501 6536775.033629167 0 1 4 
298 384627.8698740501 6537275.033629167 0 1 4 
299 384627.8698740501 6537775.033629167 0 1 4 
300 384627.8698740501 6538275.033629167 0 1 4 
301 384627.8698740501 6538775.033629167 0 1 4 
302 384627.8698740501 6539275.033629167 0 1 4 
303 384627.8698740501 6539775.033629167 0 1 4 
304 384627.8698740501 6540275.033629167 0 1 4 
305 384627.8698740501 6540775.033629167 0 1 4 
306 384627.8698740501 6541275.033629167 0 1 4 
307 384627.8698740501 6541775.033629167 0 1 4 
308 384627.8698740501 6542275.033629167 0 1 4 
309 384627.8698740501 6542775.033629167 0 1 4 
310 384627.8698740501 6543275.033629167 0 1 4 
311 384627.8698740501 6543775.033629167 0 1 4 
312 384627.8698740501 6544275.033629167 0 1 4 
313 384627.8698740501 6544775.033629167 0 1 4 
314 384627.8698740501 6545275.033629167 0 1 4 
315 384627.8698740501 6545775.033629167 0 1 4 
316 384627.8698740501 6546275.033629167 0 1 4 
317 384627.8698740501 6546775.033629167 0 1 4 
318 384627.8698740501 6547275.033629167 0 1 4 
319 384627.8698740501 6547775.033629167 0 1 4 
320 385127.8698740501 6532775.033629167 0 1 4 
321 385127.8698740501 6533275.033629167 0 1 4 
322 385127.8698740501 6533775.033629167 0 1 4 
323 385127.8698740501 6534275.033629167 0 1 4 
324 385127.8698740501 6534775.033629167 0 1 4 
325 385127.8698740501 6535275.033629167 0 1 4 
326 385127.8698740501 6535775.033629167 0 1 4 
327 385127.8698740501 6536275.033629167 0 1 4 
328 385127.8698740501 6536775.033629167 0 1 4 
329 385127.8698740501 6537275.033629167 0 1 4 
330 385127.8698740501 6537775.033629167 0 1 4 
331 385127.8698740501 6538275.033629167 0 1 4 
332 385127.8698740501 6538775.033629167 0 1 4 
333 385127.8698740501 6539275.033629167 0 1 4 
334 385127.8698740501 6539775.033629167 0 1 4 
335 385127.8698740501 6540275.033629167 0 1 4 
336 385127.8698740501 6540775.033629167 0 1 4 
337 385127.8698740501 6541275.033629167 0 1 4 
338 385127.8698740501 6541775.033629167 0 1 4 
339 385627.8698740501 6532275.033629167 0 1 4 
340 385627.8698740501 6532775.033629167 0 1 4 
341 385627.8698740501 6533275.033629167 0 1 4 
342 385627.8698740501 6533775.033629167 0 1 4 
343 385627.8698740501 6534275.033629167 0 1 4 
344 385627.8698740501 6534775.033629167 0 1 4 
345 385627.8698740501 6535275.033629167 0 1 4 
346 385627.8698740501 6535775.033629167 0 1 4 
347 385627.8698740501 6536275.033629167 0 1 4 
348 385627.8698740501 6536775.033629167 0 1 4 
349 385627.8698740501 6537275.033629167 0 1 4 
350 385627.8698740501 6537775.033629167 0 1 4 
351 385627.8698740501 6538275.033629167 0 1 4 
352 385627.8698740501 6538775.033629167 0 1 4 
353 386127.8698740501 6531775.033629167 0 1 4 
354 386127.8698740501 6532275.033629167 0 1 4 
355 386127.8698740501 6532775.033629167 0 1 4 
356 386127.8698740501 6533275.033629167 0 1 4 
357 386127.8698740501 6533775.033629167 0 1 4 
358 386127.8698740501 6534275.033629167 0 1 4 
359 386127.8698740501 6534775.033629167 0 1 4 
360 386127.8698740501 6535275.033629167 0 1 4 
361 386127.8698740501 6535775.033629167 0 1 4 
362 386127.8698740501 6536275.033629167 0 1 4 
363 386627.8698740501 6531275.033629167 0 1 4 
364 386627.8698740501 6531775.033629167 0 1 4 
365 386627.8698740501 6532275.033629167 0 1 4 
366 386627.8698740501 6532775.033629167 0 1 4 
367 386627.8698740501 6533275.033629167 0 1 4 
368 386627.8698740501 6533775.033629167 0 1 4 
369 386627.8698740501 6534275.033629167 0 1 4 
370 386627.8698740501 6536775.033629167 0 1 4 
371 386627.8698740501 6537275.033629167 0 1 4 
372 387127.8698740501 6530275.033629167 0 1 4 
373 387127.8698740501 6530775.033629167 0 1 4 
374 387127.8698740501 6531275.033629167 0 1 4 
375 387127.8698740501 6534775.033629167 0 1 4 
376 387127.8698740501 6535275.033629167 0 1 4 
377 387127.8698740501 6535775.033629167 0 1 4 
378 387127.8698740501 6536275.033629167 0 1 4 
379 379678.1020764802 6528694.160719744 0 1 8 
380 377611.0687367792 6530627.127380043 0 1 8 
381 378111.0687367792 6529627.127380043 0 1 8 
382 378111.0687367792 6530127.127380043 0 1 8 
383 378111.0687367792 6530627.127380043 0 1 8 
384 378611.0687367792 6528627.127380043 0 1 8 
385 378611.0687367792 6529127.127380043 0 1 8 
386 378611.0687367792 6529627.127380043 0 1 8 
387 378611.0687367792 6530127.127380043 0 1 8 
388 379111.0687367792 6527627.127380043 0 1 8 
389 379111.0687367792 6528127.127380043 0 1 8 
390 379111.0687367792 6528627.127380043 0 1 8 
391 379111.0687367792 6529127.127380043 0 1 8 
392 379111.0687367792 6529627.127380043 0 1 8 
393 379611.0687367792 6527627.127380043 0 1 8 
394 379611.0687367792 6528127.127380043 0 1 8 
395 379611.0687367792 6528627.127380043 0 1 8 
396 379611.0687367792 6529127.127380043 0 1 8 
397 379611.0687367792 6529627.127380043 0 1 8 
398 380111.0687367792 6527627.127380043 0 1 8 
399 380111.0687367792 6528127.127380043 0 1 8 
400 380111.0687367792 6528627.127380043 0 1 8 
401 380111.0687367792 6529127.127380043 0 1 8 
402 380611.0687367792 6527627.127380043 0 1 8 
403 380611.0687367792 6528127.127380043 0 1 8 
404 380611.0687367792 6528627.127380043 0 1 8 
405 381111.0687367792 6527627.127380043 0 1 8 
406 381111.0687367792 6528127.127380043 0 1 8 
407 381611.0687367792 6527627.127380043 0 1 8 
408 382111.0687367792 6527627.127380043 0 1 8 
409 388578.870877301 6528519.993362698 0 1 6 
410 388496.3301693804 6528437.452654777 0 1 6 
411 388496.3301693804 6528937.452654777 0 1 6 
412 382869.3770862903 6529990.014219272 0 1 7 
413 381305.3438113105 6530925.980944293 0 1 7 
414 382805.3438113105 6529925.980944293 0 1 7 
415 383805.3438113105 6529425.980944293 0 1 7 
416 370412.9236269307 6527978.955148218 0 1 8 
417 370552.9505475743 6527618.982068862 0 1 8 
418 370552.9505475743 6528118.982068862 0 1 8 
419 375637.1655174615 6537702.64063543 0 1 8 
420 370364.3931194469 6542929.868237415 0 1 8 
421 370364.3931194469 6543429.868237415 0 1 8 
422 370364.3931194469 6543929.868237415 0 1 8 
423 370864.3931194469 6541929.868237415 0 1 8 
424 370864.3931194469 6542429.868237415 0 1 8 
425 370864.3931194469 6542929.868237415 0 1 8 
426 370864.3931194469 6543429.868237415 0 1 8 
427 371364.3931194469 6541429.868237415 0 1 8 
428 371364.3931194469 6541929.868237415 0 1 8 
429 371364.3931194469 6542429.868237415 0 1 8 
430 371364.3931194469 6542929.868237415 0 1 8 
431 371864.3931194469 6540929.868237415 0 1 8 
432 371864.3931194469 6541429.868237415 0 1 8 
433 371864.3931194469 6541929.868237415 0 1 8 
434 371864.3931194469 6542429.868237415 0 1 8 
435 372364.3931194469 6540429.868237415 0 1 8 
436 372364.3931194469 6540929.868237415 0 1 8 
437 372364.3931194469 6541429.868237415 0 1 8 
438 372364.3931194469 6541929.868237415 0 1 8 
439 372864.3931194469 6539429.868237415 0 1 8 
440 372864.3931194469 6539929.868237415 0 1 8 
441 372864.3931194469 6540429.868237415 0 1 8 
442 372864.3931194469 6540929.868237415 0 1 8 
443 372864.3931194469 6541429.868237415 0 1 8 
444 373364.3931194469 6538929.868237415 0 1 8 
445 373364.3931194469 6539429.868237415 0 1 8 
446 373364.3931194469 6539929.868237415 0 1 8 
447 373364.3931194469 6540429.868237415 0 1 8 
448 373364.3931194469 6540929.868237415 0 1 8 
449 373364.3931194469 6541429.868237415 0 1 8 
450 373864.3931194469 6537929.868237415 0 1 8 
451 373864.3931194469 6538429.868237415 0 1 8 
452 373864.3931194469 6538929.868237415 0 1 8 
453 373864.3931194469 6539429.868237415 0 1 8 
454 373864.3931194469 6539929.868237415 0 1 8 
455 373864.3931194469 6540429.868237415 0 1 8 
456 373864.3931194469 6540929.868237415 0 1 8 
457 374364.3931194469 6536929.868237415 0 1 8 
458 374364.3931194469 6537429.868237415 0 1 8 
459 374364.3931194469 6537929.868237415 0 1 8 
460 374364.3931194469 6538429.868237415 0 1 8 
461 374364.3931194469 6538929.868237415 0 1 8 
462 374364.3931194469 6539429.868237415 0 1 8 
463 374364.3931194469 6539929.868237415 0 1 8 
464 374364.3931194469 6540429.868237415 0 1 8 
465 374864.3931194469 6535929.868237415 0 1 8 
466 374864.3931194469 6536429.868237415 0 1 8 
467 374864.3931194469 6536929.868237415 0 1 8 
468 374864.3931194469 6537429.868237415 0 1 8 
469 374864.3931194469 6537929.868237415 0 1 8 
470 374864.3931194469 6538429.868237415 0 1 8 
471 374864.3931194469 6538929.868237415 0 1 8 
472 374864.3931194469 6539429.868237415 0 1 8 
473 374864.3931194469 6539929.868237415 0 1 8 
474 375364.3931194469 6535929.868237415 0 1 8 
475 375364.3931194469 6536429.868237415 0 1 8 
476 375364.3931194469 6536929.868237415 0 1 8 
477 375364.3931194469 6537429.868237415 0 1 8 
478 375364.3931194469 6537929.868237415 0 1 8 
479 375364.3931194469 6538429.868237415 0 1 8 
480 375364.3931194469 6538929.868237415 0 1 8 
481 375364.3931194469 6539429.868237415 0 1 8 
482 375864.3931194469 6535429.868237415 0 1 8 
483 375864.3931194469 6535929.868237415 0 1 8 
484 375864.3931194469 6536429.868237415 0 1 8 
485 375864.3931194469 6536929.868237415 0 1 8 
486 375864.3931194469 6537429.868237415 0 1 8 
487 375864.3931194469 6537929.868237415 0 1 8 
488 375864.3931194469 6538429.868237415 0 1 8 
489 375864.3931194469 6538929.868237415 0 1 8 
490 376364.3931194469 6534929.868237415 0 1 8 
491 376364.3931194469 6535429.868237415 0 1 8 
492 376364.3931194469 6535929.868237415 0 1 8 
493 376364.3931194469 6536429.868237415 0 1 8 
494 376364.3931194469 6536929.868237415 0 1 8 
495 376364.3931194469 6537429.868237415 0 1 8 
496 376364.3931194469 6537929.868237415 0 1 8 
497 376364.3931194469 6538429.868237415 0 1 8 
498 376364.3931194469 6538929.868237415 0 1 8 
499 376864.3931194469 6534929.868237415 0 1 8 
500 376864.3931194469 6535429.868237415 0 1 8 
501 376864.3931194469 6535929.868237415 0 1 8 
502 376864.3931194469 6536429.868237415 0 1 8 
503 376864.3931194469 6536929.868237415 0 1 8 
504 376864.3931194469 6537429.868237415 0 1 8 
505 376864.3931194469 6537929.868237415 0 1 8 
506 376864.3931194469 6538429.868237415 0 1 8 
507 377364.3931194469 6534929.868237415 0 1 8 
508 377364.3931194469 6535429.868237415 0 1 8 
509 377364.3931194469 6535929.868237415 0 1 8 
510 377364.3931194469 6536429.868237415 0 1 8 
511 377364.3931194469 6536929.868237415 0 1 8 
512 377364.3931194469 6537429.868237415 0 1 8 
513 377364.3931194469 6537929.868237415 0 1 8 
514 377864.3931194469 6533929.868237415 0 1 8 
515 377864.3931194469 6534429.868237415 0 1 8 
516 377864.3931194469 6534929.868237415 0 1 8 
517 377864.3931194469 6535429.868237415 0 1 8 
518 377864.3931194469 6535929.868237415 0 1 8 
519 377864.3931194469 6536429.868237415 0 1 8 
520 377864.3931194469 6536929.868237415 0 1 8 
521 378364.3931194469 6533429.868237415 0 1 8 
522 378364.3931194469 6533929.868237415 0 1 8 
523 378364.3931194469 6534429.868237415 0 1 8 
524 378364.3931194469 6534929.868237415 0 1 8 
525 378364.3931194469 6535429.868237415 0 1 8 
526 378364.3931194469 6535929.868237415 0 1 8 
527 378364.3931194469 6536429.868237415 0 1 8 
528 378864.3931194469 6533429.868237415 0 1 8 
529 378864.3931194469 6533929.868237415 0 1 8 
530 378864.3931194469 6534429.868237415 0 1 8 
531 378864.3931194469 6534929.868237415 0 1 8 
532 378864.3931194469 6535429.868237415 0 1 8 
533 379364.3931194469 6532929.868237415 0 1 8 
534 379364.3931194469 6533429.868237415 0 1 8 
535 379364.3931194469 6533929.868237415 0 1 8 
536 379364.3931194469 6534429.868237415 0 1 8 
537 379864.3931194469 6532929.868237415 0 1 8 
538 379864.3931194469 6533429.868237415 0 1 8 
539 379864.3931194469 6533929.868237415 0 1 8 
540 380364.3931194469 6532429.868237415 0 1 8 
541 380364.3931194469 6532929.868237415 0 1 8 
542 380364.3931194469 6533429.868237415 0 1 8 
543 380364.3931194469 6533929.868237415 0 1 8 
544 380864.3931194469 6532429.868237415 0 1 8 
545 380864.3931194469 6532929.868237415 0 1 8 
546 380864.3931194469 6533429.868237415 0 1 8 
547 381364.3931194469 6531929.868237415 0 1 8 
548 381364.3931194469 6532429.868237415 0 1 8 
549 386900.9742626552 6546734.884125902 0 1 6 
550 385246.0686162887 6546579.978479535 0 1 6 
551 385246.0686162887 6547079.978479535 0 1 6 
552 385246.0686162887 6547579.978479535 0 1 6 
553 385746.0686162887 6546079.978479535 0 1 6 
554 385746.0686162887 6546579.978479535 0 1 6 
555 385746.0686162887 6547079.978479535 0 1 6 
556 385746.0686162887 6547579.978479535 0 1 6 
557 386246.0686162887 6546079.978479535 0 1 6 
558 386246.0686162887 6546579.978479535 0 1 6 
559 386246.0686162887 6547079.978479535 0 1 6 
560 386246.0686162887 6547579.978479535 0 1 6 
561 386746.0686162887 6545579.978479535 0 1 6 
562 386746.0686162887 6546079.978479535 0 1 6 
563 386746.0686162887 6546579.978479535 0 1 6 
564 386746.0686162887 6547079.978479535 0 1 6 
565 386746.0686162887 6547579.978479535 0 1 6 
566 387246.0686162887 6545579.978479535 0 1 6 
567 387246.0686162887 6546079.978479535 0 1 6 
568 387246.0686162887 6546579.978479535 0 1 6 
569 387246.0686162887 6547079.978479535 0 1 6 
570 387246.0686162887 6547579.978479535 0 1 6 
571 387746.0686162887 6545579.978479535 0 1 6 
572 387746.0686162887 6546079.978479535 0 1 6 
573 387746.0686162887 6546579.978479535 0 1 6 
574 387746.0686162887 6547079.978479535 0 1 6 
575 387746.0686162887 6547579.978479535 0 1 6 
576 388246.0686162887 6545579.978479535 0 1 6 
577 388246.0686162887 6546079.978479535 0 1 6 
578 388246.0686162887 6546579.978479535 0 1 6 
579 388246.0686162887 6547079.978479535 0 1 6 
580 388246.0686162887 6547579.978479535 0 1 6 
581 387028.630618888 6542455.493160577 0 1 3 
582 386016.2718111855 6541443.134352874 0 1 3 
583 386016.2718111855 6541943.134352874 0 1 3 
584 386016.2718111855 6542443.134352874 0 1 3 
585 386016.2718111855 6542943.134352874 0 1 3 
586 386016.2718111855 6543443.134352874 0 1 3 
587 386016.2718111855 6543943.134352874 0 1 3 
588 386016.2718111855 6544443.134352874 0 1 3 
589 386016.2718111855 6544943.134352874 0 1 3 
590 386016.2718111855 6545443.134352874 0 1 3 
591 386516.2718111855 6539443.134352874 0 1 3 
592 386516.2718111855 6539943.134352874 0 1 3 
593 386516.2718111855 6540443.134352874 0 1 3 
594 386516.2718111855 6540943.134352874 0 1 3 
595 386516.2718111855 6541443.134352874 0 1 3 
596 386516.2718111855 6541943.134352874 0 1 3 
597 386516.2718111855 6542443.134352874 0 1 3 
598 386516.2718111855 6542943.134352874 0 1 3 
599 386516.2718111855 6543443.134352874 0 1 3 
600 386516.2718111855 6543943.134352874 0 1 3 
601 386516.2718111855 6544443.134352874 0 1 3 
602 386516.2718111855 6544943.134352874 0 1 3 
603 387016.2718111855 6538443.134352874 0 1 3 
604 387016.2718111855 6538943.134352874 0 1 3 
605 387016.2718111855 6539443.134352874 0 1 3 
606 387016.2718111855 6539943.134352874 0 1 3 
607 387016.2718111855 6540443.134352874 0 1 3 
608 387016.2718111855 6540943.134352874 0 1 3 
609 387016.2718111855 6541443.134352874 0 1 3 
610 387016.2718111855 6541943.134352874 0 1 3 
611 387016.2718111855 6542443.134352874 0 1 3 
612 387016.2718111855 6542943.134352874 0 1 3 
613 387016.2718111855 6543443.134352874 0 1 3 
614 387016.2718111855 6543943.134352874 0 1 3 
615 387016.2718111855 6544443.134352874 0 1 3 
616 387016.2718111855 6544943.134352874 0 1 3 
617 387516.2718111855 6537943.134352874 0 1 3 
618 387516.2718111855 6538443.134352874 0 1 3 
619 387516.2718111855 6538943.134352874 0 1 3 
620 387516.2718111855 6539443.134352874 0 1 3 
621 387516.2718111855 6539943.134352874 0 1 3 
622 387516.2718111855 6540443.134352874 0 1 3 
623 387516.2718111855 6542443.134352874 0 1 3 
624 387516.2718111855 6542943.134352874 0 1 3 
625 387516.2718111855 6543443.134352874 0 1 3 
626 387516.2718111855 6543943.134352874 0 1 3 
627 387516.2718111855 6544443.134352874 0 1 3 
628 387516.2718111855 6544943.134352874 0 1 3 
629 388016.2718111855 6543443.134352874 0 1 3 
630 388016.2718111855 6543943.134352874 0 1 3 
631 388016.2718111855 6544443.134352874 0 1 3 
632 388016.2718111855 6544943.134352874 0 1 3 
633 388516.2718111855 6543443.134352874 0 1 3 
634 388516.2718111855 6543943.134352874 0 1 3 
635 388516.2718111855 6544443.134352874 0 1 3 
636 388516.2718111855 6544943.134352874 0 1 3 
637 388456.0809809468 6537490.220552141 0 1 3 
638 388579.5493383532 6537613.688909547 0 1 3 
639 379548.8255339413 6534979.680823635 0 1 3 
640 370333.4806303586 6544264.335920053 0 1 3 
641 370333.4806303586 6544764.335920053 0 1 3 
642 370333.4806303586 6545264.335920053 0 1 3 
643 370333.4806303586 6545764.335920053 0 1 3 
644 370333.4806303586 6546264.335920053 0 1 3 
645 370333.4806303586 6546764.335920053 0 1 3 
646 370333.4806303586 6547264.335920053 0 1 3 
647 370833.4806303586 6543764.335920053 0 1 3 
648 370833.4806303586 6544264.335920053 0 1 3 
649 370833.4806303586 6544764.335920053 0 1 3 
650 370833.4806303586 6545264.335920053 0 1 3 
651 370833.4806303586 6545764.335920053 0 1 3 
652 370833.4806303586 6546264.335920053 0 1 3 
653 370833.4806303586 6546764.335920053 0 1 3 
654 371333.4806303586 6543264.335920053 0 1 3 
655 371333.4806303586 6543764.335920053 0 1 3 
656 371333.4806303586 6544264.335920053 0 1 3 
657 371333.4806303586 6544764.335920053 0 1 3 
658 371333.4806303586 6545264.335920053 0 1 3 
659 371333.4806303586 6545764.335920053 0 1 3 
660 371333.4806303586 6546264.335920053 0 1 3 
661 371833.4806303586 6543264.335920053 0 1 3 
662 371833.4806303586 6543764.335920053 0 1 3 
663 371833.4806303586 6544264.335920053 0 1 3 
664 371833.4806303586 6544764.335920053 0 1 3 
665 371833.4806303586 6545264.335920053 0 1 3 
666 371833.4806303586 6545764.335920053 0 1 3 
667 371833.4806303586 6546264.335920053 0 1 3 
668 372333.4806303586 6542764.335920053 0 1 3 
669 372333.4806303586 6543264.335920053 0 1 3 
670 372333.4806303586 6543764.335920053 0 1 3 
671 372333.4806303586 6544264.335920053 0 1 3 
672 372333.4806303586 6544764.335920053 0 1 3 
673 372333.4806303586 6545264.335920053 0 1 3 
674 372333.4806303586 6545764.335920053 0 1 3 
675 372333.4806303586 6546264.335920053 0 1 3 
676 372833.4806303586 6542264.335920053 0 1 3 
677 372833.4806303586 6542764.335920053 0 1 3 
678 372833.4806303586 6543264.335920053 0 1 3 
679 372833.4806303586 6543764.335920053 0 1 3 
680 372833.4806303586 6544264.335920053 0 1 3 
681 372833.4806303586 6544764.335920053 0 1 3 
682 372833.4806303586 6545264.335920053 0 1 3 
683 372833.4806303586 6545764.335920053 0 1 3 
684 373333.4806303586 6541764.335920053 0 1 3 
685 373333.4806303586 6542264.335920053 0 1 3 
686 373333.4806303586 6542764.335920053 0 1 3 
687 373333.4806303586 6543264.335920053 0 1 3 
688 373333.4806303586 6543764.335920053 0 1 3 
689 373333.4806303586 6544264.335920053 0 1 3 
690 373333.4806303586 6544764.335920053 0 1 3 
691 373833.4806303586 6541264.335920053 0 1 3 
692 373833.4806303586 6541764.335920053 0 1 3 
693 373833.4806303586 6542264.335920053 0 1 3 
694 373833.4806303586 6542764.335920053 0 1 3 
695 373833.4806303586 6543264.335920053 0 1 3 
696 373833.4806303586 6543764.335920053 0 1 3 
697 373833.4806303586 6544264.335920053 0 1 3 
698 374333.4806303586 6540764.335920053 0 1 3 
699 374333.4806303586 6541264.335920053 0 1 3 
700 374333.4806303586 6541764.335920053 0 1 3 
701 374333.4806303586 6542264.335920053 0 1 3 
702 374333.4806303586 6542764.335920053 0 1 3 
703 374333.4806303586 6543264.335920053 0 1 3 
704 374333.4806303586 6543764.335920053 0 1 3 
705 374333.4806303586 6544264.335920053 0 1 3 
706 374833.4806303586 6540764.335920053 0 1 3 
707 374833.4806303586 6541264.335920053 0 1 3 
708 374833.4806303586 6541764.335920053 0 1 3 
709 374833.4806303586 6542264.335920053 0 1 3 
710 374833.4806303586 6542764.335920053 0 1 3 
711 374833.4806303586 6543264.335920053 0 1 3 
712 374833.4806303586 6543764.335920053 0 1 3 
713 375333.4806303586 6535264.335920053 0 1 3 
714 375333.4806303586 6540264.335920053 0 1 3 
715 375333.4806303586 6540764.335920053 0 1 3 
716 375333.4806303586 6541264.335920053 0 1 3 
717 375333.4806303586 6541764.335920053 0 1 3 
718 375333.4806303586 6542264.335920053 0 1 3 
719 375333.4806303586 6542764.335920053 0 1 3 
720 375833.4806303586 6534264.335920053 0 1 3 
721 375833.4806303586 6534764.335920053 0 1 3 
722 375833.4806303586 6539764.335920053 0 1 3 
723 375833.4806303586 6540264.335920053 0 1 3 
724 375833.4806303586 6540764.335920053 0 1 3 
725 375833.4806303586 6541264.335920053 0 1 3 
726 375833.4806303586 6541764.335920053 0 1 3 
727 376333.4806303586 6533264.335920053 0 1 3 
728 376333.4806303586 6533764.335920053 0 1 3 
729 376333.4806303586 6534264.335920053 0 1 3 
730 376333.4806303586 6534764.335920053 0 1 3 
731 376333.4806303586 6539264.335920053 0 1 3 
732 376333.4806303586 6539764.335920053 0 1 3 
733 376333.4806303586 6540264.335920053 0 1 3 
734 376333.4806303586 6540764.335920053 0 1 3 
735 376833.4806303586 6532264.335920053 0 1 3 
736 376833.4806303586 6532764.335920053 0 1 3 
737 376833.4806303586 6533264.335920053 0 1 3 
738 376833.4806303586 6533764.335920053 0 1 3 
739 376833.4806303586 6534264.335920053 0 1 3 
740 376833.4806303586 6538764.335920053 0 1 3 
741 376833.4806303586 6539264.335920053 0 1 3 
742 376833.4806303586 6539764.335920053 0 1 3 
743 377333.4806303586 6531764.335920053 0 1 3 
744 377333.4806303586 6532264.335920053 0 1 3 
745 377333.4806303586 6532764.335920053 0 1 3 
746 377333.4806303586 6533264.335920053 0 1 3 
747 377333.4806303586 6533764.335920053 0 1 3 
748 377333.4806303586 6534264.335920053 0 1 3 
749 377333.4806303586 6538264.335920053 0 1 3 
750 377333.4806303586 6538764.335920053 0 1 3 
751 377833.4806303586 6531264.335920053 0 1 3 
752 377833.4806303586 6531764.335920053 0 1 3 
753 377833.4806303586 6532264.335920053 0 1 3 
754 377833.4806303586 6532764.335920053 0 1 3 
755 377833.4806303586 6533264.335920053 0 1 3 
756 377833.4806303586 6537764.335920053 0 1 3 
757 377833.4806303586 6538264.335920053 0 1 3 
758 378333.4806303586 6530764.335920053 0 1 3 
759 378333.4806303586 6531264.335920053 0 1 3 
760 378333.4806303586 6531764.335920053 0 1 3 
761 378333.4806303586 6532264.335920053 0 1 3 
762 378333.4806303586 6532764.335920053 0 1 3 
763 378333.4806303586 6533264.335920053 0 1 3 
764 378333.4806303586 6536764.335920053 0 1 3 
765 378333.4806303586 6537264.335920053 0 1 3 
766 378833.4806303586 6530264.335920053 0 1 3 
767 378833.4806303586 6530764.335920053 0 1 3 
768 378833.4806303586 6531264.335920053 0 1 3 
769 378833.4806303586 6531764.335920053 0 1 3 
770 378833.4806303586 6532264.335920053 0 1 3 
771 378833.4806303586 6535764.335920053 0 1 3 
772 378833.4806303586 6536264.335920053 0 1 3 
773 379333.4806303586 6530264.335920053 0 1 3 
774 379333.4806303586 6530764.335920053 0 1 3 
775 379333.4806303586 6531264.335920053 0 1 3 
776 379333.4806303586 6531764.335920053 0 1 3 
777 379333.4806303586 6532264.335920053 0 1 3 
778 379333.4806303586 6532764.335920053 0 1 3 
779 379333.4806303586 6535264.335920053 0 1 3 
780 379333.4806303586 6535764.335920053 0 1 3 
781 379333.4806303586 6536264.335920053 0 1 3 
782 379833.4806303586 6529764.335920053 0 1 3 
783 379833.4806303586 6530264.335920053 0 1 3 
784 379833.4806303586 6530764.335920053 0 1 3 
785 379833.4806303586 6531264.335920053 0 1 3 
786 379833.4806303586 6531764.335920053 0 1 3 
787 379833.4806303586 6534764.335920053 0 1 3 
788 379833.4806303586 6535264.335920053 0 1 3 
789 379833.4806303586 6535764.335920053 0 1 3 
790 379833.4806303586 6536264.335920053 0 1 3 
791 379833.4806303586 6536764.335920053 0 1 3 
792 380333.4806303586 6529764.335920053 0 1 3 
793 380333.4806303586 6530264.335920053 0 1 3 
794 380333.4806303586 6530764.335920053 0 1 3 
795 380333.4806303586 6531264.335920053 0 1 3 
796 380333.4806303586 6532264.335920053 0 1 3 
797 380333.4806303586 6534264.335920053 0 1 3 
798 380333.4806303586 6534764.335920053 0 1 3 
799 380333.4806303586 6535264.335920053 0 1 3 
800 380333.4806303586 6535764.335920053 0 1 3 
801 380333.4806303586 6536264.335920053 0 1 3 
802 380833.4806303586 6529264.335920053 0 1 3 
803 380833.4806303586 6529764.335920053 0 1 3 
804 380833.4806303586 6530264.335920053 0 1 3 
805 380833.4806303586 6530764.335920053 0 1 3 
806 380833.4806303586 6531264.335920053 0 1 3 
807 380833.4806303586 6531764.335920053 0 1 3 
808 380833.4806303586 6533764.335920053 0 1 3 
809 380833.4806303586 6534264.335920053 0 1 3 
810 380833.4806303586 6534764.335920053 0 1 3 
811 380833.4806303586 6535264.335920053 0 1 3 
812 380833.4806303586 6535764.335920053 0 1 3 
813 381333.4806303586 6528264.335920053 0 1 3 
814 381333.4806303586 6528764.335920053 0 1 3 
815 381333.4806303586 6529264.335920053 0 1 3 
816 381333.4806303586 6529764.335920053 0 1 3 
817 381333.4806303586 6530264.335920053 0 1 3 
818 381333.4806303586 6530764.335920053 0 1 3 
819 381333.4806303586 6532764.335920053 0 1 3 
820 381333.4806303586 6533264.335920053 0 1 3 
821 381333.4806303586 6533764.335920053 0 1 3 
822 381333.4806303586 6534264.335920053 0 1 3 
823 381333.4806303586 6534764.335920053 0 1 3 
824 381333.4806303586 6535264.335920053 0 1 3 
825 381833.4806303586 6528264.335920053 0 1 3 
826 381833.4806303586 6528764.335920053 0 1 3 
827 381833.4806303586 6529264.335920053 0 1 3 
828 381833.4806303586 6529764.335920053 0 1 3 
829 381833.4806303586 6530264.335920053 0 1 3 
830 381833.4806303586 6531264.335920053 0 1 3 
831 381833.4806303586 6531764.335920053 0 1 3 
832 381833.4806303586 6532264.335920053 0 1 3 
833 381833.4806303586 6532764.335920053 0 1 3 
834 381833.4806303586 6533264.335920053 0 1 3 
835 381833.4806303586 6533764.335920053 0 1 3 
836 381833.4806303586 6534264.335920053 0 1 3 
837 381833.4806303586 6534764.335920053 0 1 3 
838 382333.4806303586 6527764.335920053 0 1 3 
839 382333.4806303586 6528264.335920053 0 1 3 
840 382333.4806303586 6528764.335920053 0 1 3 
841 382333.4806303586 6529264.335920053 0 1 3 
842 382333.4806303586 6529764.335920053 0 1 3 
843 382333.4806303586 6530764.335920053 0 1 3 
844 382333.4806303586 6531264.335920053 0 1 3 
845 382333.4806303586 6531764.335920053 0 1 3 
846 382333.4806303586 6532264.335920053 0 1 3 
847 382333.4806303586 6532764.335920053 0 1 3 
848 382333.4806303586 6533264.335920053 0 1 3 
849 382333.4806303586 6533764.335920053 0 1 3 
850 382333.4806303586 6534264.335920053 0 1 3 
851 382833.4806303586 6527764.335920053 0 1 3 
852 382833.4806303586 6528264.335920053 0 1 3 
853 382833.4806303586 6528764.335920053 0 1 3 
854 382833.4806303586 6529264.335920053 0 1 3 
855 382833.4806303586 6529764.335920053 0 1 3 
856 382833.4806303586 6530264.335920053 0 1 3 
857 382833.4806303586 6530764.335920053 0 1 3 
858 382833.4806303586 6531264.335920053 0 1 3 
859 382833.4806303586 6531764.335920053 0 1 3 
860 382833.4806303586 6532264.335920053 0 1 3 
861 382833.4806303586 6532764.335920053 0 1 3 
862 382833.4806303586 6533264.335920053 0 1 3 
863 382833.4806303586 6533764.335920053 0 1 3 
864 383333.4806303586 6527764.335920053 0 1 3 
865 383333.4806303586 6528264.335920053 0 1 3 
866 383333.4806303586 6528764.335920053 0 1 3 
867 383333.4806303586 6529264.335920053 0 1 3 
868 383333.4806303586 6530264.335920053 0 1 3 
869 383333.4806303586 6530764.335920053 0 1 3 
870 383333.4806303586 6531264.335920053 0 1 3 
871 383333.4806303586 6531764.335920053 0 1 3 
872 383333.4806303586 6532764.335920053 0 1 3 
873 383333.4806303586 6533264.335920053 0 1 3 
874 383833.4806303586 6527764.335920053 0 1 3 
875 383833.4806303586 6528264.335920053 0 1 3 
876 383833.4806303586 6528764.335920053 0 1 3 
877 383833.4806303586 6529264.335920053 0 1 3 
878 383833.4806303586 6529764.335920053 0 1 3 
879 383833.4806303586 6530264.335920053 0 1 3 
880 383833.4806303586 6530764.335920053 0 1 3 
881 383833.4806303586 6531264.335920053 0 1 3 
882 383833.4806303586 6531764.335920053 0 1 3 
883 383833.4806303586 6532264.335920053 0 1 3 
884 383833.4806303586 6532764.335920053 0 1 3 
885 384333.4806303586 6527764.335920053 0 1 3 
886 384333.4806303586 6528264.335920053 0 1 3 
887 384333.4806303586 6528764.335920053 0 1 3 
888 384333.4806303586 6529764.335920053 0 1 3 
889 384333.4806303586 6530264.335920053 0 1 3 
890 384333.4806303586 6530764.335920053 0 1 3 
891 384333.4806303586 6531264.335920053 0 1 3 
892 384333.4806303586 6531764.335920053 0 1 3 
893 384333.4806303586 6532264.335920053 0 1 3 
894 384333.4806303586 6532764.335920053 0 1 3 
895 384833.4806303586 6527764.335920053 0 1 3 
896 384833.4806303586 6528264.335920053 0 1 3 
897 384833.4806303586 6528764.335920053 0 1 3 
898 384833.4806303586 6529264.335920053 0 1 3 
899 384833.4806303586 6530264.335920053 0 1 3 
900 384833.4806303586 6530764.335920053 0 1 3 
901 384833.4806303586 6531264.335920053 0 1 3 
902 384833.4806303586 6531764.335920053 0 1 3 
903 384833.4806303586 6532264.335920053 0 1 3 
904 385333.4806303586 6527764.335920053 0 1 3 
905 385333.4806303586 6528264.335920053 0 1 3 
906 385333.4806303586 6528764.335920053 0 1 3 
907 385333.4806303586 6531764.335920053 0 1 3 
908 385833.4806303586 6529264.335920053 0 1 3 
909 385833.4806303586 6529764.335920053 0 1 3 
910 385833.4806303586 6530264.335920053 0 1 3 
911 385833.4806303586 6530764.335920053 0 1 3 
912 385833.4806303586 6531264.335920053 0 1 3 
913 385833.4806303586 6531764.335920053 0 1 3 
914 386333.4806303586 6527764.335920053 0 1 3 
915 386333.4806303586 6528764.335920053 0 1 3 
916 386333.4806303586 6529264.335920053 0 1 3 
917 386333.4806303586 6529764.335920053 0 1 3 
918 386333.4806303586 6530264.335920053 0 1 3 
919 386333.4806303586 6530764.335920053 0 1 3 
920 386833.4806303586 6527764.335920053 0 1 3 
921 386833.4806303586 6528264.335920053 0 1 3 
922 386833.4806303586 6528764.335920053 0 1 3 
923 386833.4806303586 6529264.335920053 0 1 3 
924 386833.4806303586 6529764.335920053 0 1 3 
925 386833.4806303586 6530264.335920053 0 1 3 
926 387333.4806303586 6527764.335920053 0 1 3 
927 387333.4806303586 6528264.335920053 0 1 3 
928 387333.4806303586 6528764.335920053 0 1 3 
929 387333.4806303586 6529264.335920053 0 1 3 
930 387333.4806303586 6529764.335920053 0 1 3 
931 387833.4806303586 6527764.335920053 0 1 3 
932 387833.4806303586 6528264.335920053 0 1 3 
933 387833.4806303586 6528764.335920053 0 1 3 
934 387833.4806303586 6529264.335920053 0 1 3 
935 387833.4806303586 6529764.335920053 0 1 3 
936 387833.4806303586 6530264.335920053 0 1 3 
937 387833.4806303586 6530764.335920053 0 1 3 
938 387833.4806303586 6531264.335920053 0 1 3 
939 387833.4806303586 6531764.335920053 0 1 3 
940 388333.4806303586 6527764.335920053 0 1 3 
941 388333.4806303586 6528264.335920053 0 1 3 
942 388333.4806303586 6528764.335920053 0 1 3 
943 388333.4806303586 6529264.335920053 0 1 3 
944 388333.4806303586 6529764.335920053 0 1 3 
945 388333.4806303586 6530264.335920053 0 1 3 
946 388333.4806303586 6530764.335920053 0 1 3 
947 388333.4806303586 6531264.335920053 0 1 3 
948 373313.6926070558 6532930.801632056 0 1 5 
949 370342.204758991 6529959.313783991 0 1 5 
950 370342.204758991 6530459.313783991 0 1 5 
951 370342.204758991 6530959.313783991 0 1 5 
952 370342.204758991 6531459.313783991 0 1 5 
953 370342.204758991 6531959.313783991 0 1 5 
954 370342.204758991 6532459.313783991 0 1 5 
955 370342.204758991 6532959.313783991 0 1 5 
956 370342.204758991 6533459.313783991 0 1 5 
957 370342.204758991 6533959.313783991 0 1 5 
958 370342.204758991 6534459.313783991 0 1 5 
959 370342.204758991 6534959.313783991 0 1 5 
960 370342.204758991 6535459.313783991 0 1 5 
961 370342.204758991 6535959.313783991 0 1 5 
962 370342.204758991 6536459.313783991 0 1 5 
963 370342.204758991 6536959.313783991 0 1 5 
964 370342.204758991 6537459.313783991 0 1 5 
965 370342.204758991 6537959.313783991 0 1 5 
966 370342.204758991 6538459.313783991 0 1 5 
967 370342.204758991 6538959.313783991 0 1 5 
968 370342.204758991 6539459.313783991 0 1 5 
969 370342.204758991 6539959.313783991 0 1 5 
970 370342.204758991 6540459.313783991 0 1 5 
971 370342.204758991 6540959.313783991 0 1 5 
972 370342.204758991 6541459.313783991 0 1 5 
973 370342.204758991 6541959.313783991 0 1 5 
974 370342.204758991 6542459.313783991 0 1 5 
975 370842.204758991 6529459.313783991 0 1 5 
976 370842.204758991 6529959.313783991 0 1 5 
977 370842.204758991 6530459.313783991 0 1 5 
978 370842.204758991 6530959.313783991 0 1 5 
979 370842.204758991 6531459.313783991 0 1 5 
980 370842.204758991 6531959.313783991 0 1 5 
981 370842.204758991 6532459.313783991 0 1 5 
982 370842.204758991 6532959.313783991 0 1 5 
983 370842.204758991 6533459.313783991 0 1 5 
984 370842.204758991 6533959.313783991 0 1 5 
985 370842.204758991 6534459.313783991 0 1 5 
986 370842.204758991 6534959.313783991 0 1 5 
987 370842.204758991 6535459.313783991 0 1 5 
988 370842.204758991 6535959.313783991 0 1 5 
989 370842.204758991 6536459.313783991 0 1 5 
990 370842.204758991 6536959.313783991 0 1 5 
991 370842.204758991 6537459.313783991 0 1 5 
992 370842.204758991 6537959.313783991 0 1 5 
993 370842.204758991 6538459.313783991 0 1 5 
994 370842.204758991 6538959.313783991 0 1 5 
995 370842.204758991 6539459.313783991 0 1 5 
996 370842.204758991 6539959.313783991 0 1 5 
997 370842.204758991 6540459.313783991 0 1 5 
998 370842.204758991 6540959.313783991 0 1 5 
999 370842.204758991 6541459.313783991 0 1 5 
1000 371342.204758991 6528459.313783991 0 1 5 
1001 371342.204758991 6528959.313783991 0 1 5 
1002 371342.204758991 6529459.313783991 0 1 5 
1003 371342.204758991 6529959.313783991 0 1 5 
1004 371342.204758991 6530459.313783991 0 1 5 
1005 371342.204758991 6530959.313783991 0 1 5 
1006 371342.204758991 6531459.313783991 0 1 5 
1007 371342.204758991 6531959.313783991 0 1 5 
1008 371342.204758991 6532459.313783991 0 1 5 
1009 371342.204758991 6532959.313783991 0 1 5 
1010 371342.204758991 6533459.313783991 0 1 5 
1011 371342.204758991 6533959.313783991 0 1 5 
1012 371342.204758991 6534459.313783991 0 1 5 
1013 371342.204758991 6534959.313783991 0 1 5 
1014 371342.204758991 6535459.313783991 0 1 5 
1015 371342.204758991 6535959.313783991 0 1 5 
1016 371342.204758991 6536459.313783991 0 1 5 
1017 371342.204758991 6536959.313783991 0 1 5 
1018 371342.204758991 6537459.313783991 0 1 5 
1019 371342.204758991 6537959.313783991 0 1 5 
1020 371342.204758991 6538459.313783991 0 1 5 
1021 371342.204758991 6538959.313783991 0 1 5 
1022 371342.204758991 6539459.313783991 0 1 5 
1023 371342.204758991 6539959.313783991 0 1 5 
1024 371342.204758991 6540459.313783991 0 1 5 
1025 371342.204758991 6540959.313783991 0 1 5 
1026 371842.204758991 6527459.313783991 0 1 5 
1027 371842.204758991 6527959.313783991 0 1 5 
1028 371842.204758991 6528459.313783991 0 1 5 
1029 371842.204758991 6528959.313783991 0 1 5 
1030 371842.204758991 6529459.313783991 0 1 5 
1031 371842.204758991 6529959.313783991 0 1 5 
1032 371842.204758991 6530459.313783991 0 1 5 
1033 371842.204758991 6530959.313783991 0 1 5 
1034 371842.204758991 6531459.313783991 0 1 5 
1035 371842.204758991 6531959.313783991 0 1 5 
1036 371842.204758991 6532459.313783991 0 1 5 
1037 371842.204758991 6532959.313783991 0 1 5 
1038 371842.204758991 6533459.313783991 0 1 5 
1039 371842.204758991 6533959.313783991 0 1 5 
1040 371842.204758991 6534459.313783991 0 1 5 
1041 371842.204758991 6534959.313783991 0 1 5 
1042 371842.204758991 6535459.313783991 0 1 5 
1043 371842.204758991 6535959.313783991 0 1 5 
1044 371842.204758991 6536459.313783991 0 1 5 
1045 371842.204758991 6536959.313783991 0 1 5 
1046 371842.204758991 6537459.313783991 0 1 5 
1047 371842.204758991 6537959.313783991 0 1 5 
1048 371842.204758991 6538459.313783991 0 1 5 
1049 371842.204758991 6538959.313783991 0 1 5 
1050 371842.204758991 6539459.313783991 0 1 5 
1051 371842.204758991 6539959.313783991 0 1 5 
1052 371842.204758991 6540459.313783991 0 1 5 
1053 372342.204758991 6527459.313783991 0 1 5 
1054 372342.204758991 6527959.313783991 0 1 5 
1055 372342.204758991 6528459.313783991 0 1 5 
1056 372342.204758991 6528959.313783991 0 1 5 
1057 372342.204758991 6529459.313783991 0 1 5 
1058 372342.204758991 6529959.313783991 0 1 5 
1059 372342.204758991 6530459.313783991 0 1 5 
1060 372342.204758991 6530959.313783991 0 1 5 
1061 372342.204758991 6531459.313783991 0 1 5 
1062 372342.204758991 6531959.313783991 0 1 5 
1063 372342.204758991 6532459.313783991 0 1 5 
1064 372342.204758991 6532959.313783991 0 1 5 
1065 372342.204758991 6533459.313783991 0 1 5 
1066 372342.204758991 6533959.313783991 0 1 5 
1067 372342.204758991 6534459.313783991 0 1 5 
1068 372342.204758991 6534959.313783991 0 1 5 
1069 372342.204758991 6535459.313783991 0 1 5 
1070 372342.204758991 6535959.313783991 0 1 5 
1071 372342.204758991 6536459.313783991 0 1 5 
1072 372342.204758991 6536959.313783991 0 1 5 
1073 372342.204758991 6537459.313783991 0 1 5 
1074 372342.204758991 6537959.313783991 0 1 5 
1075 372342.204758991 6538459.313783991 0 1 5 
1076 372342.204758991 6538959.313783991 0 1 5 
1077 372342.204758991 6539459.313783991 0 1 5 
1078 372342.204758991 6539959.313783991 0 1 5 
1079 372842.204758991 6527459.313783991 0 1 5 
1080 372842.204758991 6527959.313783991 0 1 5 
1081 372842.204758991 6528459.313783991 0 1 5 
1082 372842.204758991 6528959.313783991 0 1 5 
1083 372842.204758991 6529459.313783991 0 1 5 
1084 372842.204758991 6529959.313783991 0 1 5 
1085 372842.204758991 6530459.313783991 0 1 5 
1086 372842.204758991 6530959.313783991 0 1 5 
1087 372842.204758991 6531459.313783991 0 1 5 
1088 372842.204758991 6531959.313783991 0 1 5 
1089 372842.204758991 6532459.313783991 0 1 5 
1090 372842.204758991 6532959.313783991 0 1 5 
1091 372842.204758991 6533459.313783991 0 1 5 
1092 372842.204758991 6533959.313783991 0 1 5 
1093 372842.204758991 6534459.313783991 0 1 5 
1094 372842.204758991 6534959.313783991 0 1 5 
1095 372842.204758991 6535459.313783991 0 1 5 
1096 372842.204758991 6535959.313783991 0 1 5 
1097 372842.204758991 6536459.313783991 0 1 5 
1098 372842.204758991 6536959.313783991 0 1 5 
1099 372842.204758991 6537459.313783991 0 1 5 
1100 372842.204758991 6537959.313783991 0 1 5 
1101 372842.204758991 6538459.313783991 0 1 5 
1102 372842.204758991 6538959.313783991 0 1 5 
1103 373342.204758991 6527459.313783991 0 1 5 
1104 373342.204758991 6527959.313783991 0 1 5 
1105 373342.204758991 6528459.313783991 0 1 5 
1106 373342.204758991 6528959.313783991 0 1 5 
1107 373342.204758991 6529459.313783991 0 1 5 
1108 373342.204758991 6529959.313783991 0 1 5 
1109 373342.204758991 6530459.313783991 0 1 5 
1110 373342.204758991 6530959.313783991 0 1 5 
1111 373342.204758991 6531459.313783991 0 1 5 
1112 373342.204758991 6531959.313783991 0 1 5 
1113 373342.204758991 6532459.313783991 0 1 5 
1114 373342.204758991 6532959.313783991 0 1 5 
1115 373342.204758991 6533459.313783991 0 1 5 
1116 373342.204758991 6533959.313783991 0 1 5 
1117 373342.204758991 6534459.313783991 0 1 5 
1118 373342.204758991 6534959.313783991 0 1 5 
1119 373342.204758991 6535459.313783991 0 1 5 
1120 373342.204758991 6535959.313783991 0 1 5 
1121 373342.204758991 6536459.313783991 0 1 5 
1122 373342.204758991 6536959.313783991 0 1 5 
1123 373342.204758991 6537459.313783991 0 1 5 
1124 373342.204758991 6537959.313783991 0 1 5 
1125 373342.204758991 6538459.313783991 0 1 5 
1126 373842.204758991 6527459.313783991 0 1 5 
1127 373842.204758991 6527959.313783991 0 1 5 
1128 373842.204758991 6528459.313783991 0 1 5 
1129 373842.204758991 6528959.313783991 0 1 5 
1130 373842.204758991 6529459.313783991 0 1 5 
1131 373842.204758991 6529959.313783991 0 1 5 
1132 373842.204758991 6530459.313783991 0 1 5 
1133 373842.204758991 6530959.313783991 0 1 5 
1134 373842.204758991 6531459.313783991 0 1 5 
1135 373842.204758991 6531959.313783991 0 1 5 
1136 373842.204758991 6532459.313783991 0 1 5 
1137 373842.204758991 6532959.313783991 0 1 5 
1138 373842.204758991 6533459.313783991 0 1 5 
1139 373842.204758991 6533959.313783991 0 1 5 
1140 373842.204758991 6534459.313783991 0 1 5 
1141 373842.204758991 6534959.313783991 0 1 5 
1142 373842.204758991 6535459.313783991 0 1 5 
1143 373842.204758991 6535959.313783991 0 1 5 
1144 373842.204758991 6536459.313783991 0 1 5 
1145 373842.204758991 6536959.313783991 0 1 5 
1146 373842.204758991 6537459.313783991 0 1 5 
1147 374342.204758991 6527459.313783991 0 1 5 
1148 374342.204758991 6527959.313783991 0 1 5 
1149 374342.204758991 6528459.313783991 0 1 5 
1150 374342.204758991 6528959.313783991 0 1 5 
1151 374342.204758991 6529459.313783991 0 1 5 
1152 374342.204758991 6529959.313783991 0 1 5 
1153 374342.204758991 6530459.313783991 0 1 5 
1154 374342.204758991 6530959.313783991 0 1 5 
1155 374342.204758991 6531459.313783991 0 1 5 
1156 374342.204758991 6531959.313783991 0 1 5 
1157 374342.204758991 6532459.313783991 0 1 5 
1158 374342.204758991 6532959.313783991 0 1 5 
1159 374342.204758991 6533459.313783991 0 1 5 
1160 374342.204758991 6533959.313783991 0 1 5 
1161 374342.204758991 6534459.313783991 0 1 5 
1162 374342.204758991 6534959.313783991 0 1 5 
1163 374342.204758991 6535459.313783991 0 1 5 
1164 374342.204758991 6535959.313783991 0 1 5 
1165 374342.204758991 6536459.313783991 0 1 5 
1166 374842.204758991 6527459.313783991 0 1 5 
1167 374842.204758991 6527959.313783991 0 1 5 
1168 374842.204758991 6528459.313783991 0 1 5 
1169 374842.204758991 6528959.313783991 0 1 5 
1170 374842.204758991 6529459.313783991 0 1 5 
1171 374842.204758991 6529959.313783991 0 1 5 
1172 374842.204758991 6530459.313783991 0 1 5 
1173 374842.204758991 6530959.313783991 0 1 5 
1174 374842.204758991 6531459.313783991 0 1 5 
1175 374842.204758991 6531959.313783991 0 1 5 
1176 374842.204758991 6532459.313783991 0 1 5 
1177 374842.204758991 6532959.313783991 0 1 5 
1178 374842.204758991 6533459.313783991 0 1 5 
1179 374842.204758991 6533959.313783991 0 1 5 
1180 374842.204758991 6534459.313783991 0 1 5 
1181 374842.204758991 6534959.313783991 0 1 5 
1182 374842.204758991 6535459.313783991 0 1 5 
1183 375342.204758991 6527459.313783991 0 1 5 
1184 375342.204758991 6527959.313783991 0 1 5 
1185 375342.204758991 6528459.313783991 0 1 5 
1186 375342.204758991 6528959.313783991 0 1 5 
1187 375342.204758991 6529459.313783991 0 1 5 
1188 375342.204758991 6529959.313783991 0 1 5 
1189 375342.204758991 6530459.313783991 0 1 5 
1190 375342.204758991 6530959.313783991 0 1 5 
1191 375342.204758991 6531459.313783991 0 1 5 
1192 375342.204758991 6531959.313783991 0 1 5 
1193 375342.204758991 6532459.313783991 0 1 5 
1194 375342.204758991 6532959.313783991 0 1 5 
1195 375342.204758991 6533459.313783991 0 1 5 
1196 375342.204758991 6533959.313783991 0 1 5 
1197 375342.204758991 6534459.313783991 0 1 5 
1198 375842.204758991 6527459.313783991 0 1 5 
1199 375842.204758991 6527959.313783991 0 1 5 
1200 375842.204758991 6528459.313783991 0 1 5 
1201 375842.204758991 6528959.313783991 0 1 5 
1202 375842.204758991 6529459.313783991 0 1 5 
1203 375842.204758991 6529959.313783991 0 1 5 
1204 375842.204758991 6530459.313783991 0 1 5 
1205 375842.204758991 6530959.313783991 0 1 5 
1206 375842.204758991 6531459.313783991 0 1 5 
1207 375842.204758991 6531959.313783991 0 1 5 
1208 375842.204758991 6532459.313783991 0 1 5 
1209 375842.204758991 6532959.313783991 0 1 5 
1210 375842.204758991 6533459.313783991 0 1 5 
1211 376342.204758991 6527459.313783991 0 1 5 
1212 376342.204758991 6527959.313783991 0 1 5 
1213 376342.204758991 6528459.313783991 0 1 5 
1214 376342.204758991 6528959.313783991 0 1 5 
1215 376342.204758991 6529459.313783991 0 1 5 
1216 376342.204758991 6529959.313783991 0 1 5 
1217 376342.204758991 6530459.313783991 0 1 5 
1218 376342.204758991 6530959.313783991 0 1 5 
1219 376342.204758991 6531459.313783991 0 1 5 
1220 376342.204758991 6531959.313783991 0 1 5 
1221 376342.204758991 6532459.313783991 0 1 5 
1222 376842.204758991 6527459.313783991 0 1 5 
1223 376842.204758991 6527959.313783991 0 1 5 
1224 376842.204758991 6528459.313783991 0 1 5 
1225 376842.204758991 6528959.313783991 0 1 5 
1226 376842.204758991 6529459.313783991 0 1 5 
1227 376842.204758991 6529959.313783991 0 1 5 
1228 376842.204758991 6530459.313783991 0 1 5 
1229 376842.204758991 6530959.313783991 0 1 5 
1230 376842.204758991 6531459.313783991 0 1 5 
1231 376842.204758991 6531959.313783991 0 1 5 
1232 377342.204758991 6527459.313783991 0 1 5 
1233 377342.204758991 6527959.313783991 0 1 5 
1234 377342.204758991 6528459.313783991 0 1 5 
1235 377342.204758991 6528959.313783991 0 1 5 
1236 377342.204758991 6529459.313783991 0 1 5 
1237 377342.204758991 6529959.313783991 0 1 5 
1238 377342.204758991 6530459.313783991 0 1 5 
1239 377342.204758991 6530959.313783991 0 1 5 
1240 377842.204758991 6527459.313783991 0 1 5 
1241 377842.204758991 6527959.313783991 0 1 5 
1242 377842.204758991 6528459.313783991 0 1 5 
1243 377842.204758991 6528959.313783991 0 1 5 
1244 377842.204758991 6529459.313783991 0 1 5 
1245 377842.204758991 6529959.313783991 0 1 5 
1246 378342.204758991 6527459.313783991 0 1 5 
1247 378342.204758991 6527959.313783991 0 1 5 
1248 378342.204758991 6528459.313783991 0 1 5 
1249 378342.204758991 6528959.313783991 0 1 5 
1250 378842.204758991 6527459.313783991 0 1 5 
1251 370885.068882094 6528320.159300871 0 1 3 
1252 370423.5689884445 6528858.659407222 0 1 3 
1253 370423.5689884445 6529358.659407222 0 1 3 
1254 370923.5689884445 6527358.659407222 0 1 3 
1255 370923.5689884445 6527858.659407222 0 1 3 
1256 370923.5689884445 6528358.659407222 0 1 3 
1257 370923.5689884445 6528858.659407222 0 1 3 
1258 371423.5689884445 6527358.659407222 0 1 3 
1259 371423.5689884445 6527858.659407222 0 1 3 
1260 386875.6632513093 6534089.603917512 0 1 7 
1261 386065.5910249489 6537279.531691152 0 1 7 
1262 386065.5910249489 6537779.531691152 0 1 7 
1263 386565.5910249489 6535279.531691152 0 1 7 
1264 386565.5910249489 6535779.531691152 0 1 7 
1265 386565.5910249489 6536279.531691152 0 1 7 
1266 386565.5910249489 6536779.531691152 0 1 7 
1267 387065.5910249489 6532279.531691152 0 1 7 
1268 387065.5910249489 6532779.531691152 0 1 7 
1269 387065.5910249489 6533279.531691152 0 1 7 
1270 387065.5910249489 6533779.531691152 0 1 7 
1271 387065.5910249489 6534279.531691152 0 1 7 
1272 387065.5910249489 6534779.531691152 0 1 7 
1273 387565.5910249489 6529779.531691152 0 1 7 
1274 387565.5910249489 6530279.531691152 0 1 7 
1275 387565.5910249489 6530779.531691152 0 1 7 
1276 387565.5910249489 6531279.531691152 0 1 7 
1277 373484.8004117056 6546724.021145739 0 1 3 
1278 372491.4685089324 6547230.689242966 0 1 3 
1279 372991.4685089324 6546730.689242966 0 1 3 
1280 372991.4685089324 6547230.689242966 0 1 3 
1281 373491.4685089324 6545730.689242966 0 1 3 
1282 373491.4685089324 6546230.689242966 0 1 3 
1283 373491.4685089324 6546730.689242966 0 1 3 
1284 373491.4685089324 6547230.689242966 0 1 3 
1285 373991.4685089324 6545730.689242966 0 1 3 
1286 373991.4685089324 6546230.689242966 0 1 3 
1287 373991.4685089324 6547230.689242966 0 1 3 
1288 373991.4685089324 6547730.689242966 0 1 3 
1289 378625.4231464511 6532761.617559138 0 1 9 
1290 379625.4231464511 6532261.617559138 0 1 9 
1291 380625.4231464511 6531761.617559138 0 1 9 
1292 381125.4231464511 6531261.617559138 0 1 9 
1293 382625.4231464511 6530261.617559138 0 1 9 
1294 383625.4231464511 6529761.617559138 0 1 9 
1295 384625.4231464511 6529761.617559138 0 1 9 
1296 385125.4231464511 6529261.617559138 0 1 9 
1297 385125.4231464511 6529761.617559138 0 1 9 
1298 385125.4231464511 6530261.617559138 0 1 9 
1299 385125.4231464511 6530761.617559138 0 1 9 
1300 385625.4231464511 6527761.617559138 0 1 9 
1301 385625.4231464511 6531261.617559138 0 1 9 
1302 385625.4231464511 6531761.617559138 0 1 9 
1303 386125.4231464511 6527761.617559138 0 1 9 
1304 386125.4231464511 6528261.617559138 0 1 9 
1305 386125.4231464511 6528761.617559138 0 1 9 
1306 377843.1750636387 6540992.604291724 0 1 9 
1307 371901.1353734077 6546550.564601493 0 1 9 
1308 371901.1353734077 6547050.564601493 0 1 9 
1309 372401.1353734077 6546550.564601493 0 1 9 
1310 372401.1353734077 6547050.564601493 0 1 9 
1311 372901.1353734077 6546050.564601493 0 1 9 
1312 373401.1353734077 6545050.564601493 0 1 9 
1313 373401.1353734077 6545550.564601493 0 1 9 
1314 373901.1353734077 6545050.564601493 0 1 9 
1315 374401.1353734077 6544550.564601493 0 1 9 
1316 374401.1353734077 6545050.564601493 0 1 9 
1317 374401.1353734077 6547550.564601493 0 1 9 
1318 374901.1353734077 6544050.564601493 0 1 9 
1319 374901.1353734077 6544550.564601493 0 1 9 
1320 374901.1353734077 6545050.564601493 0 1 9 
1321 374901.1353734077 6545550.564601493 0 1 9 
1322 374901.1353734077 6546050.564601493 0 1 9 
1323 374901.1353734077 6546550.564601493 0 1 9 
1324 374901.1353734077 6547050.564601493 0 1 9 
1325 374901.1353734077 6547550.564601493 0 1 9 
1326 375401.1353734077 6543050.564601493 0 1 9 
1327 375401.1353734077 6543550.564601493 0 1 9 
1328 375401.1353734077 6544050.564601493 0 1 9 
1329 375401.1353734077 6544550.564601493 0 1 9 
1330 375401.1353734077 6545050.564601493 0 1 9 
1331 375401.1353734077 6545550.564601493 0 1 9 
1332 375401.1353734077 6546050.564601493 0 1 9 
1333 375401.1353734077 6546550.564601493 0 1 9 
1334 375401.1353734077 6547050.564601493 0 1 9 
1335 375401.1353734077 6547550.564601493 0 1 9 
1336 375901.1353734077 6542050.564601493 0 1 9 
1337 375901.1353734077 6542550.564601493 0 1 9 
1338 375901.1353734077 6543050.564601493 0 1 9 
1339 375901.1353734077 6543550.564601493 0 1 9 
1340 375901.1353734077 6544050.564601493 0 1 9 
1341 375901.1353734077 6544550.564601493 0 1 9 
1342 375901.1353734077 6545050.564601493 0 1 9 
1343 375901.1353734077 6545550.564601493 0 1 9 
1344 375901.1353734077 6546050.564601493 0 1 9 
1345 375901.1353734077 6546550.564601493 0 1 9 
1346 376401.1353734077 6541050.564601493 0 1 9 
1347 376401.1353734077 6541550.564601493 0 1 9 
1348 376401.1353734077 6542050.564601493 0 1 9 
1349 376401.1353734077 6542550.564601493 0 1 9 
1350 376401.1353734077 6543050.564601493 0 1 9 
1351 376401.1353734077 6543550.564601493 0 1 9 
1352 376401.1353734077 6544050.564601493 0 1 9 
1353 376401.1353734077 6544550.564601493 0 1 9 
1354 376401.1353734077 6545050.564601493 0 1 9 
1355 376401.1353734077 6545550.564601493 0 1 9 
1356 376901.1353734077 6540550.564601493 0 1 9 
1357 376901.1353734077 6541050.564601493 0 1 9 
1358 376901.1353734077 6541550.564601493 0 1 9 
1359 376901.1353734077 6542050.564601493 0 1 9 
1360 376901.1353734077 6542550.564601493 0 1 9 
1361 376901.1353734077 6543050.564601493 0 1 9 
1362 376901.1353734077 6543550.564601493 0 1 9 
1363 376901.1353734077 6544050.564601493 0 1 9 
1364 376901.1353734077 6544550.564601493 0 1 9 
1365 377401.1353734077 6539550.564601493 0 1 9 
1366 377401.1353734077 6540050.564601493 0 1 9 
1367 377401.1353734077 6540550.564601493 0 1 9 
1368 377401.1353734077 6541050.564601493 0 1 9 
1369 377401.1353734077 6541550.564601493 0 1 9 
1370 377401.1353734077 6542050.564601493 0 1 9 
1371 377401.1353734077 6542550.564601493 0 1 9 
1372 377401.1353734077 6543050.564601493 0 1 9 
1373 377401.1353734077 6543550.564601493 0 1 9 
1374 377901.1353734077 6538550.564601493 0 1 9 
1375 377901.1353734077 6539050.564601493 0 1 9 
1376 377901.1353734077 6539550.564601493 0 1 9 
1377 377901.1353734077 6540050.564601493 0 1 9 
1378 377901.1353734077 6540550.564601493 0 1 9 
1379 377901.1353734077 6541050.564601493 0 1 9 
1380 377901.1353734077 6541550.564601493 0 1 9 
1381 377901.1353734077 6542050.564601493 0 1 9 
1382 377901.1353734077 6542550.564601493 0 1 9 
1383 378401.1353734077 6537550.564601493 0 1 9 
1384 378401.1353734077 6538050.564601493 0 1 9 
1385 378401.1353734077 6538550.564601493 0 1 9 
1386 378401.1353734077 6539050.564601493 0 1 9 
1387 378401.1353734077 6539550.564601493 0 1 9 
1388 378401.1353734077 6540050.564601493 0 1 9 
1389 378401.1353734077 6540550.564601493 0 1 9 
1390 378401.1353734077 6541050.564601493 0 1 9 
1391 378401.1353734077 6541550.564601493 0 1 9 
1392 378901.1353734077 6537050.564601493 0 1 9 
1393 378901.1353734077 6537550.564601493 0 1 9 
1394 378901.1353734077 6538050.564601493 0 1 9 
1395 378901.1353734077 6538550.564601493 0 1 9 
1396 378901.1353734077 6539050.564601493 0 1 9 
1397 378901.1353734077 6539550.564601493 0 1 9 
1398 378901.1353734077 6540050.564601493 0 1 9 
1399 378901.1353734077 6540550.564601493 0 1 9 
1400 378901.1353734077 6541050.564601493 0 1 9 
1401 379401.1353734077 6536550.564601493 0 1 9 
1402 379401.1353734077 6537050.564601493 0 1 9 
1403 379401.1353734077 6537550.564601493 0 1 9 
1404 379401.1353734077 6538050.564601493 0 1 9 
1405 379401.1353734077 6538550.564601493 0 1 9 
1406 379401.1353734077 6539050.564601493 0 1 9 
1407 379401.1353734077 6539550.564601493 0 1 9 
1408 379401.1353734077 6540050.564601493 0 1 9 
1409 379901.1353734077 6537050.564601493 0 1 9 
1410 379901.1353734077 6537550.564601493 0 1 9 
1411 379901.1353734077 6538050.564601493 0 1 9 
1412 379901.1353734077 6538550.564601493 0 1 9 
1413 379901.1353734077 6539050.564601493 0 1 9 
1414 380401.1353734077 6536550.564601493 0 1 9 
1415 380401.1353734077 6537050.564601493 0 1 9 
1416 380401.1353734077 6537550.564601493 0 1 9 
1417 380401.1353734077 6538050.564601493 0 1 9 
1418 380401.1353734077 6538550.564601493 0 1 9 
1419 380901.1353734077 6536050.564601493 0 1 9 
1420 380901.1353734077 6536550.564601493 0 1 9 
1421 380901.1353734077 6537050.564601493 0 1 9 
1422 380901.1353734077 6537550.564601493 0 1 9 
1423 381401.1353734077 6535550.564601493 0 1 9 
1424 381401.1353734077 6536050.564601493 0 1 9 
1425 381401.1353734077 6536550.564601493 0 1 9 
1426 381401.1353734077 6537050.564601493 0 1 9 
1427 381901.1353734077 6535050.564601493 0 1 9 
1428 381901.1353734077 6535550.564601493 0 1 9 
1429 381901.1353734077 6536050.564601493 0 1 9 
1430 382401.1353734077 6534550.564601493 0 1 9 
1431 382401.1353734077 6535050.564601493 0 1 9 
1432 382401.1353734077 6535550.564601493 0 1 9 
1433 382901.1353734077 6534550.564601493 0 1 9 
1434 382901.1353734077 6535050.564601493 0 1 9 
1435 383401.1353734077 6534050.564601493 0 1 9 
1436 383401.1353734077 6534550.564601493 0 1 9 
1437 383901.1353734077 6533550.564601493 0 1 9 
1438 384401.1353734077 6533050.564601493 0 1 9 
1439 384901.1353734077 6532550.564601493 0 1 9 
1440 371498.519025451 6547409.255740691 0 1 6 
1441 371241.7523440867 6547152.489059326 0 1 6 
1442 371241.7523440867 6547652.489059326 0 1 6 
1443 371741.7523440867 6547152.489059326 0 1 6 
1444 371741.7523440867 6547652.489059326 0 1 6 
1445 374225.9003783442 6546471.410284803 0 1 6 
1446 373542.1712262161 6546787.681132675 0 1 6 
1447 374042.1712262161 6546787.681132675 0 1 6 
1448 374542.1712262161 6545787.681132675 0 1 6 
1449 374542.1712262161 6546287.681132675 0 1 6 
1450 374542.1712262161 6546787.681132675 0 1 6 
1451 388087.8031070518 6540402.55793302 0 1 6 
1452 387545.66091698 6540860.415742949 0 1 6 
1453 387545.66091698 6541360.415742949 0 1 6 
1454 387545.66091698 6541860.415742949 0 1 6 
1455 387545.66091698 6542360.415742949 0 1 6 
1456 388045.66091698 6537860.415742949 0 1 6 
1457 388045.66091698 6538360.415742949 0 1 6 
1458 388045.66091698 6538860.415742949 0 1 6 
1459 388045.66091698 6539360.415742949 0 1 6 
1460 388045.66091698 6539860.415742949 0 1 6 
1461 388045.66091698 6540360.415742949 0 1 6 
1462 388045.66091698 6540860.415742949 0 1 6 
1463 388045.66091698 6541360.415742949 0 1 6 
1464 388045.66091698 6541860.415742949 0 1 6 
1465 388045.66091698 6542360.415742949 0 1 6 
1466 388045.66091698 6542860.415742949 0 1 6 
1467 388545.66091698 6537860.415742949 0 1 6 
1468 388545.66091698 6538360.415742949 0 1 6 
1469 388545.66091698 6538860.415742949 0 1 6 
1470 388545.66091698 6539360.415742949 0 1 6 
1471 388545.66091698 6539860.415742949 0 1 6 
1472 388545.66091698 6540360.415742949 0 1 6 
1473 388545.66091698 6540860.415742949 0 1 6 
1474 388545.66091698 6541360.415742949 0 1 6 
1475 388545.66091698 6541860.415742949 0 1 6 
1476 388545.66091698 6542360.415742949 0 1 6 
1477 388545.66091698 6542860.415742949 0 1 6 
1478 388545.66091698 6543360.415742949 0 1 6 
1479 387986.1292233971 6534107.279055869 0 1 6 
1480 387398.7845487205 6532519.934381193 0 1 6 
1481 387398.7845487205 6533019.934381193 0 1 6 
1482 387398.7845487205 6533519.934381193 0 1 6 
1483 387398.7845487205 6534019.934381193 0 1 6 
1484 387398.7845487205 6534519.934381193 0 1 6 
1485 387398.7845487205 6535019.934381193 0 1 6 
1486 387398.7845487205 6535519.934381193 0 1 6 
1487 387398.7845487205 6536019.934381193 0 1 6 
1488 387898.7845487205 6532019.934381193 0 1 6 
1489 387898.7845487205 6532519.934381193 0 1 6 
1490 387898.7845487205 6533019.934381193 0 1 6 
1491 387898.7845487205 6533519.934381193 0 1 6 
1492 387898.7845487205 6534019.934381193 0 1 6 
1493 387898.7845487205 6534519.934381193 0 1 6 
1494 387898.7845487205 6535019.934381193 0 1 6 
1495 387898.7845487205 6535519.934381193 0 1 6 
1496 387898.7845487205 6536019.934381193 0 1 6 
1497 388398.7845487205 6532019.934381193 0 1 6 
1498 388398.7845487205 6532519.934381193 0 1 6 
1499 388398.7845487205 6533019.934381193 0 1 6 
1500 388398.7845487205 6533519.934381193 0 1 6 
1501 388398.7845487205 6534019.934381193 0 1 6 
1502 388398.7845487205 6534519.934381193 0 1 6 
1503 388398.7845487205 6535019.934381193 0 1 6 
1504 388398.7845487205 6535519.934381193 0 1 6 
1505 388398.7845487205 6536019.934381193 0 1 6 
1506 388398.7845487205 6536519.934381193 0 1 6 
1507 383301.06061024 6532449.172417417 0 1 7 
1508 382984.1423554837 6532632.254162661 0 1 7 
1509 382984.1423554837 6533132.254162661 0 1 7 
1510 383484.1423554837 6532132.254162661 0 1 7 
1511 385114.2946492889 6542563.504086778 0 1 7 
1512 385114.2946492889 6543063.504086778 0 1 7 
1513 385114.2946492889 6543563.504086778 0 1 7 
1514 385114.2946492889 6544063.504086778 0 1 7 
1515 385114.2946492889 6544563.504086778 0 1 7 
1516 385114.2946492889 6545063.504086778 0 1 7 
1517 385114.2946492889 6545563.504086778 0 1 7 
1518 385114.2946492889 6546063.504086778 0 1 7 
1519 385114.2946492889 6546563.504086778 0 1 7 
1520 385614.2946492889 6539063.504086778 0 1 7 
1521 385614.2946492889 6539563.504086778 0 1 7 
1522 385614.2946492889 6540063.504086778 0 1 7 
1523 385614.2946492889 6540563.504086778 0 1 7 
1524 385614.2946492889 6541063.504086778 0 1 7 
1525 385614.2946492889 6541563.504086778 0 1 7 
1526 385614.2946492889 6542063.504086778 0 1 7 
1527 385614.2946492889 6542563.504086778 0 1 7 
1528 385614.2946492889 6543063.504086778 0 1 7 
1529 385614.2946492889 6543563.504086778 0 1 7 
1530 385614.2946492889 6544063.504086778 0 1 7 
1531 385614.2946492889 6544563.504086778 0 1 7 
1532 385614.2946492889 6545063.504086778 0 1 7 
1533 385614.2946492889 6545563.504086778 0 1 7 
1534 385614.2946492889 6546063.504086778 0 1 7 
1535 386114.2946492889 6538563.504086778 0 1 7 
1536 386114.2946492889 6539063.504086778 0 1 7 
1537 386114.2946492889 6539563.504086778 0 1 7 
1538 386114.2946492889 6540063.504086778 0 1 7 
1539 386614.2946492889 6537563.504086778 0 1 7 
1540 386614.2946492889 6538063.504086778 0 1 7 
1541 386614.2946492889 6538563.504086778 0 1 7 
1542 387114.2946492889 6537063.504086778 0 1 7 
1543 387114.2946492889 6537563.504086778 0 1 7 
1544 387114.2946492889 6538063.504086778 0 1 7 
1545 387614.2946492889 6536563.504086778 0 1 7 
1546 387614.2946492889 6537063.504086778 0 1 7 
1547 387614.2946492889 6537563.504086778 0 1 7 
1548 388114.2946492889 6536563.504086778 0 1 7 
1549 388114.2946492889 6537063.504086778 0 1 7 
1550 388614.2946492889 6537063.504086778 0 1 7 
1551 384767.2505821555 6547600.162672788 0 1 4 
1552 384792.6319116041 6547503.437349757 0 1 6 
1553 384818.0132410527 6547406.712026726 0 1 6 
1554 384843.3945705013 6547309.986703696 0 1 6 
1555 384868.7758999499 6547213.261380664 0 1 4 
1556 384894.1572293986 6547116.536057633 0 1 4 
1557 384919.4506253282 6547019.798774294 0 1 7 
1558 384920.8256749741 6546919.808228549 0 1 4 
1559 384922.20072462 6546819.817682803 0 1 7 
1560 384923.5757742658 6546719.827137058 0 1 4 
1561 384924.9508239117 6546619.836591312 0 1 4 
1562 384926.3258735576 6546519.846045567 0 1 7 
1563 384927.7009232034 6546419.855499821 0 1 4 
1564 384929.0759728493 6546319.864954076 0 1 7 
1565 384930.4510224952 6546219.874408331 0 1 7 
1566 384931.8260721411 6546119.883862585 0 1 4 
1567 384933.201121787 6546019.89331684 0 1 7 
1568 384934.5761714328 6545919.902771094 0 1 4 
1569 384935.9512210787 6545819.912225349 0 1 7 
1570 384937.3262707246 6545719.921679603 0 1 7 
1571 384938.7013203704 6545619.931133858 0 1 4 
1572 384940.0763700163 6545519.940588112 0 1 7 
1573 384941.4514196622 6545419.950042367 0 1 7 
1574 384942.8264693081 6545319.959496621 0 1 4 
1575 384944.201518954 6545219.968950876 0 1 7 
1576 384945.5765685998 6545119.97840513 0 1 4 
1577 384948.474664458 6545020.043835457 0 1 7 
1578 384954.443256629 6544920.222114838 0 1 7 
1579 384960.4118488001 6544820.400394218 0 1 7 
1580 384966.3804409712 6544720.578673597 0 1 4 
1581 384972.3490331423 6544620.756952978 0 1 4 
1582 384978.3176253133 6544520.935232358 0 1 4 
1583 384984.2862174844 6544421.113511738 0 1 4 
1584 384990.2548096555 6544321.291791119 0 1 7 
1585 384996.2234018266 6544221.470070499 0 1 7 
1586 385002.1919939976 6544121.648349879 0 1 4 
1587 385008.1605861687 6544021.82662926 0 1 7 
1588 385014.1291783398 6543922.00490864 0 1 7 
1589 385020.0977705108 6543822.183188019 0 1 4 
1590 385026.0663626819 6543722.3614674 0 1 4 
1591 385032.034954853 6543622.53974678 0 1 4 
1592 385038.0035470241 6543522.71802616 0 1 7 
1593 385043.9721391951 6543422.896305541 0 1 4 
1594 385049.9407313662 6543323.074584921 0 1 7 
1595 385055.9093235373 6543223.252864301 0 1 7 
1596 385061.8779157083 6543123.431143682 0 1 4 
1597 385067.8465078794 6543023.609423062 0 1 7 
1598 385073.8151000505 6542923.787702441 0 1 4 
1599 385079.7836922216 6542823.965981822 0 1 4 
1600 385085.7522843927 6542724.144261202 0 1 4 
1601 385091.7208765637 6542624.322540582 0 1 4 
1602 385097.6894687348 6542524.500819962 0 1 7 
1603 385103.6580609059 6542424.679099343 0 1 4 
1604 385109.626653077 6542324.857378723 0 1 7 
1605 385115.5952452481 6542225.035658103 0 1 7 
1606 385121.5638374191 6542125.213937484 0 1 7 
1607 385127.5324295902 6542025.392216863 0 1 4 
1608 385133.5010217613 6541925.570496243 0 1 4 
1609 385139.4696139324 6541825.748775624 0 1 7 
1610 385145.4382061034 6541725.927055004 0 1 4 
1611 385151.4067982745 6541626.105334384 0 1 7 
1612 385158.7504836237 6541526.389376763 0 1 4 
1613 385168.117032689 6541426.829004332 0 1 4 
1614 385177.4835817544 6541327.268631902 0 1 7 
1615 385186.8501308197 6541227.708259471 0 1 7 
1616 385196.2166798851 6541128.147887039 0 1 4 
1617 385205.5832289504 6541028.587514608 0 1 4 
1618 385214.9497780158 6540929.027142177 0 1 4 
1619 385224.3163270812 6540829.466769747 0 1 7 
1620 385233.6828761465 6540729.906397316 0 1 7 
1621 385243.0494252119 6540630.346024884 0 1 4 
1622 385252.4159742772 6540530.785652453 0 1 7 
1623 385261.7825233426 6540431.225280022 0 1 7 
1624 385274.8554468969 6540332.182328981 0 1 4 
1625 385293.1134857959 6540233.863236149 0 1 7 
1626 385311.3715246948 6540135.544143315 0 1 7 
1627 385329.6295635937 6540037.225050482 0 1 7 
1628 385347.8876024926 6539938.905957649 0 1 7 
1629 385366.1456413915 6539840.586864815 0 1 4 
1630 385392.6034984209 6539744.266016793 0 1 4 
1631 385421.6257168066 6539648.570087727 0 1 7 
1632 385450.6479351923 6539552.87415866 0 1 7 
1633 385479.670153578 6539457.178229593 0 1 4 
1634 385508.6923719638 6539361.482300526 0 1 7 
1635 385537.7145903495 6539265.786371459 0 1 4 
1636 385566.7368087352 6539170.090442392 0 1 4 
1637 385595.7590271209 6539074.394513326 0 1 7 
1638 385627.3997108302 6538979.78045543 0 1 7 
1639 385674.387896265 6538891.507523964 0 1 4 
1640 385721.3760816997 6538803.234592498 0 1 4 
1641 385768.3642671344 6538714.961661032 0 1 4 
1642 385815.3524525691 6538626.688729567 0 1 7 
1643 385862.3406380038 6538538.415798102 0 1 7 
1644 385913.2021776474 6538452.485352729 0 1 4 
1645 385969.5575251977 6538369.877394261 0 1 7 
1646 386025.912872748 6538287.269435791 0 1 7 
1647 386082.2682202983 6538204.661477322 0 1 7 
1648 386138.6235678487 6538122.053518852 0 1 4 
1649 386194.978915399 6538039.445560383 0 1 4 
1650 386251.3342629494 6537956.837601913 0 1 4 
1651 386307.6896104997 6537874.229643444 0 1 4 
1652 386364.04495805 6537791.621684975 0 1 7 
1653 386420.4003056003 6537709.013726505 0 1 7 
1654 386476.7556531506 6537626.405768036 0 1 7 
1655 386533.111000701 6537543.797809566 0 1 4 
1656 386589.4663482513 6537461.189851097 0 1 4 
1657 386645.8216958016 6537378.581892627 0 1 4 
1658 386702.1770433519 6537295.973934159 0 1 7 
1659 386758.5323909023 6537213.365975689 0 1 7 
1660 386814.8877384526 6537130.75801722 0 1 7 
1661 386871.2430860029 6537048.15005875 0 1 4 
1662 386927.5984335532 6536965.542100281 0 1 4 
1663 386983.9537811035 6536882.934141811 0 1 4 
1664 387040.3091286539 6536800.326183341 0 1 4 
1665 387096.6644762042 6536717.718224873 0 1 7 
1666 387153.0198237546 6536635.110266403 0 1 7 
1667 387209.3751713049 6536552.502307934 0 1 7 
1668 387265.7305188552 6536469.894349464 0 1 7 
1669 387322.0858664055 6536387.286390995 0 1 4 
1670 387378.4393690845 6536304.677174115 0 1 4 
1671 387424.3771458711 6536223.342549261 0 1 4 
1672 387359.3324932112 6536148.842093061 0 1 4 
1673 387307.7271328676 6536063.186464035 0 1 4 
1674 387256.1217725241 6535977.530835009 0 1 4 
1675 387222.3774373752 6535885.524366586 0 1 6 
1676 387208.3222442251 6535786.51703582 0 1 4 
1677 387194.2670510751 6535687.509705053 0 1 4 
1678 387180.211857925 6535588.502374286 0 1 6 
1679 387178.930154287 6535489.942833591 0 1 6 
1680 387199.8839661989 6535392.162785696 0 1 4 
1681 387220.8377781109 6535294.382737801 0 1 6 
1682 387241.7915900228 6535196.602689906 0 1 4 
1683 387262.7454019347 6535098.822642011 0 1 4 
1684 387283.6992138467 6535001.042594116 0 1 6 
1685 387304.6530257586 6534903.262546221 0 1 4 
1686 387325.6068376706 6534805.482498326 0 1 6 
1687 387346.5606495825 6534707.702450431 0 1 6 
1688 387367.5144614945 6534609.922402536 0 1 4 
1689 387388.4682734064 6534512.142354641 0 1 6 
1690 387393.5814840328 6534412.571269792 0 1 6 
1691 387394.9887953723 6534312.581172908 0 1 4 
1692 387387.8951000049 6534213.547510735 0 1 4 
1693 387363.6245050142 6534123.589247316 0 1 4 
1694 387322.2971981789 6534214.649961731 0 1 4 
1695 387280.9698913437 6534305.710676146 0 1 7 
1696 387239.6425845085 6534396.771390561 0 1 4 
1697 387198.3152776732 6534487.832104975 0 1 7 
1698 387156.987970838 6534578.892819391 0 1 4 
1699 387115.6606640027 6534669.953533805 0 1 7 
1700 387086.5172947265 6534765.252090871 0 1 7 
1701 387062.4148747848 6534862.304001481 0 1 4 
1702 387038.312454843 6534959.35591209 0 1 7 
1703 387014.2100349012 6535056.4078227 0 1 4 
1704 386990.1076149595 6535153.459733309 0 1 7 
1705 386966.0051950177 6535250.511643919 0 1 4 
1706 386941.9005918448 6535347.563012306 0 1 7 
1707 386917.795954212 6535444.614372134 0 1 7 
1708 386893.6913165793 6535541.665731963 0 1 7 
1709 386869.5866789466 6535638.717091792 0 1 4 
1710 386845.4820413139 6535735.768451621 0 1 4 
1711 386821.3770776863 6535832.819730477 0 1 7 
1712 386797.270107242 6535929.870510876 0 1 7 
1713 386773.1631367978 6536026.921291275 0 1 7 
1714 386749.0561663535 6536123.972071674 0 1 7 
1715 386724.9491959093 6536221.022852072 0 1 7 
1716 386700.8422254651 6536318.073632471 0 1 7 
1717 386676.7352550208 6536415.12441287 0 1 4 
1718 386648.7491570485 6536511.117141411 0 1 7 
1719 386620.2413375241 6536606.967567733 0 1 4 
1720 386591.7335179996 6536702.817994053 0 1 7 
1721 386563.2256984753 6536798.668420374 0 1 7 
1722 386534.7178789508 6536894.518846696 0 1 4 
1723 386506.2100594264 6536990.369273017 0 1 4 
1724 386477.7022399019 6537086.219699338 0 1 7 
1725 386449.1944203775 6537182.07012566 0 1 4 
1726 386420.6866008531 6537277.920551981 0 1 4 
1727 386392.1787813287 6537373.770978302 0 1 7 
1728 386363.6709618042 6537469.621404624 0 1 4 
1729 386335.1631422798 6537565.471830945 0 1 4 
1730 386285.4205933782 6537651.8101424 0 1 7 
1731 386232.8785593113 6537736.894422124 0 1 4 
1732 386180.3365252445 6537821.978701848 0 1 7 
1733 386124.5670552852 6537904.477228233 0 1 4 
1734 386052.9912079627 6537974.312019562 0 1 4 
1735 385978.1357235527 6538038.841500545 0 1 7 
1736 385883.0719208283 6538059.687411688 0 1 4 
1737 385810.4622149771 6538004.941251074 0 1 7 
1738 385786.8351250898 6537913.910224659 0 1 7 
1739 385814.3738085019 6537817.776875004 0 1 4 
1740 385841.9124919141 6537721.643525349 0 1 4 
1741 385869.4511753263 6537625.510175694 0 1 4 
1742 385896.9898587385 6537529.376826039 0 1 4 
1743 385924.5285421507 6537433.243476383 0 1 4 
1744 385952.0672255629 6537337.110126728 0 1 4 
1745 385979.6059089751 6537240.976777073 0 1 4 
1746 386007.1445923872 6537144.843427418 0 1 4 
1747 386034.6832757994 6537048.710077763 0 1 4 
1748 386062.2219592116 6536952.576728107 0 1 4 
1749 386089.7606426238 6536856.443378452 0 1 4 
1750 386117.299326036 6536760.310028797 0 1 4 
1751 386144.8380094481 6536664.176679142 0 1 4 
1752 386172.3766928603 6536568.043329487 0 1 4 
1753 386199.9153762725 6536471.909979831 0 1 4 
1754 386227.4540596846 6536375.776630176 0 1 4 
1755 386252.8852676939 6536279.119524448 0 1 7 
1756 386273.5536150851 6536181.278738392 0 1 4 
1757 386294.2219624764 6536083.437952335 0 1 4 
1758 386314.8903098677 6535985.597166279 0 1 7 
1759 386335.558657259 6535887.756380223 0 1 4 
1760 386356.2270046502 6535789.915594166 0 1 4 
1761 386376.8953520415 6535692.07480811 0 1 7 
1762 386397.5636994328 6535594.234022054 0 1 4 
1763 386418.2320468241 6535496.393235997 0 1 4 
1764 386438.9003942154 6535398.552449942 0 1 7 
1765 386459.5687416066 6535300.711663885 0 1 7 
1766 386480.2370889979 6535202.870877828 0 1 4 
1767 386500.9054363891 6535105.030091773 0 1 7 
1768 386521.5737837804 6535007.189305716 0 1 7 
1769 386542.2421311717 6534909.34851966 0 1 4 
1770 386562.910478563 6534811.507733604 0 1 7 
1771 386581.4665062458 6534713.318505821 0 1 7 
1772 386593.317123183 6534614.023174217 0 1 4 
1773 386605.1677401203 6534514.727842614 0 1 7 
1774 386617.0183570575 6534415.43251101 0 1 4 
1775 386628.8689739947 6534316.137179407 0 1 7 
1776 386640.7195909319 6534216.841847804 0 1 7 
1777 386653.8760300474 6534117.760535401 0 1 4 
1778 386674.3422230913 6534019.877263376 0 1 4 
1779 386694.8084161351 6533921.993991352 0 1 4 
1780 386715.2746091791 6533824.110719327 0 1 4 
1781 386735.7408022229 6533726.227447302 0 1 4 
1782 386756.2069952668 6533628.344175277 0 1 4 
1783 386776.6731883106 6533530.460903252 0 1 4 
1784 386797.1393813546 6533432.577631228 0 1 7 
1785 386817.6055743984 6533334.694359203 0 1 7 
1786 386838.0717674423 6533236.811087178 0 1 4 
1787 386858.5379604861 6533138.927815153 0 1 4 
1788 386879.0041535301 6533041.044543128 0 1 7 
1789 386899.4703465739 6532943.161271104 0 1 7 
1790 386914.341935402 6532844.356287749 0 1 4 
1791 386926.3576579985 6532745.080800289 0 1 4 
1792 386938.3733805949 6532645.805312829 0 1 4 
1793 386950.3891031914 6532546.529825369 0 1 4 
1794 386962.4048257879 6532447.254337909 0 1 7 
1795 386974.4205483843 6532347.978850449 0 1 7 
1796 386994.011027856 6532250.57537512 0 1 4 
1797 387029.6236121517 6532157.131574685 0 1 4 
1798 387065.2361964474 6532063.68777425 0 1 7 
1799 387083.5298872272 6531965.596225817 0 1 7 
1800 387099.4865861353 6531866.877515533 0 1 4 
1801 387115.4432850434 6531768.15880525 0 1 4 
1802 387131.3999839515 6531669.440094967 0 1 7 
1803 387147.3566828595 6531570.721384685 0 1 7 
1804 387163.3133817677 6531472.002674401 0 1 4 
1805 387179.2700806757 6531373.283964118 0 1 4 
1806 387195.2267795838 6531274.565253835 0 1 7 
1807 387211.1834784919 6531175.846543551 0 1 4 
1808 387227.1401774 6531077.127833269 0 1 4 
1809 387243.0968763081 6530978.409122986 0 1 7 
1810 387259.0535752162 6530879.690412703 0 1 7 
1811 387275.0102741243 6530780.971702419 0 1 4 
1812 387290.9669730324 6530682.252992136 0 1 7 
1813 387306.9236719405 6530583.534281854 0 1 7 
1814 387322.8803708485 6530484.81557157 0 1 4 
1815 387338.8370697566 6530386.096861287 0 1 4 
1816 387354.7937686647 6530287.378151004 0 1 7 
1817 387370.7504675728 6530188.659440721 0 1 7 
1818 387386.7071664809 6530089.940730438 0 1 4 
1819 387402.663865389 6529991.222020155 0 1 7 
1820 387418.6205642971 6529892.503309872 0 1 7 
1821 387434.5772632052 6529793.784599588 0 1 4 
1822 387391.2700317414 6529841.476813994 0 1 3 
1823 387334.0664939996 6529923.499708785 0 1 3 
1824 387276.8629562578 6530005.522603576 0 1 4 
1825 387219.659418516 6530087.545498366 0 1 4 
1826 387162.4558807742 6530169.568393157 0 1 3 
1827 387105.2523430325 6530251.591287947 0 1 3 
1828 387048.0488052907 6530333.614182738 0 1 3 
1829 386986.3585589711 6530412.275528955 0 1 4 
1830 386923.7110148775 6530490.219644955 0 1 4 
1831 386861.0634707839 6530568.163760955 0 1 4 
1832 386798.4159266902 6530646.107876956 0 1 4 
1833 386735.7683825966 6530724.051992956 0 1 4 
1834 386673.120838503 6530801.996108956 0 1 4 
1835 386610.4732944094 6530879.940224956 0 1 4 
1836 386547.8257503158 6530957.884340956 0 1 4 
1837 386485.1782062221 6531035.828456956 0 1 4 
1838 386422.5306621285 6531113.772572956 0 1 4 
1839 386359.8831180349 6531191.716688956 0 1 4 
1840 386297.2355739413 6531269.660804956 0 1 4 
1841 386234.5880298477 6531347.604920956 0 1 4 
1842 386171.9404857541 6531425.549036956 0 1 3 
1843 386104.0525051365 6531498.931009453 0 1 3 
1844 386035.4797498365 6531571.716840702 0 1 4 
1845 385966.9069945365 6531644.50267195 0 1 4 
1846 385898.3342392364 6531717.288503199 0 1 3 
1847 385829.7614839364 6531790.074334448 0 1 4 
1848 385761.2091180769 6531862.879364127 0 1 4 
1849 385692.6772502548 6531935.70369449 0 1 9 
1850 385624.141579728 6532008.524443534 0 1 3 
1851 385555.5537798061 6532081.296098056 0 1 3 
1852 385486.9659798842 6532154.067752578 0 1 3 
1853 385418.3781799623 6532226.8394071 0 1 3 
1854 385353.033676769 6532302.520806815 0 1 9 
1855 385288.1028607824 6532378.573348753 0 1 9 
1856 385223.1720447957 6532454.625890692 0 1 9 
1857 385158.2412288091 6532530.67843263 0 1 9 
1858 385093.3104128225 6532606.730974569 0 1 4 
1859 385028.3795968358 6532682.783516508 0 1 4 
1860 384963.4487808492 6532758.836058446 0 1 4 
1861 384898.5179648626 6532834.888600385 0 1 4 
1862 384833.5871488759 6532910.941142323 0 1 4 
1863 384768.6563328893 6532986.993684262 0 1 4 
1864 384703.7255169027 6533063.0462262 0 1 9 
1865 384638.794700916 6533139.098768138 0 1 9 
1866 384573.8638849295 6533215.151310077 0 1 9 
1867 384508.9330689428 6533291.203852016 0 1 9 
1868 384444.0022529562 6533367.256393954 0 1 9 
1869 384379.0714369696 6533443.308935893 0 1 4 
1870 384314.1406209829 6533519.361477831 0 1 4 
1871 384249.2098049963 6533595.41401977 0 1 4 
1872 384184.2789890096 6533671.466561709 0 1 4 
1873 384119.348173023 6533747.519103647 0 1 4 
1874 384054.4173570364 6533823.571645585 0 1 9 
1875 383989.4865410497 6533899.624187523 0 1 9 
1876 383924.5557250631 6533975.676729462 0 1 9 
1877 383859.6249090765 6534051.729271401 0 1 9 
1878 383794.6940930898 6534127.781813339 0 1 9 
1879 383729.7632771033 6534203.834355278 0 1 4 
1880 383664.8324611166 6534279.886897217 0 1 4 
1881 383599.90164513 6534355.939439155 0 1 4 
1882 383534.9708291434 6534431.991981094 0 1 4 
1883 383470.0400131567 6534508.044523032 0 1 4 
1884 383405.9193052977 6534584.776148804 0 1 4 
1885 383342.3730889057 6534661.989349633 0 1 4 
1886 383278.8268725137 6534739.202550462 0 1 4 
1887 383215.2806561217 6534816.415751291 0 1 4 
1888 383151.7344397298 6534893.62895212 0 1 4 
1889 383088.1882233378 6534970.842152949 0 1 4 
1890 383024.6420069458 6535048.055353778 0 1 4 
1891 382961.0957905538 6535125.268554607 0 1 4 
1892 382897.5495741618 6535202.481755436 0 1 4 
1893 382834.0033577699 6535279.694956265 0 1 4 
1894 382770.4571413778 6535356.908157094 0 1 4 
1895 382706.9109249859 6535434.121357923 0 1 4 
1896 382643.3647085939 6535511.334558752 0 1 4 
1897 382579.8184922019 6535588.547759581 0 1 4 
1898 382516.2722758099 6535665.76096041 0 1 9 
1899 382452.7260594179 6535742.974161239 0 1 9 
1900 382389.179843026 6535820.187362068 0 1 9 
1901 382325.633626634 6535897.400562897 0 1 9 
1902 382262.087410242 6535974.613763726 0 1 9 
1903 382198.54119385 6536051.826964555 0 1 9 
1904 382134.994977458 6536129.040165384 0 1 9 
1905 382071.448761066 6536206.253366213 0 1 9 
1906 382007.9025446741 6536283.466567042 0 1 9 
1907 381944.356328282 6536360.679767871 0 1 9 
1908 381884.4476190845 6536440.715048048 0 1 4 
1909 381825.4485598734 6536521.456060006 0 1 9 
1910 381766.4495006623 6536602.197071966 0 1 9 
1911 381707.4504414512 6536682.938083925 0 1 4 
1912 381648.45138224 6536763.679095885 0 1 4 
1913 381589.4523230289 6536844.420107843 0 1 9 
1914 381530.4532638178 6536925.161119803 0 1 9 
1915 381471.4542046067 6537005.902131762 0 1 4 
1916 381412.4551453956 6537086.643143721 0 1 9 
1917 381353.4560861845 6537167.38415568 0 1 9 
1918 381294.4570269734 6537248.12516764 0 1 4 
1919 381235.4579677623 6537328.866179599 0 1 4 
1920 381176.4589085512 6537409.607191558 0 1 9 
1921 381117.4598493401 6537490.348203517 0 1 9 
1922 381058.460790129 6537571.089215477 0 1 4 
1923 380999.4617309179 6537651.830227436 0 1 4 
1924 380944.5548871889 6537735.308730036 0 1 9 
1925 380892.4467641377 6537820.65943895 0 1 9 
1926 380840.3386410865 6537906.010147864 0 1 4 
1927 380788.2305180352 6537991.360856778 0 1 4 
1928 380736.1223949839 6538076.711565691 0 1 9 
1929 380684.0142719327 6538162.062274605 0 1 9 
1930 380631.9061488815 6538247.412983519 0 1 4 
1931 380579.7980258302 6538332.763692432 0 1 9 
1932 380527.6899027789 6538418.114401346 0 1 9 
1933 380475.5817797277 6538503.46511026 0 1 4 
1934 380423.4736566765 6538588.815819174 0 1 4 
1935 380371.3655336252 6538674.166528087 0 1 9 
1936 380319.2574105739 6538759.517237001 0 1 9 
1937 380267.1492875227 6538844.867945915 0 1 4 
1938 380215.0411644715 6538930.218654828 0 1 9 
1939 380162.9330414202 6539015.569363742 0 1 9 
1940 380110.8249183689 6539100.920072656 0 1 4 
1941 380058.7167953177 6539186.27078157 0 1 4 
1942 380006.6086722665 6539271.621490483 0 1 9 
1943 379954.5005492152 6539356.972199397 0 1 9 
1944 379902.3924261639 6539442.322908311 0 1 4 
1945 379850.2843031127 6539527.673617225 0 1 4 
1946 379798.1761800615 6539613.024326138 0 1 9 
1947 379746.0680570102 6539698.375035052 0 1 4 
1948 379693.9599339589 6539783.725743966 0 1 4 
1949 379641.8518109077 6539869.076452879 0 1 9 
1950 379589.7436878565 6539954.427161793 0 1 9 
1951 379537.6355648052 6540039.777870707 0 1 4 
1952 379485.5274417539 6540125.128579621 0 1 4 
1953 379433.4193187027 6540210.479288534 0 1 9 
1954 379381.3111956515 6540295.829997448 0 1 4 
1955 379329.2030726002 6540381.180706362 0 1 4 
1956 379277.0949495489 6540466.531415275 0 1 9 
1957 379224.9868264977 6540551.882124189 0 1 9 
1958 379172.8787034465 6540637.232833103 0 1 4 
1959 379120.7705803952 6540722.583542017 0 1 4 
1960 379068.6624573439 6540807.93425093 0 1 9 
1961 379016.5543342927 6540893.284959844 0 1 9 
1962 378964.4462112415 6540978.635668758 0 1 4 
1963 378912.3380881902 6541063.986377671 0 1 9 
1964 378860.2299651389 6541149.337086585 0 1 9 
1965 378808.1218420877 6541234.687795499 0 1 4 
1966 378756.0137190365 6541320.038504413 0 1 4 
1967 378703.9055959852 6541405.389213326 0 1 9 
1968 378651.7974729339 6541490.73992224 0 1 9 
1969 378599.6893498827 6541576.090631154 0 1 4 
1970 378547.5812268315 6541661.441340067 0 1 9 
1971 378495.4731037802 6541746.792048981 0 1 9 
1972 378446.6930240091 6541834.044462048 0 1 9 
1973 378399.6163922677 6541922.270256145 0 1 4 
1974 378352.5397605263 6542010.49605024 0 1 9 
1975 378305.463128785 6542098.721844337 0 1 4 
1976 378258.3864970436 6542186.947638432 0 1 9 
1977 378211.3098653022 6542275.173432529 0 1 9 
1978 378164.2332335609 6542363.399226625 0 1 4 
1979 378117.1566018195 6542451.625020721 0 1 9 
1980 378070.0799700781 6542539.850814817 0 1 4 
1981 378023.0033383367 6542628.076608913 0 1 9 
1982 377975.9267065953 6542716.302403009 0 1 9 
1983 377928.850074854 6542804.528197106 0 1 4 
1984 377881.7734431126 6542892.753991202 0 1 9 
1985 377834.6968113713 6542980.979785298 0 1 4 
1986 377787.6201796299 6543069.205579394 0 1 9 
1987 377740.5435478885 6543157.43137349 0 1 9 
1988 377693.4669161472 6543245.657167586 0 1 4 
1989 377646.3902844058 6543333.882961682 0 1 9 
1990 377599.3136526644 6543422.108755779 0 1 4 
1991 377552.2370209231 6543510.334549874 0 1 9 
1992 377505.1603891817 6543598.560343971 0 1 4 
1993 377458.0837574403 6543686.786138067 0 1 4 
1994 377411.0071256989 6543775.011932163 0 1 9 
1995 377363.9304939575 6543863.237726259 0 1 4 
1996 377318.9646593031 6543952.532451091 0 1 4 
1997 377275.7053231985 6544042.691365458 0 1 4 
1998 377232.445987094 6544132.850279825 0 1 9 
1999 377189.1866509895 6544223.009194192 0 1 4 
2000 377145.9273148849 6544313.168108558 0 1 9 
2001 377102.6679787803 6544403.327022925 0 1 9 
2002 377059.4086426758 6544493.485937292 0 1 9 
2003 377016.1493065713 6544583.644851658 0 1 9 
2004 376972.8899704667 6544673.803766025 0 1 9 
2005 376929.6306343622 6544763.962680392 0 1 9 
2006 376886.3712982577 6544854.121594759 0 1 9 
2007 376843.1119621531 6544944.280509125 0 1 9 
2008 376799.8526260486 6545034.439423492 0 1 9 
2009 376756.5932899441 6545124.598337859 0 1 9 
2010 376713.3339538395 6545214.757252226 0 1 9 
2011 376670.0746177349 6545304.916166592 0 1 9 
2012 376626.8152816304 6545395.075080959 0 1 9 
2013 376583.5559455259 6545485.233995327 0 1 4 
2014 376540.2966094213 6545575.392909694 0 1 4 
2015 376497.0372733168 6545665.55182406 0 1 4 
2016 376453.7779372123 6545755.710738427 0 1 4 
2017 376410.5186011077 6545845.869652794 0 1 4 
2018 376367.2592650031 6545936.02856716 0 1 4 
2019 376323.9999288986 6546026.187481527 0 1 4 
2020 376280.7405927941 6546116.346395894 0 1 4 
2021 376237.4812566895 6546206.505310261 0 1 4 
2022 376194.3195398574 6546296.709608777 0 1 9 
2023 376153.2697806998 6546387.895776989 0 1 9 
2024 376112.2200215422 6546479.081945201 0 1 4 
2025 376071.1702623846 6546570.268113413 0 1 4 
2026 376030.1205032271 6546661.454281624 0 1 4 
2027 375989.0707440695 6546752.640449836 0 1 4 
2028 375948.0209849118 6546843.826618047 0 1 4 
2029 375906.9712257542 6546935.012786259 0 1 4 
2030 375865.9214665967 6547026.19895447 0 1 4 
2031 375824.8717074391 6547117.385122682 0 1 4 
2032 375783.8219482815 6547208.571290893 0 1 4 
2033 375742.7721891239 6547299.757459105 0 1 4 
2034 375701.7224299663 6547390.943627317 0 1 4 
2035 375660.6726708087 6547482.129795528 0 1 4 
2036 375622.5069549457 6547574.550494195 0 1 9 
2037 375584.8665417503 6547667.196051533 0 1 4 
2038 375558.6509052657 6547752.246384657 0 1 4 
2039 375658.6443363585 6547753.392568889 0 1 4 
2040 375758.6377674512 6547754.538753122 0 1 4 
2041 375858.631198544 6547755.684937354 0 1 4 
2042 375958.6246296368 6547756.831121587 0 1 4 
2043 376058.6180607295 6547757.97730582 0 1 4 
2044 376158.6114918223 6547759.123490052 0 1 4 
2045 376258.6049229151 6547760.269674285 0 1 4 
2046 376358.5983540079 6547761.415858518 0 1 4 
2047 376458.5917851006 6547762.56204275 0 1 4 
2048 376558.5852161934 6547763.708226983 0 1 4 
2049 376658.5786472862 6547764.854411216 0 1 4 
2050 376758.5720783789 6547766.000595449 0 1 4 
2051 376858.5655094717 6547767.146779682 0 1 4 
2052 376958.5589405645 6547768.292963914 0 1 4 
2053 377058.5523716573 6547769.439148147 0 1 4 
2054 377158.54580275 6547770.58533238 0 1 4 
2055 377258.5392338428 6547771.731516612 0 1 4 
2056 377358.5326649356 6547772.877700845 0 1 4 
2057 377458.5260960283 6547774.023885077 0 1 4 
2058 377558.5195271211 6547775.17006931 0 1 4 
2059 377658.5129582139 6547776.316253543 0 1 4 
2060 377758.5063893066 6547777.462437775 0 1 4 
2061 377858.4998203994 6547778.608622008 0 1 4 
2062 377958.4932514922 6547779.754806241 0 1 4 
2063 378058.486682585 6547780.900990473 0 1 4 
2064 378158.4801136777 6547782.047174706 0 1 4 
2065 378258.4735447705 6547783.193358939 0 1 4 
2066 378358.4669758633 6547784.339543171 0 1 4 
2067 378458.460406956 6547785.485727404 0 1 4 
2068 378558.4538380488 6547786.631911636 0 1 4 
2069 378658.4472691416 6547787.778095869 0 1 4 
2070 378758.4407002344 6547788.924280102 0 1 4 
2071 378858.4341313271 6547790.070464334 0 1 4 
2072 378958.4275624199 6547791.216648567 0 1 4 
2073 379058.4209935127 6547792.3628328 0 1 4 
2074 379158.4144246054 6547793.509017033 0 1 4 
2075 379258.4078556982 6547794.655201266 0 1 4 
2076 379358.401286791 6547795.801385498 0 1 4 
2077 379458.3947178838 6547796.947569731 0 1 4 
2078 379558.3881489765 6547798.093753964 0 1 4 
2079 379658.3815800693 6547799.239938196 0 1 4 
2080 379758.3750111621 6547800.386122429 0 1 4 
2081 379858.3684422548 6547801.532306662 0 1 4 
2082 379958.3618733476 6547802.678490894 0 1 4 
2083 380058.3553044404 6547803.824675127 0 1 4 
2084 380158.3487355331 6547804.970859359 0 1 4 
2085 380258.342166626 6547806.117043592 0 1 4 
2086 380358.3355977187 6547807.263227825 0 1 4 
2087 380458.3290288115 6547808.409412057 0 1 4 
2088 380558.3224599042 6547809.55559629 0 1 4 
2089 380658.315890997 6547810.701780523 0 1 4 
2090 380758.3093220898 6547811.847964755 0 1 4 
2091 380858.3027531825 6547812.994148988 0 1 4 
2092 380958.2961842753 6547814.14033322 0 1 4 
2093 381058.2896153681 6547815.286517453 0 1 4 
2094 381158.2830464609 6547816.432701686 0 1 4 
2095 381258.2764775536 6547817.578885918 0 1 4 
2096 381358.2699086464 6547818.725070152 0 1 4 
2097 381458.2633397392 6547819.871254385 0 1 4 
2098 381558.2567708319 6547821.017438617 0 1 4 
2099 381658.2502019247 6547822.16362285 0 1 4 
2100 381758.2436330175 6547823.309807082 0 1 4 
2101 381858.2370641103 6547824.455991315 0 1 4 
2102 381958.2304952031 6547825.602175548 0 1 4 
2103 382058.2239262958 6547826.74835978 0 1 4 
2104 382158.2173573886 6547827.894544013 0 1 4 
2105 382258.2107884813 6547829.040728246 0 1 4 
2106 382358.2042195741 6547830.186912478 0 1 4 
2107 382458.1976506669 6547831.333096711 0 1 4 
2108 382558.1910817596 6547832.479280943 0 1 4 
2109 382658.1845128525 6547833.625465176 0 1 4 
2110 382758.1779439452 6547834.771649409 0 1 4 
2111 382858.171375038 6547835.917833641 0 1 4 
2112 382958.1648061307 6547837.064017874 0 1 4 
2113 383058.1582372235 6547838.210202107 0 1 4 
2114 383158.1516683163 6547839.356386339 0 1 4 
2115 383258.145099409 6547840.502570572 0 1 4 
2116 383358.1385305019 6547841.648754804 0 1 4 
2117 383458.1319615946 6547842.794939037 0 1 4 
2118 383558.1253926874 6547843.94112327 0 1 4 
2119 383658.1188237802 6547845.087307503 0 1 4 
2120 383758.1122548729 6547846.233491736 0 1 4 
2121 383858.1056859657 6547847.379675969 0 1 4 
2122 383958.0991170584 6547848.525860201 0 1 4 
2123 384058.0925481512 6547849.672044434 0 1 4 
2124 384158.085979244 6547850.818228666 0 1 4 
2125 384258.0794103368 6547851.964412899 0 1 4 
2126 384358.0728414296 6547853.110597132 0 1 4 
2127 384458.0662725223 6547854.256781364 0 1 4 
2128 384558.0597036151 6547855.402965597 0 1 4 
2129 384658.0531347079 6547856.54914983 0 1 4 
2130 384747.0510673834 6547845.619655751 0 1 6 
2131 384755.2526928575 6547745.956556563 0 1 4 
2132 384763.4543183316 6547646.293457377 0 1 6 
2133 378953.7955981866 6527656.115900235 0 2 8 1 
2134 378912.5772877684 6527747.226003332 0 1 8 
2135 378871.3589773501 6527838.336106428 0 1 5 
2136 378830.1406669319 6527929.446209525 0 1 5 
2137 378788.9223565137 6528020.556312622 0 1 8 
2138 378747.7040460955 6528111.666415718 0 2 8 1 
2139 378706.4857356772 6528202.776518814 0 1 5 
2140 378665.2674252591 6528293.886621911 0 1 5 
2141 378624.0491148408 6528384.996725008 0 1 8 
2142 378582.8308044226 6528476.106828105 0 1 8 
2143 378541.6124940044 6528567.216931201 0 2 5 1 
2144 378500.3941835862 6528658.327034297 0 1 5 
2145 378459.1758731679 6528749.437137394 0 1 8 
2146 378417.9575627497 6528840.547240491 0 1 8 
2147 378376.7392523315 6528931.657343587 0 1 5 
2148 378335.5209419133 6529022.767446684 0 2 5 1 
2149 378294.3026314951 6529113.877549781 0 1 8 
2150 378253.0843210769 6529204.987652877 0 1 8 
2151 378211.8660106586 6529296.097755973 0 1 5 
2152 378170.6477002404 6529387.20785907 0 1 5 
2153 378129.4293898222 6529478.317962167 0 1 8 
2154 378084.5742089904 6529567.58195508 0 1 8 
2155 378035.3568862826 6529654.631683083 0 1 5 
2156 377986.1395635747 6529741.681411087 0 1 5 
2157 377936.9222408668 6529828.73113909 0 1 5 
2158 377887.7049181589 6529915.780867093 0 1 5 
2159 377838.4875954511 6530002.830595097 0 1 5 
2160 377789.2702727432 6530089.880323101 0 1 8 
2161 377742.9002803746 6530178.47504393 0 1 8 
2162 377696.7471416482 6530267.187431935 0 1 5 
2163 377650.5940029218 6530355.899819941 0 1 5 
2164 377604.4408641955 6530444.612207947 0 1 5 
2165 377558.2877254691 6530533.324595953 0 1 5 
2166 377512.1345867427 6530622.036983959 0 1 8 
2167 377466.0925129402 6530710.803725659 0 1 8 
2168 377424.3580587395 6530801.678558988 0 1 5 
2169 377382.6236045389 6530892.553392317 0 1 8 
2170 377340.8891503382 6530983.428225646 0 1 8 
2171 377299.1546961375 6531074.303058974 0 1 5 
2172 377257.4202419368 6531165.177892304 0 1 8 
2173 377215.6857877361 6531256.052725633 0 1 8 
2174 377251.9691401634 6531307.930449692 0 1 8 
2175 377341.9065399515 6531290.234550572 0 1 3 
2176 377423.9096168962 6531233.002606942 0 1 8 
2177 377505.9126938409 6531175.770663314 0 1 3 
2178 377587.9157707857 6531118.538719684 0 1 3 
2179 377669.9188477304 6531061.306776054 0 1 8 
2180 377751.9160964967 6531004.066482702 0 1 8 
2181 377833.9126849615 6530946.825243372 0 1 8 
2182 377915.9092734263 6530889.584004041 0 1 8 
2183 377997.9058618911 6530832.34276471 0 1 3 
2184 378079.9024503559 6530775.101525379 0 1 3 
2185 378161.8990388207 6530717.860286049 0 1 3 
2186 378243.8956272855 6530660.619046717 0 1 8 
2187 378325.8922157503 6530603.377807386 0 1 8 
2188 378407.8888042151 6530546.136568055 0 1 8 
2189 378489.8853926799 6530488.895328725 0 1 3 
2190 378571.8819811447 6530431.654089394 0 1 3 
2191 378653.8785696095 6530374.412850063 0 1 3 
2192 378735.8751580743 6530317.171610733 0 1 3 
2193 378817.8717465391 6530259.930371401 0 1 8 
2194 378899.8683350039 6530202.68913207 0 1 8 
2195 378981.8649234687 6530145.447892739 0 1 8 
2196 379063.8615119335 6530088.206653409 0 1 3 
2197 379147.6742068144 6530033.706935139 0 1 8 
2198 379232.3623406494 6529980.528744238 0 1 3 
2199 379317.0504744843 6529927.350553337 0 1 8 
2200 379401.7386083193 6529874.172362436 0 1 3 
2201 379486.4267421543 6529820.994171534 0 1 8 
2202 379571.1148759893 6529767.815980633 0 1 3 
2203 379655.8030098242 6529714.637789731 0 1 8 
2204 379740.4911436592 6529661.45959883 0 1 3 
2205 379825.1792774941 6529608.281407928 0 1 8 
2206 379909.8674113291 6529555.103217027 0 1 3 
2207 379994.5555451641 6529501.925026125 0 1 8 
2208 380079.2436789991 6529448.746835223 0 1 8 
2209 380163.9318128341 6529395.568644322 0 1 3 
2210 380248.619946669 6529342.390453421 0 1 8 
2211 380333.3080805039 6529289.21226252 0 1 3 
2212 380417.9962143389 6529236.034071618 0 1 8 
2213 380502.6843481739 6529182.855880717 0 1 3 
2214 380587.3724820089 6529129.677689815 0 1 8 
2215 380672.0606158439 6529076.499498914 0 1 3 
2216 380746.6519217999 6529010.040567466 0 1 8 
2217 380820.5413535287 6528942.658434235 0 1 8 
2218 380894.4307852575 6528875.276301004 0 1 3 
2219 380957.3866792742 6528798.632531051 0 1 8 
2220 381011.7005517108 6528714.668233514 0 1 3 
2221 381066.0144241473 6528630.703935976 0 1 3 
2222 381120.3282965839 6528546.739638438 0 1 8 
2223 381174.6421690205 6528462.775340902 0 1 3 
2224 381228.956041457 6528378.811043364 0 1 3 
2225 381283.2699138936 6528294.846745826 0 1 8 
2226 381354.5054561089 6528224.74027788 0 1 3 
2227 381426.1152653263 6528154.940312093 0 1 3 
2228 381497.7250745437 6528085.140346306 0 1 3 
2229 381580.8019288667 6528029.668460879 0 1 3 
2230 381664.5974147711 6527975.094506083 0 1 8 
2231 381748.3929006755 6527920.520551288 0 1 8 
2232 381832.1883865799 6527865.946596492 0 1 3 
2233 381915.9838724842 6527811.372641697 0 1 3 
2234 381999.7793583886 6527756.7986869 0 1 8 
2235 382083.5748442929 6527702.224732105 0 1 3 
2236 382167.3703301973 6527647.650777309 0 1 3 
2237 382251.1658161017 6527593.076822513 0 1 8 
2238 382334.961302006 6527538.502867717 0 1 8 
2239 382418.7567879104 6527483.928912922 0 1 3 
2240 382502.5522738148 6527429.354958125 0 1 8 
2241 382586.3477597192 6527374.78100333 0 1 8 
2242 382670.1432456236 6527320.207048534 0 1 3 
2243 382734.6303815709 6527271.246870901 0 1 8 
2244 382634.6368626588 6527270.108373827 0 1 8 
2245 382534.6433437468 6527268.969876754 0 1 8 
2246 382434.6498248347 6527267.831379682 0 1 8 
2247 382334.6563059227 6527266.692882609 0 1 8 
2248 382234.6627870106 6527265.554385535 0 1 8 
2249 382134.6692680985 6527264.415888462 0 1 8 
2250 382034.6757491865 6527263.27739139 0 1 8 
2251 381934.6822302744 6527262.138894317 0 1 8 
2252 381834.6887113624 6527261.000397244 0 1 8 
2253 381734.6951924504 6527259.861900171 0 1 8 
2254 381634.7016735383 6527258.723403098 0 1 8 
2255 381534.7081546262 6527257.584906025 0 1 8 
2256 381434.7146357142 6527256.446408952 0 1 8 
2257 381334.7211168021 6527255.307911879 0 1 8 
2258 381234.7275978901 6527254.169414806 0 1 8 
2259 381134.734078978 6527253.030917733 0 1 8 
2260 381034.740560066 6527251.89242066 0 1 8 
2261 380934.747041154 6527250.753923588 0 1 8 
2262 380834.7535222419 6527249.615426514 0 1 8 
2263 380734.7600033298 6527248.476929441 0 1 8 
2264 380634.7664844178 6527247.338432369 0 1 8 
2265 380534.7729655057 6527246.199935296 0 1 8 
2266 380434.7794465937 6527245.061438222 0 1 8 
2267 380334.7859276816 6527243.922941149 0 1 8 
2268 380234.7924087695 6527242.784444077 0 1 8 
2269 380134.7988898575 6527241.645947004 0 1 8 
2270 380034.8053709455 6527240.507449931 0 1 8 
2271 379934.8118520334 6527239.368952857 0 1 8 
2272 379834.8183331214 6527238.230455785 0 1 8 
2273 379734.8248142093 6527237.091958712 0 1 8 
2274 379634.8312952972 6527235.953461639 0 1 8 
2275 379534.8377763852 6527234.814964566 0 1 8 
2276 379434.8442574731 6527233.676467493 0 1 8 
2277 379334.8507385611 6527232.53797042 0 1 8 
2278 379234.8572196491 6527231.399473347 0 1 8 
2279 379134.863700737 6527230.260976274 0 1 8 
2280 379057.8441645417 6527259.249158021 0 1 8 
2281 379032.4837573575 6527355.979968766 0 1 5 
2282 379007.1233501734 6527452.710779511 0 1 8 
2283 378981.7629429891 6527549.441590257 0 1 8 
2284 378956.402535805 6527646.172401002 0 1 5 
2285 388370.2909388054 6528257.018241406 0 2 6 1 
2286 388319.4227395336 6528343.113690199 0 1 6 
2287 388268.5545402619 6528429.209138992 0 1 6 
2288 388298.7797777511 6528522.910962153 0 1 3 
2289 388332.7504617352 6528616.964099419 0 1 6 
2290 388366.7211457192 6528711.017236685 0 1 6 
2291 388400.6918297033 6528805.070373952 0 1 3 
2292 388434.6625136874 6528899.123511218 0 1 6 
2293 388468.6331976714 6528993.176648485 0 1 6 
2294 388502.6038816556 6529087.229785752 0 1 3 
2295 388536.5745656396 6529181.282923018 0 1 6 
2296 388570.5452496237 6529275.336060285 0 1 3 
2297 388604.5159336077 6529369.389197551 0 1 3 
2298 388645.3835042882 6529460.235582513 0 1 3 
2299 388695.4042747915 6529546.826127714 0 1 6 
2300 388723.0513514667 6529548.147044522 0 1 6 
2301 388724.1145582095 6529448.152696724 0 1 6 
2302 388725.1777649523 6529348.158348927 0 1 6 
2303 388726.240971695 6529248.16400113 0 1 6 
2304 388727.3041784378 6529148.169653333 0 1 6 
2305 388728.3673851806 6529048.175305535 0 1 6 
2306 388729.4305919233 6528948.180957737 0 1 6 
2307 388730.4937986661 6528848.186609941 0 1 6 
2308 388731.5570054088 6528748.192262143 0 1 6 
2309 388732.6202121516 6528648.197914345 0 1 6 
2310 388733.6834188943 6528548.203566548 0 1 6 
2311 388734.7466256371 6528448.209218751 0 1 6 
2312 388735.8098323799 6528348.214870953 0 1 6 
2313 388736.8730391226 6528248.220523156 0 1 6 
2314 388737.9362458654 6528148.226175359 0 1 6 
2315 388738.9994526081 6528048.231827561 0 1 6 
2316 388740.0626593509 6527948.237479764 0 1 6 
2317 388741.1258660936 6527848.243131966 0 1 6 
2318 388742.1890728364 6527748.24878417 0 1 6 
2319 388743.2522795791 6527648.254436372 0 1 6 
2320 388744.3154863219 6527548.260088574 0 1 6 
2321 388745.3786930646 6527448.265740777 0 1 6 
2322 388708.3690585251 6527518.544949093 0 1 6 
2323 388666.743152599 6527609.46955498 0 1 3 
2324 388625.1172466729 6527700.394160869 0 1 6 
2325 388583.4913407468 6527791.318766756 0 1 3 
2326 388541.8654348207 6527882.243372643 0 1 3 
2327 388500.2395288947 6527973.167978532 0 1 6 
2328 388458.6136229686 6528064.092584419 0 1 3 
2329 388416.9877170425 6528155.017190306 0 1 3 
2330 388375.3618111164 6528245.941796195 0 1 6 
2331 384552.3272752437 6529182.531480256 0 1 7 
2332 384452.3688538574 6529185.41487998 0 1 3 
2333 384352.4104324712 6529188.298279704 0 1 7 
2334 384252.4520110849 6529191.181679427 0 1 3 
2335 384152.9600967623 6529197.686380313 0 1 7 
2336 384055.5344421149 6529220.23059945 0 1 3 
2337 383958.1087874675 6529242.774818588 0 1 7 
2338 383860.6831328201 6529265.319037725 0 1 3 
2339 383763.2574781727 6529287.863256862 0 1 3 
2340 383667.4508725005 6529314.849155474 0 1 7 
2341 383578.3708369912 6529360.288645718 0 1 3 
2342 383489.2908014819 6529405.728135963 0 1 3 
2343 383400.2107659727 6529451.167626208 0 1 7 
2344 383311.1307304634 6529496.607116451 0 1 3 
2345 383223.1853194044 6529544.042135481 0 1 3 
2346 383138.5824416668 6529597.355858654 0 1 7 
2347 383053.9795639292 6529650.669581826 0 1 3 
2348 382969.3766861916 6529703.983304999 0 1 7 
2349 382884.773808454 6529757.297028171 0 1 3 
2350 382800.1709307164 6529810.610751344 0 1 7 
2351 382715.5680529788 6529863.924474516 0 1 3 
2352 382630.9651752412 6529917.238197689 0 1 7 
2353 382546.3622975036 6529970.551920861 0 1 3 
2354 382461.759419766 6530023.865644034 0 1 7 
2355 382377.1565420284 6530077.179367206 0 1 3 
2356 382292.5536642908 6530130.493090379 0 1 7 
2357 382207.9507865533 6530183.806813551 0 1 3 
2358 382123.3479088157 6530237.120536724 0 1 7 
2359 382038.7450310781 6530290.434259896 0 1 3 
2360 381956.2361970463 6530346.70081139 0 1 3 
2361 381877.9408683276 6530408.908861519 0 1 7 
2362 381799.6455396088 6530471.116911648 0 1 7 
2363 381721.3502108901 6530533.324961777 0 1 7 
2364 381643.0548821714 6530595.533011905 0 1 3 
2365 381564.7595534527 6530657.741062034 0 1 3 
2366 381486.4642247339 6530719.949112163 0 1 7 
2367 381408.1688960152 6530782.157162292 0 1 7 
2368 381333.1670435866 6530847.541952706 0 1 3 
2369 381273.823777606 6530928.030316976 0 1 7 
2370 381214.4805116255 6531008.518681245 0 1 7 
2371 381155.1372456449 6531089.007045514 0 1 3 
2372 381095.7939796644 6531169.495409784 0 1 7 
2373 381036.4507136839 6531249.983774053 0 1 3 
2374 381110.2912621346 6531209.280956727 0 1 9 
2375 381196.0057421056 6531157.773404628 0 1 9 
2376 381281.7202220766 6531106.265852528 0 1 7 
2377 381367.4347020476 6531054.758300428 0 1 9 
2378 381453.1491820185 6531003.250748329 0 1 9 
2379 381538.8636619895 6530951.743196229 0 1 7 
2380 381624.5781419605 6530900.235644129 0 1 9 
2381 381707.5734796132 6530844.717224509 0 1 7 
2382 381787.1550643609 6530784.163352882 0 1 7 
2383 381866.7366491087 6530723.609481256 0 1 9 
2384 381946.3182338564 6530663.055609629 0 1 9 
2385 382025.8998186042 6530602.501738002 0 1 9 
2386 382108.0640611108 6530545.597657274 0 1 9 
2387 382191.6445987159 6530490.69507324 0 1 9 
2388 382275.2251363211 6530435.792489205 0 1 7 
2389 382358.8056739263 6530380.889905171 0 1 7 
2390 382442.3862115314 6530325.987321137 0 1 7 
2391 382525.9667491366 6530271.084737103 0 1 9 
2392 382609.5472867417 6530216.182153069 0 1 9 
2393 382693.1278243469 6530161.279569034 0 1 7 
2394 382776.708361952 6530106.376985 0 1 7 
2395 382860.2888995572 6530051.474400966 0 1 7 
2396 382943.8694371624 6529996.571816932 0 1 9 
2397 383027.4499747676 6529941.669232898 0 1 9 
2398 383111.0305123727 6529886.766648863 0 1 7 
2399 383194.6110499779 6529831.864064829 0 1 7 
2400 383280.0251265782 6529780.010279131 0 1 9 
2401 383367.7020284706 6529731.919106609 0 1 9 
2402 383455.3789303631 6529683.827934087 0 1 9 
2403 383543.0558322556 6529635.736761564 0 1 7 
2404 383630.732734148 6529587.645589042 0 1 7 
2405 383718.4096360405 6529539.554416521 0 1 7 
2406 383807.6964679289 6529496.108550054 0 1 7 
2407 383906.3294213808 6529479.630064282 0 1 9 
2408 384004.9623748327 6529463.151578509 0 1 9 
2409 384103.5953282846 6529446.673092736 0 1 7 
2410 384202.2282817365 6529430.194606964 0 1 7 
2411 384300.8612351884 6529413.716121191 0 1 9 
2412 384399.4941886403 6529397.237635419 0 1 9 
2413 384498.1271420922 6529380.759149645 0 1 7 
2414 384596.760095544 6529364.280663873 0 1 7 
2415 384695.3930489959 6529347.802178101 0 1 9 
2416 384794.0260024478 6529331.323692327 0 1 7 
2417 384892.6589558996 6529314.845206555 0 1 7 
2418 384877.6716019801 6529289.679984484 0 1 3 
2419 384782.6900641195 6529258.398880513 0 1 7 
2420 384687.7085262589 6529227.117776542 0 1 3 
2421 384592.7269883984 6529195.836672571 0 1 7 
2422 370185.1911576442 6529602.597451815 0 1 8 
2423 370211.3497427133 6529506.07943056 0 1 3 
2424 370237.5083277825 6529409.561409303 0 1 8 
2425 370263.6669128516 6529313.043388047 0 1 8 
2426 370289.8254979207 6529216.525366792 0 1 3 
2427 370315.9840829899 6529120.007345535 0 1 8 
2428 370342.142668059 6529023.489324279 0 1 8 
2429 370368.3012531282 6528926.971303023 0 1 3 
2430 370394.4598381973 6528830.453281767 0 1 8 
2431 370420.6184232665 6528733.935260511 0 1 8 
2432 370446.7770083356 6528637.417239255 0 1 3 
2433 370472.9355934047 6528540.899217999 0 1 8 
2434 370499.0941784739 6528444.381196743 0 1 8 
2435 370525.252763543 6528347.863175487 0 1 3 
2436 370554.7108005166 6528252.356743882 0 1 3 
2437 370587.1457835214 6528157.763023808 0 1 8 
2438 370619.5807665262 6528063.169303734 0 1 3 
2439 370652.015749531 6527968.575583659 0 1 8 
2440 370684.4507325357 6527873.981863585 0 1 8 
2441 370716.8857155406 6527779.388143511 0 1 3 
2442 370749.3206985453 6527684.794423437 0 1 8 
2443 370781.7556815501 6527590.200703363 0 1 3 
2444 370814.1906645549 6527495.606983288 0 1 8 
2445 370847.1454345853 6527401.217106492 0 1 8 
2446 370887.6607881145 6527309.792240464 0 1 3 
2447 370928.1761416437 6527218.367374435 0 1 3 
2448 370959.8543101154 6527132.614825171 0 1 8 
2449 370859.8619650156 6527131.377521064 0 1 8 
2450 370759.8696199159 6527130.140216957 0 1 8 
2451 370659.8772748162 6527128.90291285 0 1 8 
2452 370559.8849297164 6527127.665608743 0 1 8 
2453 370459.8925846167 6527126.428304636 0 1 8 
2454 370359.9002395169 6527125.19100053 0 1 8 
2455 370259.9078944172 6527123.953696422 0 1 8 
2456 370175.6890858831 6527122.911573872 0 1 8 
2457 370174.4512986433 6527222.903912992 0 1 8 
2458 370173.2135114033 6527322.896252112 0 1 8 
2459 370171.9757241634 6527422.888591233 0 1 8 
2460 370170.7379369235 6527522.880930353 0 1 8 
2461 370169.5001496836 6527622.873269473 0 1 8 
2462 370168.2623624436 6527722.865608593 0 1 8 
2463 370167.0245752037 6527822.857947714 0 1 8 
2464 370165.7867879638 6527922.850286834 0 1 8 
2465 370164.5490007239 6528022.842625954 0 1 8 
2466 370163.311213484 6528122.834965075 0 1 8 
2467 370162.073426244 6528222.827304196 0 1 8 
2468 370160.8356390041 6528322.819643316 0 1 8 
2469 370159.5978517642 6528422.811982436 0 1 8 
2470 370158.3600645243 6528522.804321556 0 1 8 
2471 370157.1222772844 6528622.796660677 0 1 8 
2472 370155.8844900444 6528722.788999797 0 1 8 
2473 370154.6467028045 6528822.781338917 0 1 8 
2474 370153.4089155646 6528922.773678037 0 1 8 
2475 370152.1711283247 6529022.766017158 0 1 8 
2476 370150.9333410848 6529122.758356278 0 1 8 
2477 370149.6955538449 6529222.750695398 0 1 8 
2478 370148.457766605 6529322.743034518 0 1 8 
2479 370147.219979365 6529422.735373639 0 1 8 
2480 370145.9821921251 6529522.727712759 0 1 8 
2481 370144.7444048852 6529622.720051879 0 1 8 
2482 370143.5066176453 6529722.712390999 0 1 8 
2483 370142.2688304054 6529822.70473012 0 1 8 
2484 370157.1061328676 6529756.513733957 0 1 8 
2485 370175.0566952447 6529658.138039244 0 1 3 
2486 370070.4471168976 6544613.211287944 0 1 8 
2487 370127.02795925 6544530.757614413 0 1 3 
2488 370183.6088016023 6544448.303940882 0 1 8 
2489 370240.1896439547 6544365.850267352 0 1 8 
2490 370300.1171258697 6544286.108841049 0 1 3 
2491 370369.0624783752 6544213.675848788 0 1 3 
2492 370438.0078308806 6544141.242856526 0 1 8 
2493 370506.953183386 6544068.809864265 0 1 8 
2494 370575.8985358914 6543996.376872004 0 1 3 
2495 370644.8438883969 6543923.943879743 0 1 3 
2496 370713.7892409023 6543851.510887481 0 1 8 
2497 370782.7345934077 6543779.07789522 0 1 8 
2498 370854.4981571672 6543709.468104971 0 1 3 
2499 370927.0530229384 6543640.651018045 0 1 3 
2500 370999.6078887097 6543571.833931119 0 1 8 
2501 371072.162754481 6543503.016844193 0 1 8 
2502 371144.7176202523 6543434.199757269 0 1 3 
2503 371217.2724860235 6543365.382670343 0 1 3 
2504 371289.8273517948 6543296.565583417 0 1 8 
2505 371362.3822175661 6543227.748496491 0 1 8 
2506 371434.9370833373 6543158.931409567 0 1 3 
2507 371507.4919491087 6543090.114322641 0 1 3 
2508 371580.0468148799 6543021.297235715 0 1 8 
2509 371652.6016806512 6542952.480148789 0 1 8 
2510 371725.1565464225 6542883.663061865 0 1 3 
2511 371797.7114121937 6542814.845974939 0 1 3 
2512 371870.266277965 6542746.028888013 0 1 8 
2513 371942.8211437363 6542677.211801087 0 1 8 
2514 372016.4700066622 6542609.631810272 0 1 3 
2515 372093.6448014106 6542546.038956463 0 1 3 
2516 372170.819596159 6542482.446102655 0 1 3 
2517 372247.9943909075 6542418.853248846 0 1 8 
2518 372325.1691856559 6542355.260395037 0 1 8 
2519 372402.3439804043 6542291.667541228 0 1 8 
2520 372479.5187751527 6542228.074687419 0 1 8 
2521 372556.6935699012 6542164.481833611 0 1 8 
2522 372633.8683646496 6542100.888979802 0 1 8 
2523 372711.043159398 6542037.296125993 0 1 8 
2524 372788.2179541464 6541973.703272184 0 1 8 
2525 372865.3927488949 6541910.110418376 0 1 8 
2526 372942.5675436433 6541846.517564567 0 1 8 
2527 373019.7423383917 6541782.924710758 0 1 8 
2528 373096.9171331401 6541719.33185695 0 1 3 
2529 373174.0919278886 6541655.739003141 0 1 3 
2530 373251.266722637 6541592.146149333 0 1 3 
2531 373328.4415173854 6541528.553295524 0 1 3 
2532 373405.6163121338 6541464.960441715 0 1 3 
2533 373482.7911068823 6541401.367587906 0 1 3 
2534 373559.9659016307 6541337.774734098 0 1 3 
2535 373637.1406963791 6541274.181880289 0 1 3 
2536 373714.3154911275 6541210.58902648 0 1 3 
2537 373791.490285876 6541146.996172671 0 1 3 
2538 373868.6650806244 6541083.403318862 0 1 8 
2539 373945.8398753728 6541019.810465054 0 1 8 
2540 374023.0146701213 6540956.217611245 0 1 8 
2541 374100.1894648697 6540892.624757436 0 1 8 
2542 374177.3642596181 6540829.031903627 0 1 8 
2543 374254.5390543665 6540765.439049819 0 1 8 
2544 374331.713849115 6540701.84619601 0 1 8 
2545 374408.8886438634 6540638.253342201 0 1 8 
2546 374486.0634386118 6540574.660488392 0 1 8 
2547 374563.2382333602 6540511.067634583 0 1 8 
2548 374640.4130281087 6540447.474780775 0 1 8 
2549 374717.5878228571 6540383.881926967 0 1 3 
2550 374794.7626176055 6540320.289073158 0 1 3 
2551 374871.9374123539 6540256.696219349 0 1 3 
2552 374949.1122071024 6540193.103365541 0 1 3 
2553 375024.8329637419 6540127.803491594 0 1 3 
2554 375099.8904931765 6540061.724998306 0 1 3 
2555 375174.9480226111 6539995.646505019 0 1 3 
2556 375250.0055520458 6539929.568011731 0 1 3 
2557 375325.0630814804 6539863.489518443 0 1 8 
2558 375400.120610915 6539797.411025155 0 1 8 
2559 375475.1781403496 6539731.332531868 0 1 8 
2560 375550.2356697843 6539665.25403858 0 1 8 
2561 375625.2931992189 6539599.175545292 0 1 8 
2562 375700.3507286535 6539533.097052005 0 1 3 
2563 375775.4082580882 6539467.018558717 0 1 3 
2564 375850.4657875228 6539400.94006543 0 1 3 
2565 375925.5233169575 6539334.861572142 0 1 3 
2566 376000.5808463921 6539268.783078854 0 1 8 
2567 376075.6383758267 6539202.704585566 0 1 8 
2568 376150.6959052613 6539136.626092278 0 1 8 
2569 376225.753434696 6539070.547598991 0 1 8 
2570 376300.8109641306 6539004.469105704 0 1 3 
2571 376375.8684935652 6538938.390612416 0 1 3 
2572 376450.9260229999 6538872.312119128 0 1 3 
2573 376525.9835524345 6538806.23362584 0 1 3 
2574 376601.0410818692 6538740.155132553 0 1 8 
2575 376676.0986113038 6538674.076639265 0 1 8 
2576 376751.1561407384 6538607.998145977 0 1 8 
2577 376826.2136701731 6538541.919652689 0 1 8 
2578 376901.2711996077 6538475.841159402 0 1 3 
2579 376976.3287290423 6538409.762666115 0 1 3 
2580 377051.3862584769 6538343.684172827 0 1 3 
2581 377126.4437879116 6538277.605679539 0 1 3 
2582 377201.5013173462 6538211.527186251 0 1 8 
2583 377268.0743886709 6538137.364871315 0 1 8 
2584 377330.4478516808 6538059.201253742 0 1 3 
2585 377392.8213146906 6537981.037636168 0 1 8 
2586 377455.1947777005 6537902.874018595 0 1 8 
2587 377517.5682407104 6537824.710401022 0 1 3 
2588 377579.9417037202 6537746.546783448 0 1 8 
2589 377642.31516673 6537668.383165875 0 1 8 
2590 377704.6886297399 6537590.219548302 0 1 3 
2591 377767.0620927498 6537512.055930728 0 1 3 
2592 377829.4355557596 6537433.892313154 0 1 8 
2593 377891.8090187695 6537355.728695582 0 1 3 
2594 377949.4263963164 6537274.320867622 0 1 3 
2595 377999.4382053369 6537187.725146258 0 1 8 
2596 378049.4500143573 6537101.129424894 0 1 8 
2597 378099.4618233778 6537014.533703531 0 1 3 
2598 378149.4736323983 6536927.937982167 0 1 8 
2599 378199.4854414188 6536841.342260803 0 1 8 
2600 378249.4972504392 6536754.74653944 0 1 3 
2601 378296.4450919936 6536666.509834141 0 1 8 
2602 378340.8100190022 6536576.889784758 0 1 8 
2603 378385.1749460107 6536487.269735374 0 1 8 
2604 378429.5398730193 6536397.649685991 0 1 8 
2605 378473.9048000278 6536308.029636608 0 1 3 
2606 378518.2697270364 6536218.409587224 0 1 3 
2607 378562.6346540449 6536128.789537841 0 1 3 
2608 378606.9995810535 6536039.169488456 0 1 8 
2609 378651.3645080621 6535949.549439073 0 1 8 
2610 378695.7294350707 6535859.929389689 0 1 8 
2611 378742.4164857175 6535771.644622243 0 1 3 
2612 378797.5564805404 6535688.220519185 0 1 8 
2613 378852.6964753632 6535604.796416128 0 1 3 
2614 378907.8364701861 6535521.372313071 0 1 3 
2615 378962.976465009 6535437.948210013 0 1 8 
2616 379018.1164598318 6535354.524106956 0 1 3 
2617 379073.2564546547 6535271.100003898 0 1 8 
2618 379128.3964494776 6535187.675900841 0 1 3 
2619 379183.5364443005 6535104.251797783 0 1 8 
2620 379238.6764391233 6535020.827694726 0 1 8 
2621 379293.8164339463 6534937.403591669 0 1 3 
2622 379363.4006254362 6534865.83506243 0 1 3 
2623 379434.473371835 6534795.488316099 0 1 8 
2624 379505.5461182339 6534725.141569769 0 1 3 
2625 379576.6188646327 6534654.794823438 0 1 3 
2626 379647.6916110316 6534584.448077107 0 1 8 
2627 379718.7643574305 6534514.101330777 0 1 3 
2628 379789.8371038293 6534443.754584446 0 1 3 
2629 379860.9098502282 6534373.407838115 0 1 8 
2630 379931.982596627 6534303.061091784 0 1 3 
2631 380007.3810698587 6534237.516385989 0 1 3 
2632 380084.7431655133 6534174.151520678 0 1 3 
2633 380162.1052611679 6534110.786655366 0 1 3 
2634 380239.4673568225 6534047.421790055 0 1 3 
2635 380316.8294524771 6533984.056924744 0 1 3 
2636 380394.1915481317 6533920.692059432 0 1 3 
2637 380471.5536437863 6533857.327194121 0 1 8 
2638 380548.9157394409 6533793.962328809 0 1 8 
2639 380626.2778350955 6533730.597463498 0 1 8 
2640 380689.0734487852 6533652.794138259 0 1 3 
2641 380751.7529367795 6533574.875707931 0 1 8 
2642 380814.4324247738 6533496.957277603 0 1 8 
2643 380877.1119127682 6533419.038847275 0 1 3 
2644 380939.7914007624 6533341.120416947 0 1 8 
2645 381002.4708887568 6533263.201986619 0 1 3 
2646 381057.285957036 6533179.607623188 0 1 3 
2647 381111.4914801007 6533095.573336915 0 1 8 
2648 381165.6970031653 6533011.539050643 0 1 3 
2649 381219.90252623 6532927.504764371 0 1 8 
2650 381274.1080492947 6532843.470478099 0 1 3 
2651 381328.3135723593 6532759.436191826 0 1 8 
2652 381375.4243774331 6532671.445868577 0 1 8 
2653 381418.4198575328 6532581.16082723 0 1 8 
2654 381461.4153376324 6532490.875785884 0 1 3 
2655 381504.410817732 6532400.590744536 0 1 8 
2656 381547.4062978317 6532310.305703189 0 1 8 
2657 381590.4017779313 6532220.020661843 0 1 3 
2658 381633.3972580309 6532129.735620496 0 1 8 
2659 381676.3927381306 6532039.450579149 0 1 8 
2660 381719.3882182302 6531949.165537803 0 1 3 
2661 381747.7841210322 6531853.468426618 0 1 8 
2662 381774.0280322474 6531756.97357119 0 1 8 
2663 381800.2719434627 6531660.478715762 0 1 8 
2664 381826.5158546779 6531563.983860333 0 1 3 
2665 381852.7597658932 6531467.489004905 0 1 3 
2666 381862.956549329 6531393.014943197 0 1 3 
2667 381779.1382307846 6531447.553823608 0 1 8 
2668 381695.3199122401 6531502.092704018 0 1 8 
2669 381611.5015936955 6531556.631584427 0 1 3 
2670 381527.6827688887 6531611.169686749 0 1 8 
2671 381443.8620597364 6531665.704892966 0 1 3 
2672 381360.0413505841 6531720.240099184 0 1 8 
2673 381276.2206414317 6531774.775305402 0 1 8 
2674 381192.3999322794 6531829.310511619 0 1 3 
2675 381105.1147821366 6531877.714988475 0 1 3 
2676 381017.4827800145 6531925.42234766 0 1 3 
2677 380934.6338793803 6531981.422880369 0 1 3 
2678 380849.1492237708 6532033.268331144 0 1 8 
2679 380763.1830839468 6532084.354755992 0 1 8 
2680 380677.2169441229 6532135.44118084 0 1 8 
2681 380591.2508042988 6532186.527605688 0 1 8 
2682 380505.2846644749 6532237.614030536 0 1 8 
2683 380419.3184410917 6532288.700314762 0 1 8 
2684 380333.348304676 6532339.78001371 0 1 8 
2685 380247.3781682603 6532390.859712658 0 1 3 
2686 380161.4080318446 6532441.939411608 0 1 8 
2687 380075.4378954289 6532493.019110556 0 1 8 
2688 379989.4677590132 6532544.098809504 0 1 3 
2689 379903.4976225975 6532595.178508452 0 1 3 
2690 379817.5274861818 6532646.258207401 0 1 8 
2691 379731.5573497661 6532697.337906349 0 1 3 
2692 379645.5872133505 6532748.417605298 0 1 3 
2693 379559.6145862666 6532799.493111948 0 1 8 
2694 379473.6406183816 6532850.566361757 0 1 3 
2695 379387.6666504966 6532901.639611566 0 1 3 
2696 379301.6926826116 6532952.712861376 0 1 3 
2697 379215.7187147266 6533003.786111185 0 1 3 
2698 379124.2040990824 6533039.652305237 0 1 8 
2699 379025.5257304242 6533055.856612039 0 1 3 
2700 378936.5617059596 6533100.693873151 0 1 8 
2701 378848.3948609881 6533147.880814647 0 1 8 
2702 378760.2280160166 6533195.067756143 0 1 8 
2703 378672.0611710451 6533242.254697639 0 1 3 
2704 378583.8943260736 6533289.441639136 0 1 3 
2705 378495.7274811022 6533336.628580633 0 1 8 
2706 378407.5606361307 6533383.815522129 0 1 8 
2707 378312.0122733514 6533412.650449423 0 1 3 
2708 378215.727097915 6533439.653504643 0 1 3 
2709 378119.4419224787 6533466.656559863 0 1 8 
2710 378023.1567470424 6533493.659615083 0 1 8 
2711 377948.9362358496 6533545.19035529 0 1 3 
2712 377886.5108150776 6533621.784632717 0 1 8 
2713 377842.9259228049 6533711.786616948 0 1 3 
2714 377799.3410305322 6533801.78860118 0 1 3 
2715 377755.7561382595 6533891.790585411 0 1 3 
2716 377712.1712459867 6533981.792569643 0 1 8 
2717 377668.586353714 6534071.794553874 0 1 8 
2718 377625.0014614413 6534161.796538105 0 1 8 
2719 377581.4165691686 6534251.798522336 0 1 3 
2720 377537.8316768958 6534341.800506568 0 1 3 
2721 377483.1074476345 6534420.703067021 0 1 8 
2722 377393.2624914542 6534464.610741168 0 1 8 
2723 377303.4175352739 6534508.518415314 0 1 3 
2724 377213.5725790936 6534552.426089461 0 1 3 
2725 377123.7276229133 6534596.333763608 0 1 8 
2726 377033.8826667329 6534640.241437754 0 1 3 
2727 376944.0377105526 6534684.1491119 0 1 3 
2728 376854.1927543723 6534728.056786047 0 1 8 
2729 376764.347798192 6534771.964460193 0 1 3 
2730 376674.2716554617 6534815.318708797 0 1 8 
2731 376579.8911269 6534848.368910437 0 1 8 
2732 376485.5105983383 6534881.419112076 0 1 8 
2733 376391.1300697767 6534914.469313716 0 1 8 
2734 376300.2372985074 6534955.274149752 0 1 3 
2735 376212.8887592194 6535003.95918528 0 1 8 
2736 376125.5402199315 6535052.644220807 0 1 8 
2737 376038.1916806435 6535101.329256333 0 1 8 
2738 375950.8431413554 6535150.01429186 0 1 3 
2739 375863.4946020675 6535198.699327387 0 1 3 
2740 375776.1460627795 6535247.384362914 0 1 3 
2741 375688.7975234915 6535296.069398441 0 1 8 
2742 375601.4489842035 6535344.754433968 0 1 8 
2743 375514.1004449155 6535393.439469495 0 1 8 
2744 375426.7519056275 6535442.124505022 0 1 3 
2745 375339.4033663396 6535490.809540548 0 1 3 
2746 375252.0548270516 6535539.494576075 0 1 3 
2747 375164.7062877636 6535588.179611602 0 1 3 
2748 375077.3577484756 6535636.86464713 0 1 8 
2749 374999.0730023289 6535694.947719617 0 1 5 
2750 374947.2580897261 6535780.476748794 0 1 8 
2751 374895.4431771233 6535866.005777971 0 1 5 
2752 374843.6282645204 6535951.534807148 0 1 8 
2753 374791.8133519176 6536037.063836325 0 1 5 
2754 374739.9984393148 6536122.592865502 0 1 8 
2755 374688.1835267119 6536208.121894679 0 1 5 
2756 374636.3686141091 6536293.650923857 0 1 8 
2757 374584.5537015063 6536379.179953033 0 1 5 
2758 374532.7387889035 6536464.708982211 0 1 8 
2759 374480.9238763006 6536550.238011387 0 1 5 
2760 374429.1089636979 6536635.767040564 0 1 5 
2761 374377.294051095 6536721.296069741 0 1 8 
2762 374325.8475537944 6536807.035760545 0 1 8 
2763 374278.4171054048 6536895.071847268 0 1 8 
2764 374230.9866570152 6536983.107933992 0 1 5 
2765 374183.5562086256 6537071.144020715 0 1 5 
2766 374136.1257602361 6537159.180107438 0 1 5 
2767 374088.6953118465 6537247.216194162 0 1 8 
2768 374041.2648634569 6537335.252280885 0 1 8 
2769 373993.8344150673 6537423.288367609 0 1 8 
2770 373946.4039666778 6537511.324454332 0 1 5 
2771 373898.9735182882 6537599.360541055 0 1 5 
2772 373851.5430698986 6537687.396627778 0 1 5 
2773 373804.112621509 6537775.432714502 0 1 8 
2774 373756.6821731195 6537863.468801226 0 1 8 
2775 373709.2517247299 6537951.504887949 0 1 8 
2776 373661.8212763403 6538039.540974672 0 1 5 
2777 373614.3908279507 6538127.577061395 0 1 5 
2778 373560.219401605 6538211.603459227 0 1 8 
2779 373505.4977871294 6538295.302592491 0 1 5 
2780 373450.7761726538 6538379.001725756 0 1 8 
2781 373396.0545581781 6538462.70085902 0 1 8 
2782 373341.3329437025 6538546.399992283 0 1 5 
2783 373286.6113292269 6538630.099125548 0 1 8 
2784 373231.8897147513 6538713.798258812 0 1 8 
2785 373177.1681002756 6538797.497392076 0 1 5 
2786 373122.4464858 6538881.196525341 0 1 8 
2787 373067.7248713244 6538964.895658605 0 1 8 
2788 373013.0032568488 6539048.594791869 0 1 5 
2789 372958.2816423732 6539132.293925134 0 1 8 
2790 372903.5600278975 6539215.993058397 0 1 8 
2791 372848.8384134219 6539299.692191661 0 1 5 
2792 372794.1167989463 6539383.391324926 0 1 8 
2793 372737.7271820846 6539465.973930473 0 1 5 
2794 372681.2032713244 6539548.466642347 0 1 8 
2795 372624.6793605642 6539630.959354221 0 1 5 
2796 372568.1554498039 6539713.452066096 0 1 8 
2797 372511.6315390436 6539795.944777969 0 1 5 
2798 372455.0686678363 6539878.410524837 0 1 5 
2799 372397.773551103 6539960.369475529 0 1 5 
2800 372340.4784343697 6540042.32842622 0 1 5 
2801 372283.1833176363 6540124.287376912 0 1 5 
2802 372225.888200903 6540206.246327604 0 1 5 
2803 372168.5930841697 6540288.205278296 0 1 5 
2804 372111.2979674364 6540370.164228988 0 1 5 
2805 372047.0280424383 6540446.524726969 0 1 8 
2806 371979.4053623047 6540520.194076983 0 1 5 
2807 371911.7826821711 6540593.863426998 0 1 8 
2808 371844.1600020375 6540667.532777012 0 1 5 
2809 371776.5373219039 6540741.202127026 0 1 5 
2810 371708.9146417702 6540814.871477041 0 1 8 
2811 371641.2919616366 6540888.540827055 0 1 5 
2812 371573.669281503 6540962.21017707 0 1 8 
2813 371506.0466013694 6541035.879527085 0 1 8 
2814 371438.4239212358 6541109.548877099 0 1 5 
2815 371370.8012411022 6541183.218227114 0 1 8 
2816 371303.1785609685 6541256.887577128 0 1 5 
2817 371235.5558808349 6541330.556927142 0 1 5 
2818 371167.9332007013 6541404.226277157 0 1 8 
2819 371105.8808838418 6541482.572942561 0 1 5 
2820 371045.019367573 6541561.919497859 0 1 8 
2821 370984.1578513042 6541641.266053155 0 1 5 
2822 370923.2963350354 6541720.612608452 0 1 8 
2823 370862.4348187665 6541799.959163749 0 1 5 
2824 370801.5733024977 6541879.305719045 0 1 5 
2825 370740.7117862289 6541958.652274342 0 1 8 
2826 370679.8502699601 6542037.998829639 0 1 5 
2827 370618.9887536913 6542117.345384936 0 1 8 
2828 370558.1272374224 6542196.691940232 0 1 5 
2829 370497.2657211536 6542276.038495529 0 1 8 
2830 370436.4042048848 6542355.385050826 0 1 5 
2831 370375.542688616 6542434.731606123 0 1 8 
2832 370312.2452976243 6542512.110063282 0 1 5 
2833 370247.4539618056 6542588.281467384 0 1 8 
2834 370182.6626259868 6542664.452871486 0 1 8 
2835 370117.8712901681 6542740.624275587 0 1 5 
2836 370053.0799543494 6542816.795679688 0 1 5 
2837 369988.2886185307 6542892.96708379 0 1 5 
2838 369980.3589956177 6542902.289480121 0 2 8 1 
2839 369979.1212083778 6543002.281819241 0 1 8 
2840 369977.8834211378 6543102.274158361 0 1 8 
2841 369976.6456338979 6543202.266497482 0 1 8 
2842 369975.407846658 6543302.258836602 0 1 8 
2843 369974.1700594181 6543402.251175722 0 1 8 
2844 369972.9322721781 6543502.243514842 0 1 8 
2845 369971.6944849382 6543602.235853963 0 1 8 
2846 369970.4566976983 6543702.228193083 0 1 8 
2847 369969.2189104584 6543802.220532203 0 1 8 
2848 369967.9811232184 6543902.212871324 0 1 8 
2849 369966.7433359785 6544002.205210445 0 1 8 
2850 369965.5055487386 6544102.197549565 0 1 8 
2851 369964.2677614987 6544202.189888685 0 1 8 
2852 369963.0299742587 6544302.182227805 0 1 8 
2853 369961.7921870188 6544402.174566926 0 1 8 
2854 369960.554399779 6544502.166906046 0 1 8 
2855 369959.316612539 6544602.159245166 0 1 8 
2856 369958.0788252991 6544702.151584286 0 1 8 
2857 369956.8410380592 6544802.143923406 0 1 8 
2858 369955.6032508193 6544902.136262527 0 1 8 
2859 369954.6961708087 6544975.413033444 0 1 8 
2860 369985.1370957703 6544880.158899217 0 1 3 
2861 370015.5780207319 6544784.904764988 0 1 8 
2862 370046.0189456934 6544689.650630761 0 1 8 
2863 388554.9505532709 6545394.644520347 0 1 6 
2864 388454.9505532777 6545394.643351946 0 1 3 
2865 388354.9505532846 6545394.642183545 0 1 3 
2866 388255.1369028686 6545390.784515651 0 1 3 
2867 388155.6026845308 6545381.144008409 0 1 6 
2868 388056.068466193 6545371.503501167 0 1 3 
2869 387956.5342478552 6545361.862993925 0 1 3 
2870 387857.0000295174 6545352.222486683 0 1 6 
2871 387757.4658111796 6545342.581979441 0 1 3 
2872 387657.9315928418 6545332.941472199 0 1 3 
2873 387558.397374504 6545323.300964957 0 1 6 
2874 387458.8631561662 6545313.660457715 0 1 6 
2875 387359.3289378284 6545304.019950473 0 1 3 
2876 387259.7947194906 6545294.379443231 0 1 6 
2877 387160.2605011528 6545284.738935989 0 1 6 
2878 387060.7708785938 6545291.741576078 0 1 6 
2879 386961.289753178 6545301.915350501 0 1 6 
2880 386861.8086277622 6545312.089124924 0 1 3 
2881 386763.9987097649 6545330.30915997 0 1 3 
2882 386668.6943012182 6545360.592318848 0 1 6 
2883 386575.4608114618 6545394.926897562 0 1 6 
2884 386495.0966581652 6545454.438265089 0 1 6 
2885 386414.7325048686 6545513.949632616 0 1 6 
2886 386334.368351572 6545573.461000143 0 1 6 
2887 386254.0041982754 6545632.972367669 0 1 3 
2888 386173.6400449788 6545692.483735196 0 1 3 
2889 386093.2758916822 6545751.995102723 0 1 3 
2890 386012.9117383856 6545811.50647025 0 1 3 
2891 385932.547585089 6545871.017837777 0 1 3 
2892 385852.1834317924 6545930.529205304 0 1 3 
2893 385776.9282524566 6545996.309473884 0 1 6 
2894 385702.4241188976 6546063.011303564 0 1 7 
2895 385627.9199853387 6546129.713133244 0 1 6 
2896 385553.4158517798 6546196.414962923 0 1 7 
2897 385478.9117182209 6546263.116792603 0 1 6 
2898 385404.4075846619 6546329.818622283 0 1 7 
2899 385329.903451103 6546396.520451963 0 1 6 
2900 385256.6271247789 6546464.462042852 0 1 6 
2901 385189.2065819129 6546538.316429314 0 1 6 
2902 385127.3640761069 6546616.048979913 0 1 6 
2903 385081.6140712248 6546704.969939496 0 1 7 
2904 385035.8640663426 6546793.89089908 0 1 7 
2905 384990.1140614605 6546882.811858664 0 1 6 
2906 384944.3640565784 6546971.732818248 0 1 6 
2907 384907.8886040202 6547064.207370572 0 1 6 
2908 384882.5072745716 6547160.932693603 0 1 6 
2909 384857.125945123 6547257.658016633 0 1 6 
2910 384831.7446156744 6547354.383339664 0 1 4 
2911 384806.3632862258 6547451.108662695 0 1 4 
2912 384780.9819567772 6547547.833985725 0 1 4 
2913 384763.4860604241 6547645.907739286 0 1 4 
2914 384755.28443495 6547745.570838474 0 1 6 
2915 384747.0828094759 6547845.23393766 0 1 6 
2916 384833.6971013221 6547858.562485535 0 1 6 
2917 384933.6905324149 6547859.708669768 0 1 6 
2918 385033.6839635076 6547860.854854 0 1 6 
2919 385133.6773946004 6547862.001038233 0 1 6 
2920 385233.6708256932 6547863.147222466 0 1 6 
2921 385333.664256786 6547864.293406698 0 1 6 
2922 385433.6576878788 6547865.439590931 0 1 6 
2923 385533.6511189715 6547866.585775163 0 1 6 
2924 385633.6445500643 6547867.731959396 0 1 6 
2925 385733.6379811571 6547868.878143629 0 1 6 
2926 385833.6314122498 6547870.024327861 0 1 6 
2927 385933.6248433426 6547871.170512094 0 1 6 
2928 386033.6182744353 6547872.316696327 0 1 6 
2929 386133.6117055282 6547873.462880559 0 1 6 
2930 386233.6051366209 6547874.609064792 0 1 6 
2931 386333.5985677137 6547875.755249025 0 1 6 
2932 386433.5919988065 6547876.901433257 0 1 6 
2933 386533.5854298992 6547878.04761749 0 1 6 
2934 386633.578860992 6547879.193801722 0 1 6 
2935 386733.5722920847 6547880.339985956 0 1 6 
2936 386833.5657231775 6547881.486170189 0 1 6 
2937 386933.5591542703 6547882.632354421 0 1 6 
2938 387033.5525853631 6547883.778538654 0 1 6 
2939 387133.5460164559 6547884.924722887 0 1 6 
2940 387233.5394475486 6547886.070907119 0 1 6 
2941 387333.5328786414 6547887.217091352 0 1 6 
2942 387433.5263097342 6547888.363275585 0 1 6 
2943 387533.5197408269 6547889.509459817 0 1 6 
2944 387633.5131719197 6547890.65564405 0 1 6 
2945 387733.5066030125 6547891.801828283 0 1 6 
2946 387833.5000341053 6547892.948012515 0 1 6 
2947 387933.493465198 6547894.094196748 0 1 6 
2948 388033.4868962908 6547895.24038098 0 1 6 
2949 388133.4803273836 6547896.386565213 0 1 6 
2950 388233.4737584763 6547897.532749446 0 1 6 
2951 388333.4671895691 6547898.678933678 0 1 6 
2952 388433.4606206618 6547899.825117911 0 1 6 
2953 388528.4271138045 6547900.913680389 0 1 6 
2954 388529.485338306 6547800.919279741 0 1 6 
2955 388530.5435628076 6547700.924879093 0 1 6 
2956 388531.601787309 6547600.930478445 0 1 6 
2957 388532.6600118106 6547500.936077798 0 1 6 
2958 388533.7182363121 6547400.941677149 0 1 6 
2959 388534.7764608136 6547300.947276502 0 1 6 
2960 388535.8346853151 6547200.952875854 0 1 6 
2961 388536.8929098166 6547100.958475207 0 1 6 
2962 388537.9511343182 6547000.964074559 0 1 6 
2963 388539.0093588197 6546900.969673911 0 1 6 
2964 388540.0675833212 6546800.975273264 0 1 6 
2965 388541.1258078227 6546700.980872615 0 1 6 
2966 388542.1840323242 6546600.986471968 0 1 6 
2967 388543.2422568258 6546500.99207132 0 1 6 
2968 388544.3004813273 6546400.997670672 0 1 6 
2969 388545.3587058288 6546301.003270024 0 1 6 
2970 388546.4169303303 6546201.008869377 0 1 6 
2971 388547.4751548318 6546101.014468729 0 1 6 
2972 388548.5333793334 6546001.020068081 0 1 6 
2973 388549.5916038349 6545901.025667434 0 1 6 
2974 388550.6498283364 6545801.031266785 0 1 6 
2975 388551.7080528379 6545701.036866138 0 1 6 
2976 388552.7662773394 6545601.04246549 0 1 6 
2977 388553.824501841 6545501.048064843 0 1 6 
2978 388554.8827263425 6545401.053664194 0 1 6 
2979 388315.6093490119 6543371.643958266 0 1 3 
2980 388232.4888016071 6543316.047424209 0 1 3 
2981 388149.3682542024 6543260.450890153 0 1 3 
2982 388066.2477067976 6543204.854356095 0 1 6 
2983 387995.7845920253 6543134.641701663 0 1 6 
2984 387928.8810304649 6543060.318667209 0 1 3 
2985 387861.9774689045 6542985.995632754 0 1 6 
2986 387802.7053826597 6542905.661020811 0 1 3 
2987 387746.1154268899 6542823.213601773 0 1 6 
2988 387689.52547112 6542740.766182736 0 1 3 
2989 387639.9391731946 6542654.080858165 0 1 3 
2990 387593.1594738115 6542565.697263954 0 1 6 
2991 387546.3797744283 6542477.313669744 0 1 3 
2992 387499.600075045 6542388.930075533 0 1 3 
2993 387454.1602423215 6542299.98500428 0 1 6 
2994 387423.9543930785 6542204.656064962 0 1 6 
2995 387393.7485438354 6542109.327125644 0 1 3 
2996 387363.5426945924 6542013.998186326 0 1 6 
2997 387333.3368453493 6541918.669247008 0 1 3 
2998 387309.9582036554 6541822.029922334 0 1 3 
2999 387302.7237351552 6541722.291953309 0 1 3 
3000 387295.4892666551 6541622.553984282 0 1 6 
3001 387288.2547981549 6541522.816015256 0 1 3 
3002 387303.8955494803 6541425.686648724 0 1 6 
3003 387333.3997317492 6541330.138214782 0 1 3 
3004 387362.9039140181 6541234.589780841 0 1 6 
3005 387392.408096287 6541139.041346899 0 1 3 
3006 387427.3536439172 6541045.632911331 0 1 3 
3007 387470.8417574764 6540955.58412467 0 1 3 
3008 387514.3298710356 6540865.53533801 0 1 3 
3009 387557.8179845949 6540775.486551349 0 1 3 
3010 387593.4926245956 6540682.548670984 0 1 3 
3011 387619.048699327 6540585.869371005 0 1 3 
3012 387644.6047740583 6540489.190071027 0 1 3 
3013 387670.1608487897 6540392.510771048 0 1 3 
3014 387695.7169235211 6540295.83147107 0 1 3 
3015 387706.7210303087 6540196.651038696 0 1 3 
3016 387714.911635329 6540096.987033211 0 1 3 
3017 387723.1022403492 6539997.323027725 0 1 6 
3018 387727.4051310983 6539897.572157005 0 1 3 
3019 387723.674167781 6539797.641781679 0 1 3 
3020 387719.9432044636 6539697.711406354 0 1 3 
3021 387716.2122411462 6539597.781031028 0 1 3 
3022 387712.4812778288 6539497.850655703 0 1 3 
3023 387704.3273729922 6539398.22633411 0 1 3 
3024 387694.2589419822 6539298.734491746 0 1 3 
3025 387684.1905109722 6539199.242649382 0 1 3 
3026 387674.1220799622 6539099.750807018 0 1 3 
3027 387664.0536489522 6539000.258964653 0 1 6 
3028 387653.9852179422 6538900.767122289 0 1 6 
3029 387643.9167869321 6538801.275279925 0 1 3 
3030 387633.8483559221 6538701.783437561 0 1 3 
3031 387623.7799249121 6538602.291595197 0 1 3 
3032 387613.7114939021 6538502.799752833 0 1 3 
3033 387603.6430628921 6538403.307910469 0 1 3 
3034 387593.5746318821 6538303.816068105 0 1 3 
3035 387583.5062008721 6538204.324225741 0 1 6 
3036 387573.4377698621 6538104.832383377 0 1 6 
3037 387563.3693388521 6538005.340541013 0 1 6 
3038 387569.2091673763 6537906.986128141 0 1 6 
3039 387593.3300127192 6537809.938795256 0 1 3 
3040 387617.4508580621 6537712.891462373 0 1 6 
3041 387665.0342182462 6537626.461438042 0 1 6 
3042 387722.0163102383 6537544.284548393 0 1 3 
3043 387778.9984022304 6537462.107658746 0 1 3 
3044 387733.1226554393 6537492.43570576 0 1 3 
3045 387656.3696526453 6537556.537004983 0 1 7 
3046 387579.6153799298 6537620.63678358 0 1 3 
3047 387502.8598972755 6537684.735113375 0 1 7 
3048 387426.1044146212 6537748.83344317 0 1 3 
3049 387349.3489319669 6537812.931772965 0 1 7 
3050 387272.5934493126 6537877.03010276 0 1 7 
3051 387202.6699837598 6537946.991843064 0 1 7 
3052 387150.9580169263 6538032.583153875 0 1 7 
3053 387099.2460500929 6538118.174464685 0 1 7 
3054 387047.5340832594 6538203.765775495 0 1 7 
3055 386995.822116426 6538289.357086306 0 1 7 
3056 386944.1101495926 6538374.948397116 0 1 3 
3057 386892.3981827591 6538460.539707926 0 1 3 
3058 386843.2539635113 6538547.539354419 0 1 7 
3059 386798.8721308238 6538637.15103294 0 1 3 
3060 386754.4902981364 6538726.762711461 0 1 7 
3061 386710.108465449 6538816.374389982 0 1 3 
3062 386665.7266327615 6538905.986068503 0 1 3 
3063 386621.3448000741 6538995.597747023 0 1 7 
3064 386577.7029557508 6539085.532788585 0 1 7 
3065 386542.0921803165 6539178.97727838 0 1 3 
3066 386506.4814048821 6539272.421768174 0 1 7 
3067 386470.8706294477 6539365.866257968 0 1 7 
3068 386435.2598540133 6539459.310747763 0 1 3 
3069 386399.649078579 6539552.755237558 0 1 3 
3070 386364.0383031446 6539646.199727352 0 1 7 
3071 386328.4275277102 6539739.644217147 0 1 7 
3072 386292.8167522759 6539833.088706941 0 1 3 
3073 386257.2059768414 6539926.533196736 0 1 3 
3074 386221.5952014071 6540019.97768653 0 1 7 
3075 386194.6055025822 6540116.044912498 0 1 7 
3076 386172.1432869778 6540213.489506345 0 1 7 
3077 386149.6810713735 6540310.934100193 0 1 7 
3078 386127.2188557691 6540408.378694041 0 1 7 
3079 386104.7566401647 6540505.823287888 0 1 7 
3080 386082.2944245604 6540603.267881736 0 1 7 
3081 386066.950006757 6540701.926178257 0 1 3 
3082 386055.8500139356 6540801.30821969 0 1 3 
3083 386044.7500211142 6540900.690261123 0 1 7 
3084 386033.6500282928 6541000.072302556 0 1 3 
3085 386022.5500354714 6541099.454343989 0 1 3 
3086 386011.45004265 6541198.836385421 0 1 3 
3087 386000.8650314062 6541298.255577701 0 1 3 
3088 385997.5854548949 6541398.201785123 0 1 3 
3089 385994.3058783836 6541498.147992544 0 1 7 
3090 385991.0263018723 6541598.094199965 0 1 3 
3091 385987.746725361 6541698.040407387 0 1 7 
3092 385984.4671488497 6541797.986614808 0 1 7 
3093 385981.1875723385 6541897.932822229 0 1 3 
3094 385977.9079958272 6541997.87902965 0 1 7 
3095 385974.6284193159 6542097.825237072 0 1 7 
3096 385971.3488428047 6542197.771444493 0 1 3 
3097 385968.0692662934 6542297.717651915 0 1 3 
3098 385964.7896897821 6542397.663859336 0 1 7 
3099 385961.5101132708 6542497.610066758 0 1 3 
3100 385958.2305367595 6542597.556274178 0 1 7 
3101 385954.9509602482 6542697.502481599 0 1 7 
3102 385951.671383737 6542797.448689021 0 1 3 
3103 385948.3918072257 6542897.394896442 0 1 7 
3104 385945.1122307144 6542997.341103864 0 1 7 
3105 385941.8326542032 6543097.287311285 0 1 3 
3106 385938.5530776919 6543197.233518707 0 1 3 
3107 385935.2735011806 6543297.179726128 0 1 7 
3108 385931.9939246693 6543397.125933549 0 1 3 
3109 385928.714348158 6543497.07214097 0 1 3 
3110 385925.4347716467 6543597.018348392 0 1 7 
3111 385922.1551951355 6543696.964555813 0 1 3 
3112 385918.8756186242 6543796.910763235 0 1 3 
3113 385915.5960421129 6543896.856970656 0 1 7 
3114 385912.3164656017 6543996.803178077 0 1 3 
3115 385909.0368890904 6544096.749385498 0 1 3 
3116 385905.7573125791 6544196.695592919 0 1 7 
3117 385903.6719990917 6544296.643405719 0 1 3 
3118 385906.6828605126 6544396.598069009 0 1 7 
3119 385909.6937219336 6544496.5527323 0 1 3 
3120 385912.7045833546 6544596.507395591 0 1 7 
3121 385915.7154447756 6544696.462058881 0 1 3 
3122 385918.7263061965 6544796.416722171 0 1 7 
3123 385921.7371676175 6544896.371385462 0 1 3 
3124 385924.6074959746 6544996.322007683 0 1 7 
3125 385915.8579082713 6545095.938495852 0 1 3 
3126 385907.1083205679 6545195.55498402 0 1 3 
3127 385898.3587328646 6545295.171472189 0 1 3 
3128 385889.6091451612 6545394.787960357 0 1 7 
3129 385880.8595574579 6545494.404448526 0 1 3 
3130 385872.1099697545 6545594.020936694 0 1 7 
3131 385863.3603820511 6545693.637424863 0 1 3 
3132 385854.6107943478 6545793.253913031 0 1 3 
3133 385845.8612066444 6545892.8704012 0 1 3 
3134 385885.7139080629 6545905.69917332 0 1 3 
3135 385966.0780613595 6545846.187805793 0 1 3 
3136 386046.4422146561 6545786.676438266 0 1 3 
3137 386126.8063679527 6545727.16507074 0 1 3 
3138 386207.1705212492 6545667.653703213 0 1 3 
3139 386287.5346745459 6545608.142335686 0 1 3 
3140 386367.8988278424 6545548.630968159 0 1 3 
3141 386448.2629811391 6545489.119600632 0 1 6 
3142 386528.6271344356 6545429.608233105 0 1 6 
3143 386613.1539177768 6545378.240382369 0 1 6 
3144 386708.4583263234 6545347.957223491 0 1 3 
3145 386803.8341863378 6545318.018077646 0 1 6 
3146 386903.3153117536 6545307.844303223 0 1 3 
3147 387002.7964371694 6545297.6705288 0 1 3 
3148 387102.2775625852 6545287.496754378 0 1 6 
3149 387201.7893371969 6545288.76126169 0 1 3 
3150 387301.3235555346 6545298.401768933 0 1 6 
3151 387400.8577738725 6545308.042276175 0 1 3 
3152 387500.3919922103 6545317.682783416 0 1 3 
3153 387599.9262105481 6545327.323290659 0 1 6 
3154 387699.4604288859 6545336.963797901 0 1 3 
3155 387798.9946472237 6545346.604305143 0 1 3 
3156 387898.5288655615 6545356.244812385 0 1 6 
3157 387998.0630838993 6545365.885319627 0 1 6 
3158 388097.5973022371 6545375.525826869 0 1 3 
3159 388197.1315205749 6545385.166334111 0 1 6 
3160 388296.6737282304 6545394.641502638 0 1 6 
3161 388396.6737282235 6545394.642671039 0 1 6 
3162 388496.6737282167 6545394.64383944 0 1 6 
3163 388555.3923337693 6545352.923684339 0 1 3 
3164 388556.4511709721 6545252.929290177 0 1 3 
3165 388557.5100081748 6545152.934896016 0 1 3 
3166 388558.5688453776 6545052.940501854 0 1 3 
3167 388559.6276825803 6544952.946107692 0 1 3 
3168 388560.686519783 6544852.95171353 0 1 3 
3169 388561.7453569858 6544752.957319369 0 1 3 
3170 388562.8041941886 6544652.962925207 0 1 3 
3171 388563.8630313913 6544552.968531045 0 1 3 
3172 388564.9218685941 6544452.974136883 0 1 3 
3173 388565.9807057968 6544352.979742722 0 1 3 
3174 388567.0395429996 6544252.98534856 0 1 3 
3175 388568.0983802023 6544152.990954397 0 1 3 
3176 388569.157217405 6544052.996560236 0 1 3 
3177 388570.2160546078 6543953.002166074 0 1 3 
3178 388571.2748918105 6543853.007771912 0 1 3 
3179 388572.3337290133 6543753.01337775 0 1 3 
3180 388573.3925662161 6543653.018983589 0 1 3 
3181 388574.4514034188 6543553.024589427 0 1 3 
3182 388575.5102406216 6543453.030195265 0 1 3 
3183 388487.3469386335 6543419.901711105 0 1 3 
3184 388391.0754998831 6543392.849722621 0 1 6 
3185 388527.8934984864 6537395.844354561 0 1 3 
3186 388427.8942283295 6537395.46229686 0 1 7 
3187 388327.8949581726 6537395.080239161 0 1 3 
3188 388227.8956880157 6537394.698181461 0 1 7 
3189 388127.8964178588 6537394.316123761 0 1 3 
3190 388125.9878088629 6537416.74680608 0 1 3 
3191 388215.8932533293 6537460.530490888 0 1 6 
3192 388305.7986977957 6537504.314175695 0 1 6 
3193 388395.7041422621 6537548.097860502 0 1 3 
3194 388485.6095867284 6537591.88154531 0 1 6 
3195 388567.8867610465 6537648.335581137 0 1 3 
3196 388636.6657155155 6537683.401983309 0 1 3 
3197 388637.7264416825 6537583.407609167 0 1 3 
3198 388638.7871678496 6537483.413235025 0 1 3 
3199 388626.8612943151 6537396.219776701 0 1 7 
3200 370615.9938840771 6547536.713826453 0 1 3 
3201 370660.8214283518 6547447.32427855 0 1 3 
3202 370705.6489726264 6547357.934730647 0 1 3 
3203 370751.8518587967 6547269.420205493 0 1 3 
3204 370813.8266642629 6547190.940122112 0 1 3 
3205 370875.8014697291 6547112.460038732 0 1 9 
3206 370937.7762751952 6547033.979955351 0 1 9 
3207 371001.9200341466 6546957.565753021 0 1 3 
3208 371077.2921432151 6546891.846310126 0 1 3 
3209 371152.6642522837 6546826.12686723 0 1 9 
3210 371228.5907715567 6546761.141684636 0 1 3 
3211 371312.4352952855 6546706.64309896 0 1 9 
3212 371397.0404518659 6546653.928499935 0 1 3 
3213 371494.4143029912 6546631.161569597 0 1 9 
3214 371591.7881541165 6546608.394639259 0 1 9 
3215 371689.1620052418 6546585.62770892 0 1 3 
3216 371786.5358563671 6546562.860778582 0 1 3 
3217 371883.9097074925 6546540.093848244 0 1 9 
3218 371981.2835586178 6546517.326917905 0 1 3 
3219 372078.6574097431 6546494.559987567 0 1 3 
3220 372176.0312608684 6546471.793057229 0 1 9 
3221 372273.4051119937 6546449.026126891 0 1 9 
3222 372370.778963119 6546426.259196552 0 1 3 
3223 372464.2118962911 6546393.958458968 0 1 9 
3224 372526.9029915225 6546316.049367208 0 1 3 
3225 372589.5940867538 6546238.140275449 0 1 3 
3226 372639.7892858754 6546152.094165374 0 1 3 
3227 372685.6849072987 6546063.2482767 0 1 3 
3228 372731.5805287221 6545974.402388027 0 1 9 
3229 372777.4761501454 6545885.556499354 0 1 3 
3230 372823.3717715688 6545796.71061068 0 1 9 
3231 372869.2673929922 6545707.864722007 0 1 9 
3232 372919.3759563425 6545621.385999764 0 1 3 
3233 372971.3900707507 6545535.977967927 0 1 3 
3234 373023.404185159 6545450.56993609 0 1 9 
3235 373075.4182995672 6545365.161904253 0 1 9 
3236 373134.7916101436 6545285.00792888 0 1 3 
3237 373198.6787702984 6545208.076590874 0 1 3 
3238 373262.5659304532 6545131.145252869 0 1 3 
3239 373326.4530906079 6545054.213914863 0 1 3 
3240 373390.3402507627 6544977.282576857 0 1 3 
3241 373465.595981815 6544911.898383789 0 1 3 
3242 373543.5136164961 6544849.217906719 0 1 3 
3243 373621.4312511772 6544786.537429649 0 1 3 
3244 373699.3488858584 6544723.85695258 0 1 3 
3245 373778.5071809979 6544663.714777764 0 1 3 
3246 373875.8323925959 6544640.740810161 0 1 3 
3247 373973.157604194 6544617.76684256 0 1 9 
3248 374070.4828157921 6544594.792874957 0 1 3 
3249 374167.8080273902 6544571.818907355 0 1 3 
3250 374265.1332389883 6544548.844939753 0 1 9 
3251 374358.200731396 6544518.109208597 0 1 9 
3252 374429.8768992845 6544448.377386902 0 1 9 
3253 374501.5530671731 6544378.645565208 0 1 9 
3254 374561.4393690794 6544299.210127394 0 1 9 
3255 374616.0849768644 6544215.461350986 0 1 3 
3256 374670.7305846494 6544131.712574578 0 1 3 
3257 374725.3761924343 6544047.96379817 0 1 3 
3258 374780.0218002193 6543964.215021762 0 1 3 
3259 374834.6674080042 6543880.466245354 0 1 3 
3260 374889.3130157892 6543796.717468946 0 1 3 
3261 374943.9586235742 6543712.968692538 0 1 3 
3262 374984.7380608884 6543621.716924954 0 1 9 
3263 375024.9511487106 6543530.1587054 0 1 3 
3264 375065.1642365328 6543438.600485847 0 1 9 
3265 375105.377324355 6543347.042266293 0 1 3 
3266 375149.9654382321 6543257.686607645 0 1 9 
3267 375199.5621148901 6543170.852457309 0 1 3 
3268 375249.1587915482 6543084.018306974 0 1 9 
3269 375298.7554682063 6542997.184156639 0 1 9 
3270 375348.3521448644 6542910.350006303 0 1 3 
3271 375397.9488215225 6542823.515855968 0 1 9 
3272 375447.5454981806 6542736.681705632 0 1 9 
3273 375497.1421748386 6542649.847555296 0 1 3 
3274 375546.7388514967 6542563.013404962 0 1 9 
3275 375596.3355281548 6542476.179254626 0 1 3 
3276 375645.9322048129 6542389.34510429 0 1 3 
3277 375695.528881471 6542302.510953955 0 1 9 
3278 375739.1797041469 6542212.68353046 0 1 3 
3279 375779.3902228329 6542121.124182565 0 1 9 
3280 375819.6007415188 6542029.56483467 0 1 9 
3281 375859.8112602048 6541938.005486774 0 1 3 
3282 375901.4561687678 6541847.177881555 0 1 3 
3283 375951.9785874485 6541760.87906806 0 1 9 
3284 376002.5010061293 6541674.580254565 0 1 9 
3285 376053.0234248101 6541588.28144107 0 1 9 
3286 376103.5458434909 6541501.982627574 0 1 3 
3287 376154.0682621716 6541415.68381408 0 1 3 
3288 376204.5906808524 6541329.385000585 0 1 3 
3289 376255.1130995332 6541243.08618709 0 1 9 
3290 376305.635518214 6541156.787373595 0 1 9 
3291 376356.1579368948 6541070.4885601 0 1 9 
3292 376406.6803555756 6540984.189746605 0 1 9 
3293 376457.2027742564 6540897.890933109 0 1 3 
3294 376507.7251929371 6540811.592119615 0 1 3 
3295 376558.2476116179 6540725.29330612 0 1 3 
3296 376608.7700302987 6540638.994492625 0 1 9 
3297 376659.2924489795 6540552.69567913 0 1 9 
3298 376709.8148676603 6540466.396865635 0 1 9 
3299 376760.3372863411 6540380.098052139 0 1 3 
3300 376810.8597050218 6540293.799238645 0 1 3 
3301 376861.3821237026 6540207.50042515 0 1 3 
3302 376911.9045423834 6540121.201611655 0 1 3 
3303 376962.4269610642 6540034.90279816 0 1 9 
3304 377012.9493797449 6539948.603984665 0 1 9 
3305 377063.4717984257 6539862.30517117 0 1 9 
3306 377113.9942171065 6539776.006357674 0 1 3 
3307 377154.1273302992 6539684.610259656 0 1 9 
3308 377191.4609090388 6539591.840631552 0 1 9 
3309 377228.7944877784 6539499.071003448 0 1 9 
3310 377266.128066518 6539406.301375344 0 1 3 
3311 377303.4616452576 6539313.531747241 0 1 3 
3312 377349.5056626953 6539224.977753576 0 1 3 
3313 377399.0972317422 6539138.140686148 0 1 3 
3314 377448.6888007892 6539051.303618721 0 1 9 
3315 377498.2803698361 6538964.466551293 0 1 9 
3316 377547.8719388831 6538877.629483865 0 1 3 
3317 377597.46350793 6538790.792416437 0 1 3 
3318 377649.3607101979 6538705.441455289 0 1 3 
3319 377707.9665880231 6538624.414601195 0 1 3 
3320 377766.5724658482 6538543.387747101 0 1 9 
3321 377820.2023819477 6538460.253321523 0 1 3 
3322 377837.6228983558 6538361.782383638 0 1 9 
3323 377855.0434147639 6538263.311445752 0 1 9 
3324 377884.7418913004 6538168.947831236 0 1 3 
3325 377930.0797709226 6538079.816037406 0 1 9 
3326 377975.4176505448 6537990.684243576 0 1 3 
3327 378020.7555301669 6537901.552449746 0 1 9 
3328 378066.0934097891 6537812.420655916 0 1 3 
3329 378111.4312894113 6537723.288862086 0 1 9 
3330 378156.7691690334 6537634.157068255 0 1 3 
3331 378202.1070486556 6537545.025274426 0 1 9 
3332 378247.4449282778 6537455.893480595 0 1 3 
3333 378292.7828079 6537366.761686766 0 1 9 
3334 378338.1206875221 6537277.629892935 0 1 3 
3335 378390.2499953466 6537192.646631814 0 1 3 
3336 378448.8540503214 6537111.618459302 0 1 3 
3337 378507.4581052962 6537030.590286791 0 1 9 
3338 378566.062160271 6536949.56211428 0 1 3 
3339 378624.6662152458 6536868.533941769 0 1 9 
3340 378692.0485802204 6536796.465588614 0 1 9 
3341 378774.2590183173 6536739.531909057 0 1 3 
3342 378856.4694564143 6536682.5982295 0 1 9 
3343 378944.0821818394 6536636.432657907 0 1 9 
3344 379038.8694648073 6536604.567771471 0 1 9 
3345 379133.6567477753 6536572.702885035 0 1 9 
3346 379228.4440307432 6536540.8379986 0 1 9 
3347 379324.7143378637 6536529.534000136 0 1 3 
3348 379423.093398652 6536547.466105378 0 1 9 
3349 379513.34752518 6536590.224419997 0 1 9 
3350 379603.2930271246 6536633.925754988 0 1 9 
3351 379677.9452209065 6536692.944576507 0 1 3 
3352 379721.7885907236 6536782.820930033 0 1 3 
3353 379765.6319605408 6536872.697283559 0 1 9 
3354 379829.3519317813 6536849.07077318 0 1 3 
3355 379901.1278719477 6536779.44165274 0 1 9 
3356 379972.903812114 6536709.8125323 0 1 3 
3357 380044.6797522804 6536640.183411861 0 1 9 
3358 380116.4556924468 6536570.554291421 0 1 9 
3359 380188.2316326132 6536500.92517098 0 1 3 
3360 380260.0075727795 6536431.296050541 0 1 9 
3361 380331.7835129459 6536361.666930101 0 1 9 
3362 380403.5594531123 6536292.037809661 0 1 3 
3363 380475.3353932787 6536222.408689221 0 1 9 
3364 380547.1113334451 6536152.779568781 0 1 3 
3365 380618.8872736114 6536083.150448341 0 1 3 
3366 380690.6632137778 6536013.521327902 0 1 9 
3367 380762.4391539442 6535943.892207461 0 1 3 
3368 380834.2150941106 6535874.263087021 0 1 3 
3369 380905.9910342769 6535804.633966582 0 1 9 
3370 380977.7669744433 6535735.004846142 0 1 3 
3371 381049.5429146097 6535665.375725702 0 1 9 
3372 381124.3888504347 6535599.084439177 0 1 9 
3373 381199.7648956375 6535533.369510815 0 1 9 
3374 381275.1409408404 6535467.654582453 0 1 3 
3375 381350.5169860432 6535401.939654091 0 1 3 
3376 381425.893031246 6535336.22472573 0 1 3 
3377 381501.2690764488 6535270.509797368 0 1 3 
3378 381576.6451216516 6535204.794869007 0 1 9 
3379 381652.0211668544 6535139.079940645 0 1 9 
3380 381727.3972120573 6535073.365012283 0 1 9 
3381 381802.7732572601 6535007.650083922 0 1 9 
3382 381878.1493024629 6534941.93515556 0 1 9 
3383 381953.5253476657 6534876.220227198 0 1 3 
3384 382031.1826139517 6534813.26395464 0 1 9 
3385 382109.8825177895 6534751.568532314 0 1 3 
3386 382188.5824216274 6534689.873109989 0 1 3 
3387 382267.2823254652 6534628.177687664 0 1 3 
3388 382345.9822293031 6534566.482265338 0 1 9 
3389 382424.682133141 6534504.786843013 0 1 9 
3390 382503.3820369788 6534443.091420688 0 1 9 
3391 382580.4340293859 6534379.450805637 0 1 9 
3392 382654.2247301394 6534311.960565733 0 1 9 
3393 382728.0154308929 6534244.470325829 0 1 9 
3394 382801.8061316464 6534176.980085924 0 1 3 
3395 382875.5968323999 6534109.48984602 0 1 3 
3396 382949.3875331533 6534041.999606117 0 1 9 
3397 383023.1782339069 6533974.509366212 0 1 9 
3398 383096.9689346604 6533907.019126308 0 1 3 
3399 383170.7581771266 6533839.52729209 0 1 9 
3400 383244.5442432531 6533772.031985249 0 1 9 
3401 383318.3303093796 6533704.536678408 0 1 9 
3402 383392.116375506 6533637.041371567 0 1 9 
3403 383465.9024416325 6533569.546064726 0 1 9 
3404 383539.6885077589 6533502.050757885 0 1 9 
3405 383613.4680110954 6533434.548277523 0 1 3 
3406 383687.2452570036 6533367.043329659 0 1 9 
3407 383761.0225029119 6533299.538381794 0 1 9 
3408 383834.7997488202 6533232.03343393 0 1 9 
3409 383908.5769947285 6533164.528486066 0 1 9 
3410 383982.3542406367 6533097.023538201 0 1 9 
3411 384056.131486545 6533029.518590337 0 1 9 
3412 384129.9087324532 6532962.013642472 0 1 9 
3413 384203.6859783615 6532894.508694608 0 1 9 
3414 384277.4632242698 6532827.003746742 0 1 3 
3415 384351.2404701781 6532759.498798878 0 1 3 
3416 384425.0177160864 6532691.993851013 0 1 3 
3417 384498.7949619946 6532624.488903149 0 1 3 
3418 384572.5722079029 6532556.983955285 0 1 3 
3419 384646.3494538112 6532489.47900742 0 1 3 
3420 384720.1266997195 6532421.974059556 0 1 3 
3421 384793.9039456277 6532354.469111691 0 1 3 
3422 384867.681191536 6532286.964163827 0 1 9 
3423 384941.4584374443 6532219.459215962 0 1 9 
3424 385015.2356833526 6532151.954268098 0 1 9 
3425 385097.0115255102 6532097.370284273 0 1 9 
3426 385190.3317670828 6532061.435168956 0 1 9 
3427 385287.2222491495 6532062.8409385 0 1 3 
3428 385350.3040633303 6532130.867185119 0 1 3 
3429 385400.3992720858 6532217.414686872 0 1 3 
3430 385465.2143393594 6532177.146242796 0 1 4 
3431 385533.8021392814 6532104.374588274 0 1 4 
3432 385602.3899392033 6532031.602933752 0 1 4 
3433 385609.8386272228 6531945.087388865 0 1 9 
3434 385578.9932561427 6531849.963453481 0 1 9 
3435 385548.1478850626 6531754.839518097 0 1 9 
3436 385517.3025139825 6531659.715582713 0 1 3 
3437 385486.4571429024 6531564.59164733 0 1 3 
3438 385443.1625813467 6531474.720239325 0 1 3 
3439 385396.546513248 6531386.250232006 0 1 3 
3440 385349.9304451494 6531297.780224687 0 1 3 
3441 385303.3143770507 6531209.310217368 0 1 3 
3442 385256.698308952 6531120.840210049 0 1 9 
3443 385197.0030575928 6531041.012338568 0 1 3 
3444 385133.9022957434 6530963.434675198 0 1 3 
3445 385074.4172100122 6530884.647884567 0 1 9 
3446 385078.157178904 6530784.717845877 0 1 9 
3447 385081.8971477958 6530684.787807186 0 1 9 
3448 385085.6371166877 6530584.857768496 0 1 9 
3449 385089.3770855795 6530484.927729805 0 1 9 
3450 385062.133079229 6530390.072913527 0 1 9 
3451 385026.7065974395 6530296.558399211 0 1 3 
3452 384991.2801156501 6530203.043884893 0 1 9 
3453 384955.8536338606 6530109.529370575 0 1 9 
3454 384897.0589322855 6530030.850572859 0 1 9 
3455 384827.5029347272 6529959.003769147 0 1 3 
3456 384756.2349011008 6529889.389518285 0 1 3 
3457 384668.8047140132 6529840.851261355 0 1 3 
3458 384581.3745269256 6529792.313004425 0 1 3 
3459 384488.8416615712 6529756.228658902 0 1 9 
3460 384392.4892269538 6529729.466589788 0 1 9 
3461 384296.1367923363 6529702.704520673 0 1 9 
3462 384198.1694692127 6529689.749739907 0 1 3 
3463 384098.2418981003 6529693.555069271 0 1 3 
3464 383998.3143269879 6529697.360398636 0 1 9 
3465 383900.0391342619 6529711.434912637 0 1 3 
3466 383803.9617039978 6529739.168058759 0 1 9 
3467 383707.8842737337 6529766.901204881 0 1 9 
3468 383611.8068434696 6529794.634351004 0 1 3 
3469 383523.2438079345 6529840.396749059 0 1 3 
3470 383435.9096345912 6529889.107550391 0 1 9 
3471 383348.5754612479 6529937.818351723 0 1 9 
3472 383261.2412879046 6529986.529153056 0 1 9 
3473 383173.9071145614 6530035.239954389 0 1 3 
3474 383086.572941218 6530083.950755721 0 1 3 
3475 383000.0315051461 6530133.942967295 0 1 9 
3476 382917.455990569 6530190.34584304 0 1 3 
3477 382834.880475992 6530246.748718786 0 1 3 
3478 382752.304961415 6530303.151594531 0 1 9 
3479 382669.729446838 6530359.554470276 0 1 3 
3480 382587.153932261 6530415.957346021 0 1 9 
3481 382504.578417684 6530472.360221767 0 1 9 
3482 382422.002903107 6530528.763097513 0 1 3 
3483 382339.4273885299 6530585.165973257 0 1 9 
3484 382256.851873953 6530641.568849003 0 1 3 
3485 382174.2717416106 6530697.964963431 0 1 9 
3486 382091.6902572964 6530754.359098309 0 1 3 
3487 382009.1087729823 6530810.753233185 0 1 3 
3488 381926.5272886681 6530867.147368061 0 1 3 
3489 381843.9458043539 6530923.541502938 0 1 9 
3490 381761.3643200397 6530979.935637814 0 1 9 
3491 381678.7828357255 6531036.329772691 0 1 3 
3492 381596.2013514113 6531092.723907568 0 1 3 
3493 381513.6198670972 6531149.118042444 0 1 3 
3494 381431.038382783 6531205.51217732 0 1 9 
3495 381348.6700052022 6531262.210571554 0 1 9 
3496 381267.4482798208 6531320.546078118 0 1 9 
3497 381186.2265544395 6531378.881584682 0 1 9 
3498 381105.0048290581 6531437.217091246 0 1 9 
3499 381023.7831036767 6531495.55259781 0 1 9 
3500 380942.5613782954 6531553.888104374 0 1 3 
3501 380861.339652914 6531612.223610938 0 1 3 
3502 380780.1179275326 6531670.559117502 0 1 3 
3503 380698.8962021512 6531728.894624066 0 1 3 
3504 380617.6744767698 6531787.23013063 0 1 3 
3505 380536.4527513884 6531845.565637194 0 1 3 
3506 380455.231026007 6531903.901143758 0 1 3 
3507 380374.0093006257 6531962.236650321 0 1 9 
3508 380292.7875752443 6532020.572156885 0 1 9 
3509 380207.8378122 6532073.155356702 0 1 9 
3510 380121.4166744706 6532123.468247233 0 1 9 
3511 380034.9955367412 6532173.781137764 0 1 3 
3512 379948.5743990118 6532224.094028295 0 1 3 
3513 379862.1532612824 6532274.406918826 0 1 3 
3514 379775.7321235531 6532324.719809356 0 1 9 
3515 379689.3109858236 6532375.032699887 0 1 9 
3516 379602.8898480943 6532425.345590417 0 1 9 
3517 379516.4687103649 6532475.658480949 0 1 3 
3518 379430.0475726355 6532525.971371479 0 1 3 
3519 379341.821234781 6532572.903298639 0 1 3 
3520 379251.9349688643 6532616.7263428 0 1 3 
3521 379162.0487029476 6532660.549386961 0 1 3 
3522 379072.1624370309 6532704.372431122 0 1 9 
3523 378982.2761711142 6532748.195475283 0 1 9 
3524 378892.3899051975 6532792.018519444 0 1 9 
3525 378802.5036392809 6532835.841563606 0 1 9 
3526 378712.6173733642 6532879.664607767 0 1 3 
3527 378622.7311074475 6532923.487651928 0 1 3 
3528 378532.8448415308 6532967.31069609 0 1 3 
3529 378442.9585756141 6533011.133740251 0 1 3 
3530 378350.1199308387 6533046.675524182 0 1 9 
3531 378252.7830518626 6533069.600008717 0 1 3 
3532 378155.4461728865 6533092.524493252 0 1 3 
3533 378150.850827411 6533035.284283211 0 1 3 
3534 378187.6196500354 6532942.289371078 0 1 9 
3535 378224.3884726597 6532849.294458943 0 1 3 
3536 378296.5009056192 6532793.967773313 0 1 9 
3537 378391.6464542344 6532763.189134962 0 1 3 
3538 378486.7920028497 6532732.410496612 0 1 9 
3539 378581.9375514649 6532701.631858261 0 1 3 
3540 378676.4128834257 6532669.169407274 0 1 3 
3541 378766.6843974408 6532626.145533001 0 1 3 
3542 378856.9559114558 6532583.121658728 0 1 3 
3543 378947.2274254708 6532540.097784456 0 1 9 
3544 379037.4989394859 6532497.073910183 0 1 9 
3545 379127.7704535009 6532454.050035911 0 1 9 
3546 379218.041967516 6532411.026161638 0 1 9 
3547 379305.7880507052 6532363.639760112 0 1 3 
3548 379388.0524243608 6532306.784040726 0 1 9 
3549 379470.3167980165 6532249.928321338 0 1 3 
3550 379552.5811716723 6532193.072601952 0 1 9 
3551 379634.845545328 6532136.216882564 0 1 9 
3552 379717.1099189837 6532079.361163177 0 1 3 
3553 379799.3742926394 6532022.50544379 0 1 9 
3554 379881.6386662951 6531965.649724402 0 1 3 
3555 379963.9030399508 6531908.794005015 0 1 3 
3556 380046.1674136065 6531851.938285628 0 1 9 
3557 380130.3743763758 6531798.093966644 0 1 3 
3558 380216.0904823157 6531746.58912044 0 1 3 
3559 380301.8065882557 6531695.084274237 0 1 9 
3560 380387.5226941957 6531643.579428033 0 1 9 
3561 380473.2388001357 6531592.074581829 0 1 3 
3562 380558.9549060757 6531540.569735625 0 1 3 
3563 380644.6710120157 6531489.064889421 0 1 3 
3564 380730.3871179557 6531437.560043218 0 1 9 
3565 380816.1032238957 6531386.055197014 0 1 9 
3566 380901.8193298356 6531334.550350809 0 1 3 
3567 380987.5354357756 6531283.045504605 0 1 3 
3568 381060.4342068675 6531217.454520667 0 1 3 
3569 381119.7774728481 6531136.966156398 0 1 7 
3570 381179.1207388286 6531056.477792128 0 1 3 
3571 381238.4640048092 6530975.989427859 0 1 3 
3572 381297.8072707897 6530895.50106359 0 1 7 
3573 381361.5165086077 6530819.22392096 0 1 7 
3574 381439.8118373264 6530757.015870831 0 1 3 
3575 381518.1071660452 6530694.807820702 0 1 3 
3576 381596.4024947639 6530632.599770574 0 1 7 
3577 381674.6978234826 6530570.391720445 0 1 7 
3578 381752.9931522014 6530508.183670316 0 1 3 
3579 381831.2884809201 6530445.975620187 0 1 3 
3580 381909.5838096388 6530383.767570058 0 1 3 
3581 381988.3342812595 6530322.201320694 0 1 3 
3582 382072.9371589971 6530268.887597522 0 1 7 
3583 382157.5400367347 6530215.573874349 0 1 3 
3584 382242.1429144723 6530162.260151177 0 1 7 
3585 382326.7457922099 6530108.946428004 0 1 3 
3586 382411.3486699475 6530055.632704832 0 1 7 
3587 382495.9515476851 6530002.318981659 0 1 3 
3588 382580.5544254227 6529949.005258487 0 1 7 
3589 382665.1573031603 6529895.691535314 0 1 3 
3590 382749.7601808979 6529842.377812142 0 1 7 
3591 382834.3630586354 6529789.064088969 0 1 3 
3592 382918.965936373 6529735.750365796 0 1 7 
3593 383003.5688141107 6529682.436642624 0 1 3 
3594 383088.1716918483 6529629.122919451 0 1 7 
3595 383172.7745695859 6529575.809196278 0 1 3 
3596 383258.0522595654 6529523.682303914 0 1 3 
3597 383347.1322950746 6529478.242813669 0 1 3 
3598 383436.2123305839 6529432.803323425 0 1 7 
3599 383525.2923660932 6529387.363833181 0 1 3 
3600 383614.3724016024 6529341.924342937 0 1 7 
3601 383705.2062577689 6529301.296263176 0 1 3 
3602 383802.6319124163 6529278.752044039 0 1 3 
3603 383900.0575670637 6529256.207824902 0 1 7 
3604 383997.4832217111 6529233.663605764 0 1 3 
3605 384094.9088763585 6529211.119386626 0 1 7 
3606 384192.8916378741 6529192.899757417 0 1 7 
3607 384292.8500592604 6529190.016357693 0 1 3 
3608 384392.8084806466 6529187.13295797 0 1 7 
3609 384492.7669020329 6529184.249558246 0 1 3 
3610 384590.7139233025 6529195.173692165 0 1 7 
3611 384685.6954611631 6529226.454796135 0 1 3 
3612 384780.6769990236 6529257.735900107 0 1 7 
3613 384875.6585368842 6529289.017004077 0 1 3 
3614 384972.0314382212 6529301.343585306 0 1 9 
3615 385063.2948519408 6529261.070812386 0 1 9 
3616 385153.9544429465 6529218.870829463 0 1 9 
3617 385244.6140339522 6529176.67084654 0 1 3 
3618 385335.2736249579 6529134.470863617 0 1 3 
3619 385423.1876562199 6529088.172454247 0 1 3 
3620 385496.7077381295 6529020.387518193 0 1 9 
3621 385568.0159536605 6528950.916178345 0 1 9 
3622 385613.9152200241 6528862.072172653 0 1 3 
3623 385659.8144863877 6528773.228166962 0 1 9 
3624 385705.7137527512 6528684.38416127 0 1 3 
3625 385751.6130191148 6528595.540155579 0 1 9 
3626 385777.3246363333 6528501.637234477 0 1 9 
3627 385778.7461218985 6528401.647338094 0 1 9 
3628 385767.8880641122 6528303.49200866 0 1 3 
3629 385737.3039253678 6528208.283760817 0 1 9 
3630 385706.7197866233 6528113.075512975 0 1 3 
3631 385676.1356478788 6528017.867265132 0 1 3 
3632 385645.5515091344 6527922.659017289 0 1 9 
3633 385614.9673703899 6527827.450769447 0 1 3 
3634 385584.3832316454 6527732.242521604 0 1 9 
3635 385565.7347755408 6527634.377835128 0 1 3 
3636 385553.0525348614 6527535.185291197 0 1 3 
3637 385617.2502306786 6527459.462112196 0 1 9 
3638 385700.4972438494 6527423.23879345 0 1 3 
3639 385800.4869564885 6527424.673145695 0 1 9 
3640 385880.8785450972 6527476.022865165 0 1 9 
3641 385955.133695765 6527543.001761836 0 1 9 
3642 386029.3888464328 6527609.980658507 0 1 3 
3643 386103.6439971005 6527676.959555179 0 1 9 
3644 386177.8991477683 6527743.93845185 0 1 3 
3645 386252.1542984361 6527810.917348521 0 1 3 
3646 386326.4094491039 6527877.896245193 0 1 9 
3647 386400.6645997717 6527944.875141864 0 1 3 
3648 386471.4903623574 6528015.11821036 0 1 9 
3649 386534.7242674698 6528092.587386452 0 1 9 
3650 386584.3681067869 6528176.744204197 0 1 3 
3651 386607.1700421252 6528274.109864185 0 1 3 
3652 386629.9719774635 6528371.475524172 0 1 3 
3653 386619.4710983135 6528468.582451646 0 1 3 
3654 386580.0209801908 6528556.879640869 0 1 3 
3655 386508.4325459002 6528626.701529098 0 1 3 
3656 386424.156818977 6528679.022322264 0 1 3 
3657 386335.5329418766 6528725.345193587 0 1 9 
3658 386246.9090647761 6528771.668064911 0 1 9 
3659 386158.2851876757 6528817.990936235 0 1 9 
3660 386069.6613105752 6528864.313807559 0 1 3 
3661 385981.7490843322 6528911.689047128 0 1 9 
3662 385905.7543177573 6528976.687473672 0 1 3 
3663 385829.7595511823 6529041.685900217 0 1 3 
3664 385753.7647846073 6529106.68432676 0 1 9 
3665 385677.7700180323 6529171.682753305 0 1 3 
3666 385601.7752514574 6529236.681179849 0 1 3 
3667 385547.8027208056 6529320.139972331 0 1 3 
3668 385497.0730216162 6529406.317101664 0 1 9 
3669 385446.3433224269 6529492.494230998 0 1 3 
3670 385414.1282090604 6529586.089136404 0 1 3 
3671 385391.322740581 6529683.453968902 0 1 3 
3672 385368.5172721015 6529780.8188014 0 1 9 
3673 385354.4601945474 6529879.012966595 0 1 3 
3674 385358.5637951323 6529978.92873343 0 1 3 
3675 385362.6673957172 6530078.844500265 0 1 3 
3676 385380.626428804 6530175.983394743 0 1 9 
3677 385415.3429466717 6530269.763794545 0 1 3 
3678 385450.0594645394 6530363.544194348 0 1 9 
3679 385484.7759824071 6530457.32459415 0 1 3 
3680 385519.4925002748 6530551.104993953 0 1 9 
3681 385551.8343556654 6530645.565564016 0 1 9 
3682 385572.0317055266 6530743.504662738 0 1 9 
3683 385592.2290553879 6530841.44376146 0 1 3 
3684 385612.4264052492 6530939.382860184 0 1 9 
3685 385632.6237551104 6531037.321958906 0 1 9 
3686 385652.8211049717 6531135.261057628 0 1 3 
3687 385673.018454833 6531233.200156351 0 1 3 
3688 385693.2158046942 6531331.139255074 0 1 9 
3689 385713.4131545554 6531429.078353796 0 1 9 
3690 385733.6105044167 6531527.017452518 0 1 9 
3691 385753.807854278 6531624.956551241 0 1 3 
3692 385774.0052041392 6531722.895649964 0 1 9 
3693 385794.2025540005 6531820.834748686 0 1 9 
3694 385859.9454846962 6531758.035843708 0 1 4 
3695 385928.5182399962 6531685.250012459 0 1 4 
3696 385997.0909952963 6531612.46418121 0 1 3 
3697 386065.6637505963 6531539.678349962 0 1 4 
3698 386134.2365058964 6531466.892518713 0 1 4 
3699 386199.5163576911 6531391.239999114 0 1 3 
3700 386262.1639017847 6531313.295883114 0 1 3 
3701 386324.8114458784 6531235.351767113 0 1 4 
3702 386387.458989972 6531157.407651113 0 1 4 
3703 386450.1065340656 6531079.463535113 0 1 4 
3704 386512.7540781592 6531001.519419113 0 1 4 
3705 386575.4016222528 6530923.575303113 0 1 4 
3706 386638.0491663464 6530845.631187113 0 1 4 
3707 386700.69671044 6530767.687071113 0 1 4 
3708 386763.3442545336 6530689.742955113 0 1 4 
3709 386825.9917986272 6530611.798839113 0 1 4 
3710 386888.6393427209 6530533.854723113 0 1 4 
3711 386951.2868868145 6530455.910607113 0 1 4 
3712 387013.9344309081 6530377.966491112 0 1 4 
3713 387073.2283626689 6530297.509769144 0 1 4 
3714 387130.4319004107 6530215.486874353 0 1 4 
3715 387187.6354381525 6530133.463979562 0 1 3 
3716 387244.8389758943 6530051.441084771 0 1 3 
3717 387302.0425136361 6529969.418189981 0 1 4 
3718 387359.2460513779 6529887.395295191 0 1 4 
3719 387416.4495891197 6529805.3724004 0 1 4 
3720 387473.6319758529 6529723.334761128 0 1 3 
3721 387530.8019468662 6529641.288466792 0 1 3 
3722 387587.9719178795 6529559.242172455 0 1 7 
3723 387645.1418888927 6529477.195878119 0 1 7 
3724 387699.7589939582 6529393.510704177 0 1 3 
3725 387750.5581953733 6529307.374526321 0 1 3 
3726 387760.7621654586 6529346.921368995 0 1 7 
3727 387751.5765057426 6529446.498593577 0 1 7 
3728 387742.3908460265 6529546.075818161 0 1 3 
3729 387733.2051863105 6529645.653042743 0 1 7 
3730 387724.0195265944 6529745.230267325 0 1 3 
3731 387714.8338668784 6529844.807491908 0 1 7 
3732 387705.6482071623 6529944.384716491 0 1 3 
3733 387696.4625474462 6530043.961941074 0 1 7 
3734 387687.2768877302 6530143.539165656 0 1 3 
3735 387678.0912280141 6530243.116390239 0 1 7 
3736 387668.905568298 6530342.693614821 0 1 7 
3737 387659.719908582 6530442.270839404 0 1 3 
3738 387650.5342488659 6530541.848063987 0 1 3 
3739 387641.3485891498 6530641.425288569 0 1 7 
3740 387632.1629294338 6530741.002513152 0 1 3 
3741 387622.9772697177 6530840.579737734 0 1 7 
3742 387613.7916100016 6530940.156962317 0 1 3 
3743 387604.6059502856 6531039.7341869 0 1 3 
3744 387595.4202905695 6531139.311411482 0 1 7 
3745 387586.2346308535 6531238.888636065 0 1 7 
3746 387577.0489711374 6531338.465860648 0 1 3 
3747 387567.8633114214 6531438.043085231 0 1 3 
3748 387558.6776517053 6531537.620309813 0 1 7 
3749 387549.4919919892 6531637.197534395 0 1 7 
3750 387540.3059131819 6531736.774720315 0 1 3 
3751 387531.1184376901 6531836.351777381 0 1 7 
3752 387521.9309621984 6531935.928834449 0 1 3 
3753 387512.7434867067 6532035.505891515 0 1 7 
3754 387546.2035858617 6532060.474061455 0 1 6 
3755 387627.3450882433 6532002.027020544 0 1 6 
3756 387708.486590625 6531943.579979633 0 1 6 
3757 387789.6280930066 6531885.132938722 0 1 6 
3758 387879.0497004089 6531842.401414346 0 1 6 
3759 387973.1368194207 6531808.524961815 0 1 6 
3760 388067.2239384323 6531774.648509284 0 1 6 
3761 388161.3110574441 6531740.772056754 0 1 6 
3762 388255.3981764558 6531706.895604223 0 1 6 
3763 388353.0279822072 6531685.774572641 0 1 3 
3764 388451.1090459236 6531666.278292476 0 1 3 
3765 388549.1901096401 6531646.782012312 0 1 3 
3766 388647.2711733566 6531627.285732147 0 1 3 
3767 388701.5496366452 6531571.445584803 0 1 3 
3768 388702.6122696765 6531471.451230907 0 1 3 
3769 388703.6749027078 6531371.456877011 0 1 3 
3770 388704.7375357391 6531271.462523116 0 1 3 
3771 388705.8001687704 6531171.46816922 0 1 3 
3772 388706.8628018016 6531071.473815324 0 1 3 
3773 388707.9254348329 6530971.479461428 0 1 3 
3774 388708.9880678642 6530871.485107533 0 1 3 
3775 388710.0507008954 6530771.490753637 0 1 3 
3776 388711.1133339267 6530671.496399741 0 1 3 
3777 388712.175966958 6530571.502045845 0 1 3 
3778 388713.2385999893 6530471.507691949 0 1 3 
3779 388714.3012330206 6530371.513338054 0 1 3 
3780 388715.3638660518 6530271.518984158 0 1 3 
3781 388716.4264990831 6530171.524630262 0 1 3 
3782 388717.4891321143 6530071.530276366 0 1 3 
3783 388718.5517651456 6529971.53592247 0 1 3 
3784 388719.6143981769 6529871.541568574 0 1 3 
3785 388720.6770312082 6529771.547214678 0 1 3 
3786 388721.7396642395 6529671.552860782 0 1 3 
3787 388711.4171393737 6529574.545866143 0 1 6 
3788 388661.3963688703 6529487.955320942 0 1 3 
3789 388615.390775337 6529399.497893107 0 1 3 
3790 388581.4200913529 6529305.44475584 0 1 6 
3791 388547.4494073688 6529211.391618574 0 1 3 
3792 388513.4787233848 6529117.338481308 0 1 3 
3793 388479.5080394007 6529023.285344041 0 1 6 
3794 388445.5373554166 6528929.232206775 0 1 3 
3795 388411.5666714326 6528835.179069509 0 1 3 
3796 388377.5959874485 6528741.125932242 0 1 6 
3797 388343.6253034644 6528647.072794976 0 1 3 
3798 388309.6546194804 6528553.019657709 0 1 6 
3799 388275.6839354963 6528458.966520443 0 1 6 
3800 388303.1385924028 6528370.674936233 0 1 3 
3801 388354.0067916745 6528284.57948744 0 1 3 
3802 388398.5913803694 6528195.20081213 0 1 6 
3803 388440.2172862955 6528104.276206242 0 1 3 
3804 388481.8431922216 6528013.351600355 0 1 6 
3805 388523.4690981477 6527922.426994467 0 1 6 
3806 388565.0950040738 6527831.502388579 0 1 3 
3807 388606.7209099999 6527740.577782691 0 1 6 
3808 388648.3468159259 6527649.653176804 0 1 6 
3809 388689.972721852 6527558.728570916 0 1 3 
3810 388731.5986277781 6527467.803965028 0 1 6 
3811 388746.2021718175 6527370.837166786 0 1 3 
3812 388746.5629162564 6527336.91911969 0 1 3 
3813 388646.568881146 6527335.826900691 0 1 3 
3814 388546.5748460356 6527334.734681691 0 1 3 
3815 388446.5808109253 6527333.642462692 0 1 3 
3816 388346.5867758149 6527332.550243692 0 1 3 
3817 388246.5927407045 6527331.458024694 0 1 3 
3818 388146.5987055941 6527330.365805694 0 1 3 
3819 388046.6046704837 6527329.273586695 0 1 3 
3820 387946.6106353733 6527328.181367695 0 1 3 
3821 387846.6166002629 6527327.089148697 0 1 3 
3822 387746.6225651525 6527325.996929697 0 1 3 
3823 387646.6285300421 6527324.904710698 0 1 3 
3824 387546.6344949318 6527323.812491698 0 1 3 
3825 387446.6404598214 6527322.720272699 0 1 3 
3826 387346.646424711 6527321.6280537 0 1 3 
3827 387246.6523896006 6527320.535834701 0 1 3 
3828 387146.6583544902 6527319.443615701 0 1 3 
3829 387046.6643193798 6527318.351396702 0 1 3 
3830 386946.6702842694 6527317.259177702 0 1 3 
3831 386846.676249159 6527316.166958704 0 1 3 
3832 386746.6822140486 6527315.074739704 0 1 3 
3833 386646.6881789383 6527313.982520705 0 1 3 
3834 386546.6941438279 6527312.890301705 0 1 3 
3835 386446.7001087175 6527311.798082707 0 1 3 
3836 386346.7060736071 6527310.705863707 0 1 3 
3837 386246.7120384967 6527309.613644708 0 1 3 
3838 386146.7180033863 6527308.521425708 0 1 3 
3839 386046.7239682759 6527307.429206709 0 1 3 
3840 385946.7299331655 6527306.33698771 0 1 3 
3841 385846.7358980551 6527305.244768711 0 1 3 
3842 385746.7418629448 6527304.152549712 0 1 3 
3843 385646.7478278344 6527303.060330712 0 1 3 
3844 385546.753792724 6527301.968111713 0 1 3 
3845 385446.7597576136 6527300.875892714 0 1 3 
3846 385346.7657225032 6527299.783673715 0 1 3 
3847 385246.7716873928 6527298.691454715 0 1 3 
3848 385146.7776522824 6527297.599235716 0 1 3 
3849 385046.783617172 6527296.507016717 0 1 3 
3850 384946.7895820616 6527295.414797718 0 1 3 
3851 384846.7955469513 6527294.322578718 0 1 3 
3852 384746.8015118409 6527293.230359719 0 1 3 
3853 384646.8074767305 6527292.138140719 0 1 3 
3854 384546.8134416201 6527291.045921721 0 1 3 
3855 384446.8194065097 6527289.953702721 0 1 3 
3856 384346.8253713993 6527288.861483722 0 1 3 
3857 384246.8313362889 6527287.769264722 0 1 3 
3858 384146.8373011785 6527286.677045723 0 1 3 
3859 384046.8432660681 6527285.584826724 0 1 3 
3860 383946.8492309578 6527284.492607725 0 1 3 
3861 383846.8551958474 6527283.400388725 0 1 3 
3862 383746.861160737 6527282.308169726 0 1 3 
3863 383646.8671256266 6527281.215950727 0 1 3 
3864 383546.8730905162 6527280.123731728 0 1 3 
3865 383446.8790554059 6527279.031512728 0 1 3 
3866 383346.8850202954 6527277.939293729 0 1 3 
3867 383246.890985185 6527276.847074729 0 1 3 
3868 383146.8969500746 6527275.754855731 0 1 3 
3869 383046.9029149643 6527274.662636732 0 1 3 
3870 382946.9088798539 6527273.570417732 0 1 3 
3871 382846.9148447435 6527272.478198733 0 1 3 
3872 382746.9208096331 6527271.385979733 0 1 3 
3873 382662.8360986399 6527324.966015021 0 1 3 
3874 382579.0406127356 6527379.539969817 0 1 8 
3875 382495.2451268312 6527434.113924612 0 1 8 
3876 382411.4496409268 6527488.687879409 0 1 3 
3877 382327.6541550225 6527543.261834204 0 1 8 
3878 382243.8586691181 6527597.835789 0 1 8 
3879 382160.0631832137 6527652.409743796 0 1 3 
3880 382076.2676973094 6527706.983698592 0 1 3 
3881 381992.472211405 6527761.557653387 0 1 8 
3882 381908.6767255006 6527816.131608183 0 1 3 
3883 381824.8812395962 6527870.705562979 0 1 3 
3884 381741.0857536918 6527925.279517774 0 1 8 
3885 381657.2902677875 6527979.85347257 0 1 8 
3886 381573.4947818831 6528034.427427366 0 1 3 
3887 381491.4805448322 6528091.227053769 0 1 8 
3888 381419.8707356148 6528161.027019557 0 1 3 
3889 381348.2609263974 6528230.826985343 0 1 3 
3890 381278.533627149 6528302.168613548 0 1 3 
3891 381224.2197547125 6528386.132911086 0 1 3 
3892 381169.9058822759 6528470.097208623 0 1 8 
3893 381115.5920098394 6528554.061506161 0 1 3 
3894 381061.2781374028 6528638.025803698 0 1 3 
3895 381006.9642649662 6528721.990101235 0 1 8 
3896 380952.6503925297 6528805.954398773 0 1 3 
3897 380887.9874675495 6528881.152168257 0 1 3 
3898 380814.0980358207 6528948.534301488 0 1 8 
3899 380740.2086040919 6529015.916434719 0 1 8 
3900 380664.6756280367 6529081.13675178 0 1 8 
3901 380579.9874942017 6529134.314942682 0 1 3 
3902 380495.2993603668 6529187.493133583 0 1 8 
3903 380410.6112265318 6529240.671324485 0 1 3 
3904 380325.9230926968 6529293.849515386 0 1 8 
3905 380241.2349588618 6529347.027706288 0 1 8 
3906 380156.5468250269 6529400.20589719 0 1 3 
3907 380071.8586911919 6529453.384088091 0 1 8 
3908 379987.170557357 6529506.562278992 0 1 3 
3909 379902.482423522 6529559.740469893 0 1 8 
3910 379817.794289687 6529612.918660795 0 1 3 
3911 379733.106155852 6529666.096851696 0 1 8 
3912 379648.4180220171 6529719.275042598 0 1 3 
3913 379563.7298881821 6529772.453233499 0 1 8 
3914 379479.0417543472 6529825.631424401 0 1 3 
3915 379394.3536205122 6529878.809615302 0 1 8 
3916 379309.6654866772 6529931.987806204 0 1 3 
3917 379224.9773528422 6529985.165997105 0 1 8 
3918 379140.2892190072 6530038.344188007 0 1 8 
3919 379056.711232684 6530093.198212856 0 1 3 
3920 378974.7146442192 6530150.439452187 0 1 3 
3921 378892.7180557544 6530207.680691518 0 1 3 
3922 378810.7214672896 6530264.921930849 0 1 3 
3923 378728.7248788248 6530322.163170179 0 1 8 
3924 378646.72829036 6530379.40440951 0 1 8 
3925 378564.7317018952 6530436.645648841 0 1 8 
3926 378482.7351134304 6530493.886888172 0 1 3 
3927 378400.7385249656 6530551.128127503 0 1 3 
3928 378318.7419365008 6530608.369366834 0 1 3 
3929 378236.745348036 6530665.610606165 0 1 8 
3930 378154.7487595712 6530722.851845495 0 1 8 
3931 378072.7521711064 6530780.093084826 0 1 8 
3932 377990.7555826416 6530837.334324158 0 1 3 
3933 377908.7589941768 6530894.575563489 0 1 3 
3934 377826.762405712 6530951.816802819 0 1 3 
3935 377744.7658172472 6531009.05804215 0 1 3 
3936 377662.7680026714 6531066.297524896 0 1 8 
3937 377580.7649257267 6531123.529468526 0 1 3 
3938 377498.761848782 6531180.761412156 0 1 3 
3939 377416.7587718372 6531237.993355785 0 1 8 
3940 377334.7556948925 6531295.225299414 0 1 3 
3941 377243.4464005802 6531306.085166771 0 1 3 
3942 377174.678860525 6531343.782774254 0 1 3 
3943 377131.8261930252 6531434.135687256 0 1 5 
3944 377088.9735255254 6531524.48860026 0 1 5 
3945 377046.1208580255 6531614.841513263 0 1 3 
3946 377003.2681905257 6531705.194426266 0 1 5 
3947 376958.3059012974 6531794.467543026 0 1 3 
3948 376910.0745801195 6531882.067426914 0 1 5 
3949 376861.8432589417 6531969.667310804 0 1 5 
3950 376813.6119377638 6532057.267194694 0 1 3 
3951 376765.380616586 6532144.867078583 0 1 5 
3952 376717.1492954082 6532232.466962473 0 1 3 
3953 376668.9179742303 6532320.066846362 0 1 3 
3954 376620.6866530525 6532407.666730251 0 1 5 
3955 376572.4553318746 6532495.266614141 0 1 3 
3956 376524.2240106968 6532582.86649803 0 1 5 
3957 376475.9926895189 6532670.46638192 0 1 3 
3958 376427.761368341 6532758.066265809 0 1 3 
3959 376379.5300471632 6532845.666149698 0 1 5 
3960 376331.2987259853 6532933.266033588 0 1 3 
3961 376283.0674048075 6533020.865917477 0 1 5 
3962 376234.8360836297 6533108.465801367 0 1 3 
3963 376186.6047624518 6533196.065685256 0 1 3 
3964 376138.373441274 6533283.665569145 0 1 5 
3965 376090.1421200961 6533371.265453035 0 1 3 
3966 376041.9107989183 6533458.865336924 0 1 5 
3967 375993.6794777404 6533546.465220814 0 1 5 
3968 375945.4481565626 6533634.065104703 0 1 3 
3969 375897.2168353847 6533721.664988592 0 1 5 
3970 375848.9855142069 6533809.264872482 0 1 3 
3971 375800.7541930291 6533896.864756372 0 1 3 
3972 375752.5228718512 6533984.464640261 0 1 5 
3973 375704.2915506734 6534072.06452415 0 1 3 
3974 375656.0602294955 6534159.664408039 0 1 5 
3975 375607.8289083177 6534247.264291929 0 1 3 
3976 375559.5975871398 6534334.864175819 0 1 3 
3977 375511.366265962 6534422.464059708 0 1 5 
3978 375463.1349447841 6534510.063943597 0 1 3 
3979 375414.9036236063 6534597.663827486 0 1 5 
3980 375378.8839057569 6534690.86788355 0 1 5 
3981 375343.9183279799 6534784.555707576 0 1 5 
3982 375308.9527502027 6534878.243531602 0 1 3 
3983 375273.9871724256 6534971.931355628 0 1 3 
3984 375239.0215946485 6535065.619179654 0 1 5 
3985 375204.0560168714 6535159.30700368 0 1 5 
3986 375169.0904390943 6535252.994827705 0 1 5 
3987 375134.1248613172 6535346.682651732 0 1 3 
3988 375099.15928354 6535440.370475758 0 1 3 
3989 375064.1937057629 6535534.058299784 0 1 3 
3990 375029.2281279858 6535627.746123809 0 1 5 
3991 375057.3240946776 6535648.03070846 0 1 3 
3992 375144.6726339656 6535599.345672933 0 1 3 
3993 375232.0211732536 6535550.660637407 0 1 3 
3994 375319.3697125416 6535501.97560188 0 1 8 
3995 375406.7182518296 6535453.290566353 0 1 8 
3996 375494.0667911176 6535404.605530826 0 1 8 
3997 375581.4153304056 6535355.920495299 0 1 3 
3998 375668.7638696936 6535307.235459772 0 1 3 
3999 375756.1124089815 6535258.550424245 0 1 3 
4000 375843.4609482695 6535209.865388718 0 1 8 
4001 375930.8094875575 6535161.180353192 0 1 8 
4002 376018.1580268455 6535112.495317665 0 1 8 
4003 376105.5065661335 6535063.810282138 0 1 8 
4004 376192.8551054214 6535015.12524661 0 1 3 
4005 376280.2036447095 6534966.440211084 0 1 3 
4006 376369.4836077993 6534922.049478226 0 1 3 
4007 376463.864136361 6534888.999276587 0 1 8 
4008 376558.2446649227 6534855.949074947 0 1 8 
4009 376652.6251934844 6534822.898873308 0 1 8 
4010 376743.7415835686 6534782.034819127 0 1 8 
4011 376833.5865397489 6534738.12714498 0 1 3 
4012 376923.4314959293 6534694.219470833 0 1 3 
4013 377013.2764521096 6534650.311796688 0 1 8 
4014 377103.1214082899 6534606.404122541 0 1 3 
4015 377192.9663644702 6534562.496448394 0 1 3 
4016 377282.8113206505 6534518.588774248 0 1 8 
4017 377372.6562768308 6534474.681100101 0 1 8 
4018 377462.5012330111 6534430.773425954 0 1 3 
4019 377527.8353489694 6534362.442736054 0 1 8 
4020 377571.4202412422 6534272.440751822 0 1 3 
4021 377615.0051335149 6534182.438767591 0 1 3 
4022 377658.5900257876 6534092.436783359 0 1 3 
4023 377702.1749180604 6534002.434799128 0 1 8 
4024 377745.7598103331 6533912.432814897 0 1 8 
4025 377789.3447026058 6533822.430830666 0 1 8 
4026 377832.9295948785 6533732.428846434 0 1 3 
4027 377876.5144871512 6533642.426862203 0 1 3 
4028 377938.5776116388 6533565.291882477 0 1 3 
4029 378001.0734484974 6533499.852848125 0 1 3 
4030 378097.3586239337 6533472.849792905 0 1 3 
4031 378193.64379937 6533445.846737686 0 1 3 
4032 378289.9289748064 6533418.843682466 0 1 3 
4033 378386.2141502427 6533391.840627247 0 1 8 
4034 378475.5061464009 6533347.45104953 0 1 3 
4035 378563.6729913724 6533300.264108034 0 1 8 
4036 378651.8398363438 6533253.077166538 0 1 8 
4037 378740.0066813153 6533205.890225042 0 1 8 
4038 378828.1735262868 6533158.703283545 0 1 3 
4039 378916.3403712583 6533111.516342049 0 1 3 
4040 379004.5072162297 6533064.329400552 0 1 8 
4041 379101.5719143755 6533043.368812406 0 1 8 
4042 379196.0003230708 6533015.499916744 0 1 8 
4043 379281.9742909558 6532964.426666934 0 1 3 
4044 379367.9482588408 6532913.353417125 0 1 3 
4045 379453.9222267258 6532862.280167315 0 1 3 
4046 379539.8961946107 6532811.206917506 0 1 3 
4047 379625.8697004538 6532760.132889986 0 1 8 
4048 379711.8398368694 6532709.053191038 0 1 8 
4049 379797.8099732852 6532657.973492089 0 1 3 
4050 379883.7801097009 6532606.893793141 0 1 3 
4051 379969.7502461165 6532555.814094192 0 1 8 
4052 380055.7203825323 6532504.734395243 0 1 3 
4053 380141.690518948 6532453.654696295 0 1 3 
4054 380227.6606553636 6532402.574997347 0 1 8 
4055 380313.6307917793 6532351.495298398 0 1 3 
4056 380399.6009281951 6532300.41559945 0 1 3 
4057 380485.5680682088 6532249.33085783 0 1 8 
4058 380571.5342080327 6532198.244432982 0 1 8 
4059 380657.5003478567 6532147.158008133 0 1 3 
4060 380743.4664876807 6532096.071583285 0 1 3 
4061 380829.4326275046 6532044.985158437 0 1 3 
4062 380915.3987673286 6531993.898733589 0 1 3 
4063 380998.4811320605 6531938.266240574 0 1 8 
4064 381084.4818167661 6531887.730424071 0 1 8 
4065 381173.1753970789 6531841.818327434 0 1 3 
4066 381256.9961062312 6531787.283121217 0 1 8 
4067 381340.8168153835 6531732.747915 0 1 8 
4068 381424.6375245359 6531678.212708781 0 1 3 
4069 381508.4582336882 6531623.677502564 0 1 8 
4070 381592.2776067882 6531569.140242931 0 1 8 
4071 381676.0959253327 6531514.60136252 0 1 3 
4072 381759.9142438772 6531460.06248211 0 1 8 
4073 381843.7325624217 6531405.523601701 0 1 8 
4074 381858.7788869441 6531445.357615614 0 1 8 
4075 381832.5349757288 6531541.852471042 0 1 8 
4076 381806.2910645136 6531638.347326471 0 1 3 
4077 381780.0471532983 6531734.8421819 0 1 3 
4078 381753.8032420831 6531831.337037328 0 1 3 
4079 381727.5593308678 6531927.831892756 0 1 8 
4080 381686.253882578 6532018.743429651 0 1 8 
4081 381643.2584024784 6532109.028470998 0 1 8 
4082 381600.2629223788 6532199.313512345 0 1 3 
4083 381557.2674422791 6532289.598553692 0 1 3 
4084 381514.2719621795 6532379.883595038 0 1 8 
4085 381471.2764820799 6532470.168636385 0 1 3 
4086 381428.2810019802 6532560.453677732 0 1 3 
4087 381385.2855218806 6532650.738719079 0 1 8 
4088 381340.7457743385 6532740.162672062 0 1 3 
4089 381286.5402512738 6532824.196958334 0 1 8 
4090 381232.3347282092 6532908.231244607 0 1 3 
4091 381178.1292051445 6532992.265530879 0 1 8 
4092 381123.9236820798 6533076.299817151 0 1 3 
4093 381069.7181590152 6533160.334103423 0 1 8 
4094 381015.5126359505 6533244.368389696 0 1 3 
4095 380954.1671324341 6533323.24958739 0 1 8 
4096 380891.4876444397 6533401.168017718 0 1 8 
4097 380828.8081564454 6533479.086448046 0 1 3 
4098 380766.1286684511 6533557.004878374 0 1 8 
4099 380703.4491804568 6533634.923308702 0 1 3 
4100 380640.7696924625 6533712.84173903 0 1 8 
4101 380566.6589719444 6533779.42940376 0 1 8 
4102 380489.2968762898 6533842.794269072 0 1 3 
4103 380411.9347806352 6533906.159134383 0 1 3 
4104 380334.5726849806 6533969.523999695 0 1 3 
4105 380257.210589326 6534032.888865006 0 1 3 
4106 380179.8484936714 6534096.253730318 0 1 3 
4107 380102.4863980168 6534159.618595629 0 1 3 
4108 380025.1243023622 6534222.98346094 0 1 3 
4109 379948.2833477035 6534286.926851037 0 1 3 
4110 379877.2106013046 6534357.273597367 0 1 8 
4111 379806.1378549057 6534427.620343698 0 1 8 
4112 379735.0651085069 6534497.967090029 0 1 3 
4113 379663.992362108 6534568.313836359 0 1 8 
4114 379592.9196157092 6534638.66058269 0 1 8 
4115 379521.8468693103 6534709.007329022 0 1 3 
4116 379450.7741229114 6534779.354075352 0 1 8 
4117 379379.7013765126 6534849.700821683 0 1 3 
4118 379308.6286301137 6534920.047568014 0 1 3 
4119 379251.3229650494 6535001.694122342 0 1 8 
4120 379196.1829702265 6535085.1182254 0 1 3 
4121 379141.0429754036 6535168.542328457 0 1 8 
4122 379085.9029805807 6535251.966431515 0 1 3 
4123 379030.7629857578 6535335.390534572 0 1 8 
4124 378975.6229909349 6535418.814637629 0 1 8 
4125 378920.4829961121 6535502.238740687 0 1 3 
4126 378865.3430012892 6535585.662843744 0 1 8 
4127 378810.2030064663 6535669.086946802 0 1 3 
4128 378755.0630116434 6535752.511049859 0 1 8 
4129 378705.9046663418 6535839.374758125 0 1 8 
4130 378661.5397393333 6535928.994807509 0 1 8 
4131 378617.1748123248 6536018.614856892 0 1 8 
4132 378572.8098853162 6536108.234906277 0 1 3 
4133 378528.4449583076 6536197.85495566 0 1 3 
4134 378484.0800312991 6536287.475005044 0 1 3 
4135 378439.7151042905 6536377.095054427 0 1 3 
4136 378395.3501772819 6536466.715103811 0 1 8 
4137 378350.9852502734 6536556.335153194 0 1 8 
4138 378306.6203232649 6536645.955202578 0 1 8 
4139 378260.9676113164 6536734.885546728 0 1 3 
4140 378210.9558022959 6536821.481268092 0 1 3 
4141 378160.9439932755 6536908.076989455 0 1 8 
4142 378110.932184255 6536994.672710819 0 1 3 
4143 378060.9203752345 6537081.268432183 0 1 3 
4144 378010.908566214 6537167.864153546 0 1 8 
4145 377960.8967571936 6537254.45987491 0 1 3 
4146 377906.1145626779 6537337.801631582 0 1 8 
4147 377843.741099668 6537415.965249156 0 1 3 
4148 377781.3676366581 6537494.128866728 0 1 8 
4149 377718.9941736483 6537572.292484302 0 1 8 
4150 377656.6207106385 6537650.456101876 0 1 3 
4151 377594.2472476286 6537728.619719448 0 1 8 
4152 377531.8737846187 6537806.783337022 0 1 8 
4153 377469.5003216089 6537884.946954596 0 1 3 
4154 377407.126858599 6537963.11057217 0 1 3 
4155 377344.7533955892 6538041.274189742 0 1 8 
4156 377282.3799325794 6538119.437807316 0 1 3 
4157 377218.7159905609 6538196.371882353 0 1 3 
4158 377143.6584611263 6538262.45037564 0 1 8 
4159 377068.6009316916 6538328.528868928 0 1 8 
4160 376993.543402257 6538394.607362215 0 1 8 
4161 376918.4858728223 6538460.685855503 0 1 8 
4162 376843.4283433877 6538526.764348791 0 1 8 
4163 376768.3708139531 6538592.842842079 0 1 3 
4164 376693.3132845185 6538658.921335367 0 1 3 
4165 376618.2557550839 6538724.999828654 0 1 3 
4166 376543.1982256492 6538791.078321942 0 1 3 
4167 376468.1406962146 6538857.156815229 0 1 8 
4168 376393.08316678 6538923.235308517 0 1 8 
4169 376318.0256373453 6538989.313801805 0 1 8 
4170 376242.9681079107 6539055.392295092 0 1 8 
4171 376167.910578476 6539121.47078838 0 1 3 
4172 376092.8530490414 6539187.549281668 0 1 3 
4173 376017.7955196068 6539253.627774956 0 1 3 
4174 375942.7379901721 6539319.706268243 0 1 3 
4175 375867.6804607375 6539385.78476153 0 1 8 
4176 375792.6229313029 6539451.863254818 0 1 8 
4177 375717.5654018683 6539517.941748106 0 1 8 
4178 375642.5078724336 6539584.020241394 0 1 8 
4179 375567.450342999 6539650.098734681 0 1 3 
4180 375492.3928135643 6539716.177227969 0 1 3 
4181 375417.3352841297 6539782.255721257 0 1 3 
4182 375342.277754695 6539848.334214545 0 1 3 
4183 375267.2202252604 6539914.412707832 0 1 8 
4184 375192.1626958258 6539980.491201119 0 1 8 
4185 375117.1051663912 6540046.569694407 0 1 8 
4186 375042.0476369566 6540112.648187695 0 1 8 
4187 374966.812481572 6540178.518150634 0 1 8 
4188 374889.6376868236 6540242.111004443 0 1 8 
4189 374812.4628920751 6540305.703858252 0 1 8 
4190 374735.2880973267 6540369.29671206 0 1 8 
4191 374658.1133025783 6540432.889565869 0 1 8 
4192 374580.9385078299 6540496.482419678 0 1 3 
4193 374503.7637130814 6540560.075273487 0 1 3 
4194 374426.588918333 6540623.668127296 0 1 3 
4195 374349.4141235846 6540687.260981104 0 1 3 
4196 374272.2393288361 6540750.853834913 0 1 3 
4197 374195.0645340877 6540814.446688722 0 1 3 
4198 374117.8897393393 6540878.039542531 0 1 3 
4199 374040.7149445909 6540941.632396339 0 1 3 
4200 373963.5401498424 6541005.225250148 0 1 3 
4201 373886.365355094 6541068.818103957 0 1 3 
4202 373809.1905603456 6541132.410957766 0 1 3 
4203 373732.0157655972 6541196.003811574 0 1 8 
4204 373654.8409708487 6541259.596665382 0 1 8 
4205 373577.6661761003 6541323.189519191 0 1 8 
4206 373500.4913813519 6541386.782373 0 1 8 
4207 373423.3165866035 6541450.375226809 0 1 8 
4208 373346.141791855 6541513.968080617 0 1 8 
4209 373268.9669971066 6541577.560934426 0 1 8 
4210 373191.7922023582 6541641.153788235 0 1 8 
4211 373114.6174076098 6541704.746642044 0 1 8 
4212 373037.4426128613 6541768.339495853 0 1 8 
4213 372960.2678181129 6541831.932349661 0 1 3 
4214 372883.0930233645 6541895.52520347 0 1 3 
4215 372805.9182286161 6541959.118057279 0 1 3 
4216 372728.7434338676 6542022.710911088 0 1 3 
4217 372651.5686391192 6542086.303764896 0 1 3 
4218 372574.3938443708 6542149.896618705 0 1 3 
4219 372497.2190496224 6542213.489472514 0 1 3 
4220 372420.0442548739 6542277.082326323 0 1 3 
4221 372342.8694601255 6542340.675180132 0 1 3 
4222 372265.6946653771 6542404.26803394 0 1 3 
4223 372188.5198706287 6542467.860887749 0 1 3 
4224 372111.3450758802 6542531.453741557 0 1 8 
4225 372034.1702811318 6542595.046595366 0 1 8 
4226 371959.4618234095 6542661.428392389 0 1 3 
4227 371886.9069576383 6542730.245479315 0 1 3 
4228 371814.352091867 6542799.062566239 0 1 8 
4229 371741.7972260957 6542867.879653165 0 1 8 
4230 371669.2423603244 6542936.696740091 0 1 3 
4231 371596.6874945532 6543005.513827017 0 1 3 
4232 371524.1326287819 6543074.330913941 0 1 8 
4233 371451.5777630106 6543143.148000867 0 1 8 
4234 371379.0228972394 6543211.965087793 0 1 3 
4235 371306.468031468 6543280.782174719 0 1 3 
4236 371233.9131656968 6543349.599261643 0 1 8 
4237 371161.3582999255 6543418.416348569 0 1 8 
4238 371088.8034341543 6543487.233435495 0 1 3 
4239 371016.248568383 6543556.050522421 0 1 3 
4240 370943.6937026117 6543624.867609345 0 1 8 
4241 370871.1388368404 6543693.684696271 0 1 8 
4242 370798.5839710691 6543762.501783197 0 1 3 
4243 370729.6020677032 6543834.89815987 0 1 3 
4244 370660.6567151978 6543907.331152131 0 1 3 
4245 370591.7113626923 6543979.764144392 0 1 8 
4246 370522.7660101869 6544052.197136653 0 1 8 
4247 370453.8206576814 6544124.630128914 0 1 3 
4248 370384.875305176 6544197.063121175 0 1 3 
4249 370315.9299526706 6544269.496113436 0 1 8 
4250 370253.1666326545 6544346.939265938 0 1 8 
4251 370196.5857903021 6544429.39293947 0 1 3 
4252 370140.0049479498 6544511.846613 0 1 8 
4253 370083.4241055974 6544594.300286531 0 1 8 
4254 370046.9879108857 6544686.618596071 0 1 3 
4255 370016.5469859241 6544781.872730299 0 1 3 
4256 369986.1060609625 6544877.126864526 0 1 8 
4257 369955.6651360009 6544972.380998754 0 1 8 
4258 369953.4583835688 6545075.405372565 0 1 3 
4259 369952.2205963288 6545175.397711685 0 1 3 
4260 369950.9828090889 6545275.390050805 0 1 3 
4261 369949.745021849 6545375.382389925 0 1 3 
4262 369948.5072346091 6545475.374729046 0 1 3 
4263 369947.2694473692 6545575.367068166 0 1 3 
4264 369946.0316601293 6545675.359407286 0 1 3 
4265 369944.7938728894 6545775.351746406 0 1 3 
4266 369943.5560856494 6545875.344085527 0 1 3 
4267 369942.3182984095 6545975.336424648 0 1 3 
4268 369941.0805111696 6546075.328763768 0 1 3 
4269 369939.8427239297 6546175.321102888 0 1 3 
4270 369938.6049366897 6546275.313442009 0 1 3 
4271 369937.3671494498 6546375.305781129 0 1 3 
4272 369936.1293622099 6546475.298120249 0 1 3 
4273 369934.89157497 6546575.290459369 0 1 3 
4274 369933.6537877301 6546675.28279849 0 1 3 
4275 369932.4160004901 6546775.27513761 0 1 3 
4276 369931.1782132502 6546875.26747673 0 1 3 
4277 369929.9404260103 6546975.25981585 0 1 3 
4278 369928.7026387704 6547075.252154971 0 1 3 
4279 369927.4648515305 6547175.244494091 0 1 3 
4280 369926.2270642905 6547275.236833211 0 1 3 
4281 369924.9892770507 6547375.229172331 0 1 3 
4282 369923.7514898107 6547475.221511452 0 1 3 
4283 369922.5137025708 6547575.213850572 0 1 3 
4284 369921.2759153309 6547675.206189692 0 1 3 
4285 369921.1221767564 6547687.625674384 0 1 3 
4286 370566.704843184 6547695.025727218 0 1 9 
4287 370596.4315408921 6547599.54628732 0 1 9 
4288 383690.9256953424 6532220.07796759 0 1 3 
4289 383666.9801535115 6532311.856570895 0 1 7 
4290 383603.7741683065 6532389.348528118 0 1 7 
4291 383540.5681831015 6532466.840485341 0 1 7 
4292 383477.3621978965 6532544.332442564 0 1 7 
4293 383414.1562126915 6532621.824399787 0 1 7 
4294 383350.9502274865 6532699.316357011 0 1 3 
4295 383287.7442422815 6532776.808314234 0 1 3 
4296 383224.5382570765 6532854.300271457 0 1 3 
4297 383161.3322718715 6532931.79222868 0 1 3 
4298 383098.1262866665 6533009.284185903 0 1 3 
4299 383034.9203014615 6533086.776143126 0 1 3 
4300 382971.7143162565 6533164.268100349 0 1 3 
4301 382908.5083310515 6533241.760057572 0 1 3 
4302 382878.9894714348 6533198.173745757 0 1 3 
4303 382864.888365195 6533099.172943726 0 1 3 
4304 382850.7872589551 6533000.172141694 0 1 7 
4305 382842.5114646524 6532901.409469783 0 1 3 
4306 382864.6460313236 6532803.889928366 0 1 7 
4307 382886.7805979949 6532706.370386949 0 1 7 
4308 382908.9151646661 6532608.850845531 0 1 3 
4309 382944.6195684415 6532517.945164514 0 1 3 
4310 383007.7962446382 6532440.42931075 0 1 7 
4311 383070.9729208347 6532362.913456986 0 1 3 
4312 383134.1495970313 6532285.397603222 0 1 7 
4313 383197.3262732279 6532207.881749458 0 1 3 
4314 383260.5029494245 6532130.365895694 0 1 3 
4315 383323.6796256211 6532052.850041931 0 1 7 
4316 383386.8563018177 6531975.334188166 0 1 3 
4317 383472.1695571638 6531927.358306607 0 1 3 
4318 383564.3052768031 6531888.486605248 0 1 7 
4319 383660.7261272458 6531863.897093169 0 1 7 
4320 383759.042928279 6531845.626717295 0 1 7 
4321 383845.7779926895 6531878.759239388 0 1 7 
4322 383906.5257765226 6531940.353330149 0 1 3 
4323 383845.4787192997 6532019.55722402 0 1 7 
4324 383784.4316620769 6532098.761117892 0 1 3 
4325 383723.3846048539 6532177.965011763 0 1 7 
4326 370352.4058126746 6542464.89568219 0 2 8 1 
4327 370413.2673289434 6542385.549126893 0 1 8 
4328 370474.1288452122 6542306.202571596 0 1 5 
4329 370534.990361481 6542226.8560163 0 1 8 
4330 370595.8518777498 6542147.509461002 0 1 5 
4331 370656.7133940186 6542068.162905706 0 1 8 
4332 370717.5749102875 6541988.816350409 0 1 5 
4333 370778.4364265563 6541909.469795112 0 1 8 
4334 370839.2979428251 6541830.123239815 0 1 5 
4335 370900.1594590939 6541750.776684519 0 1 8 
4336 370961.0209753627 6541671.430129222 0 1 5 
4337 371021.8824916315 6541592.083573925 0 1 5 
4338 371082.7440079004 6541512.737018629 0 1 8 
4339 371143.6055241692 6541433.390463332 0 1 5 
4340 371209.8487072876 6541358.562779058 0 1 8 
4341 371277.4713874212 6541284.893429043 0 1 5 
4342 371345.0940675548 6541211.224079029 0 1 8 
4343 371412.7167476884 6541137.554729015 0 1 8 
4344 371480.339427822 6541063.885379 0 1 5 
4345 371547.9621079557 6540990.216028986 0 1 8 
4346 371615.5847880893 6540916.546678971 0 1 5 
4347 371683.2074682229 6540842.877328956 0 1 5 
4348 371750.8301483565 6540769.207978942 0 1 8 
4349 371818.4528284901 6540695.538628927 0 1 5 
4350 371886.0755086237 6540621.869278913 0 1 8 
4351 371953.6981887573 6540548.199928899 0 1 8 
4352 372021.320868891 6540474.530578884 0 1 5 
4353 372088.9435490246 6540400.86122887 0 1 8 
4354 372146.8119967244 6540319.362472378 0 1 8 
4355 372204.1071134577 6540237.403521686 0 1 8 
4356 372261.402230191 6540155.444570993 0 1 5 
4357 372318.6973469243 6540073.485620301 0 1 5 
4358 372375.9924636576 6539991.526669609 0 1 5 
4359 372433.2875803909 6539909.567718918 0 1 5 
4360 372490.1436302441 6539827.304884613 0 1 8 
4361 372546.6675410044 6539744.812172739 0 1 5 
4362 372603.1914517647 6539662.319460865 0 1 8 
4363 372659.7153625249 6539579.82674899 0 1 5 
4364 372716.2392732851 6539497.334037117 0 1 8 
4365 372772.7631840454 6539414.841325242 0 1 5 
4366 372828.0356585276 6539331.510926742 0 1 8 
4367 372882.7572730032 6539247.811793477 0 1 5 
4368 372937.4788874789 6539164.112660213 0 1 8 
4369 372992.2005019545 6539080.413526949 0 1 8 
4370 373046.9221164301 6538996.714393685 0 1 5 
4371 373101.6437309057 6538913.015260421 0 1 8 
4372 373156.3653453813 6538829.316127157 0 1 8 
4373 373211.086959857 6538745.616993892 0 1 5 
4374 373265.8085743326 6538661.917860628 0 1 8 
4375 373320.5301888082 6538578.218727364 0 1 8 
4376 373375.2518032838 6538494.519594099 0 1 5 
4377 373429.9734177594 6538410.820460835 0 1 8 
4378 373484.6950322351 6538327.121327572 0 1 8 
4379 373539.4166467107 6538243.422194307 0 1 5 
4380 373594.1382611863 6538159.723061043 0 1 8 
4381 373643.7903026231 6538073.008429013 0 1 5 
4382 373691.2207510126 6537984.97234229 0 1 5 
4383 373738.6511994022 6537896.936255567 0 1 5 
4384 373786.0816477918 6537808.900168844 0 1 8 
4385 373833.5120961813 6537720.86408212 0 1 8 
4386 373880.9425445709 6537632.827995397 0 1 8 
4387 373928.3729929605 6537544.791908673 0 1 5 
4388 373975.8034413501 6537456.75582195 0 1 5 
4389 374023.2338897397 6537368.719735227 0 1 5 
4390 374070.6643381292 6537280.683648503 0 1 8 
4391 374118.0947865188 6537192.64756178 0 1 8 
4392 374165.5252349084 6537104.611475057 0 1 8 
4393 374212.9556832979 6537016.575388333 0 1 5 
4394 374260.3861316876 6536928.53930161 0 1 5 
4395 374307.8165800771 6536840.503214886 0 1 5 
4396 374357.596296614 6536753.810450893 0 1 5 
4397 374409.4112092168 6536668.281421716 0 1 8 
4398 374461.2261218196 6536582.752392539 0 1 5 
4399 374513.0410344225 6536497.223363362 0 1 8 
4400 374564.8559470253 6536411.694334186 0 1 8 
4401 374616.6708596281 6536326.165305008 0 1 5 
4402 374668.485772231 6536240.636275832 0 1 8 
4403 374720.3006848338 6536155.107246654 0 1 5 
4404 374772.1155974366 6536069.578217478 0 1 8 
4405 374823.9305100394 6535984.0491883 0 1 5 
4406 374875.7454226423 6535898.520159123 0 1 8 
4407 374927.5603352451 6535812.991129946 0 1 5 
4408 374979.3752478479 6535727.462100769 0 1 8 
4409 375025.0440722011 6535638.957009114 0 1 3 
4410 375060.0096499782 6535545.269185089 0 1 3 
4411 375094.9752277553 6535451.581361063 0 1 3 
4412 375129.9408055324 6535357.893537036 0 1 5 
4413 375164.9063833095 6535264.20571301 0 1 5 
4414 375199.8719610866 6535170.517888985 0 1 5 
4415 375234.8375388638 6535076.830064959 0 1 3 
4416 375269.8031166408 6534983.142240933 0 1 3 
4417 375304.768694418 6534889.454416906 0 1 5 
4418 375339.7342721951 6534795.766592881 0 1 5 
4419 375374.6998499722 6534702.078768855 0 1 5 
4420 375409.6654277493 6534608.390944829 0 1 3 
4421 375457.3634817851 6534520.546332971 0 1 3 
4422 375505.594802963 6534432.946449081 0 1 3 
4423 375553.8261241408 6534345.346565192 0 1 5 
4424 375602.0574453186 6534257.746681303 0 1 3 
4425 375650.2887664965 6534170.146797413 0 1 5 
4426 375698.5200876743 6534082.546913524 0 1 3 
4427 375746.7514088522 6533994.947029634 0 1 3 
4428 375794.98273003 6533907.347145745 0 1 5 
4429 375843.2140512079 6533819.747261856 0 1 3 
4430 375891.4453723857 6533732.147377966 0 1 5 
4431 375939.6766935636 6533644.547494077 0 1 3 
4432 375987.9080147414 6533556.947610187 0 1 3 
4433 376036.1393359192 6533469.347726298 0 1 5 
4434 376084.3706570971 6533381.747842409 0 1 3 
4435 376132.6019782749 6533294.147958519 0 1 5 
4436 376180.8332994528 6533206.548074629 0 1 5 
4437 376229.0646206306 6533118.94819074 0 1 3 
4438 376277.2959418085 6533031.348306851 0 1 5 
4439 376325.5272629863 6532943.748422962 0 1 3 
4440 376373.7585841642 6532856.148539072 0 1 3 
4441 376421.9899053421 6532768.548655182 0 1 5 
4442 376470.2212265199 6532680.948771293 0 1 3 
4443 376518.4525476977 6532593.348887403 0 1 5 
4444 376566.6838688756 6532505.749003515 0 1 3 
4445 376614.9151900534 6532418.149119625 0 1 3 
4446 376663.1465112313 6532330.549235735 0 1 5 
4447 376711.3778324091 6532242.949351846 0 1 3 
4448 376759.609153587 6532155.349467956 0 1 5 
4449 376807.8404747648 6532067.749584068 0 1 3 
4450 376856.0717959427 6531980.149700178 0 1 3 
4451 376904.3031171205 6531892.549816288 0 1 5 
4452 376952.5344382983 6531804.949932399 0 1 3 
4453 376998.140348724 6531716.006248988 0 1 5 
4454 377040.9930162239 6531625.653335986 0 1 3 
4455 377083.8456837237 6531535.300422982 0 1 3 
4456 377126.6983512235 6531444.947509979 0 1 5 
4457 377169.5510187233 6531354.594596976 0 1 3 
4458 377212.0094892797 6531264.05769457 0 1 8 
4459 377253.7439434804 6531173.182861242 0 1 8 
4460 377295.4783976811 6531082.308027912 0 1 5 
4461 377337.2128518817 6530991.433194583 0 1 8 
4462 377378.9473060824 6530900.558361254 0 1 5 
4463 377420.6817602831 6530809.683527925 0 1 5 
4464 377462.4162144838 6530718.808694596 0 1 8 
4465 377508.0690558545 6530629.851467731 0 1 8 
4466 377554.2221945808 6530541.139079725 0 1 5 
4467 377600.3753333072 6530452.426691719 0 1 5 
4468 377646.5284720336 6530363.714303713 0 1 5 
4469 377692.6816107599 6530275.001915708 0 1 8 
4470 377738.8347494863 6530186.289527702 0 1 8 
4471 377784.9878882127 6530097.577139696 0 1 5 
4472 377834.1521471753 6530010.49861872 0 1 8 
4473 377883.3694698833 6529923.448890716 0 1 5 
4474 377932.5867925911 6529836.399162713 0 1 5 
4475 377981.804115299 6529749.349434709 0 1 5 
4476 378031.0214380069 6529662.299706706 0 1 5 
4477 378080.2387607148 6529575.249978703 0 1 5 
4478 378125.7985573633 6529486.343655513 0 1 5 
4479 378167.0168677815 6529395.233552416 0 1 5 
4480 378208.2351781997 6529304.12344932 0 1 8 
4481 378249.453488618 6529213.013346223 0 1 8 
4482 378290.6717990362 6529121.903243126 0 1 5 
4483 378331.8901094544 6529030.79314003 0 1 5 
4484 378373.1084198726 6528939.683036934 0 1 8 
4485 378414.3267302908 6528848.572933837 0 1 8 
4486 378455.545040709 6528757.46283074 0 1 5 
4487 378496.7633511272 6528666.352727643 0 1 5 
4488 378537.9816615455 6528575.242624547 0 1 8 
4489 378579.1999719637 6528484.132521451 0 1 8 
4490 378620.4182823819 6528393.022418354 0 1 5 
4491 378661.6365928001 6528301.912315257 0 1 5 
4492 378702.8549032183 6528210.802212161 0 1 8 
4493 378744.0732136365 6528119.692109064 0 1 8 
4494 378785.2915240548 6528028.582005967 0 1 5 
4495 378826.509834473 6527937.471902871 0 1 5 
4496 378867.7281448912 6527846.361799775 0 1 8 
4497 378908.9464553094 6527755.251696678 0 1 5 
4498 378950.1647657276 6527664.141593581 0 1 5 
4499 378976.9220615569 6527567.905898903 0 1 5 
4500 379002.2824687411 6527471.175088159 0 1 8 
4501 379027.6428759253 6527374.444277413 0 1 8 
4502 379053.0032831095 6527277.713466668 0 1 5 
4503 379015.5252046178 6527228.876000788 0 1 5 
4504 378915.5322948847 6527227.685201431 0 1 5 
4505 378815.5393851516 6527226.494402074 0 1 5 
4506 378715.5464754185 6527225.303602718 0 1 5 
4507 378615.5535656854 6527224.112803361 0 1 5 
4508 378515.5606559523 6527222.922004005 0 1 5 
4509 378415.5677462192 6527221.731204649 0 1 5 
4510 378315.5748364861 6527220.540405292 0 1 5 
4511 378215.581926753 6527219.349605936 0 1 5 
4512 378115.5890170199 6527218.158806579 0 1 5 
4513 378015.5961072868 6527216.968007223 0 1 5 
4514 377915.6031975537 6527215.777207866 0 1 5 
4515 377815.6102878206 6527214.58640851 0 1 5 
4516 377715.6173780875 6527213.395609153 0 1 5 
4517 377615.6244683544 6527212.204809796 0 1 5 
4518 377515.6315586212 6527211.01401044 0 1 5 
4519 377415.6386488882 6527209.823211083 0 1 5 
4520 377315.6457391551 6527208.632411727 0 1 5 
4521 377215.652829422 6527207.44161237 0 1 5 
4522 377115.6599196888 6527206.250813014 0 1 5 
4523 377015.6670099557 6527205.060013657 0 1 5 
4524 376915.6741002226 6527203.869214301 0 1 5 
4525 376815.6811904896 6527202.678414945 0 1 5 
4526 376715.6882807564 6527201.487615588 0 1 5 
4527 376615.6953710233 6527200.296816232 0 1 5 
4528 376515.7024612902 6527199.106016875 0 1 5 
4529 376415.7095515571 6527197.915217519 0 1 5 
4530 376315.716641824 6527196.724418162 0 1 5 
4531 376215.7237320909 6527195.533618805 0 1 5 
4532 376115.7308223578 6527194.342819449 0 1 5 
4533 376015.7379126247 6527193.152020092 0 1 5 
4534 375915.7450028916 6527191.961220736 0 1 5 
4535 375815.7520931585 6527190.770421379 0 1 5 
4536 375715.7591834254 6527189.579622023 0 1 5 
4537 375615.7662736923 6527188.388822666 0 1 5 
4538 375515.7733639592 6527187.19802331 0 1 5 
4539 375415.7804542261 6527186.007223953 0 1 5 
4540 375315.787544493 6527184.816424597 0 1 5 
4541 375215.7946347599 6527183.625625241 0 1 5 
4542 375115.8017250268 6527182.434825884 0 1 5 
4543 375015.8088152937 6527181.244026528 0 1 5 
4544 374915.8159055606 6527180.053227171 0 1 5 
4545 374815.8229958275 6527178.862427814 0 1 5 
4546 374715.8300860944 6527177.671628457 0 1 5 
4547 374615.8371763612 6527176.480829101 0 1 5 
4548 374515.8442666281 6527175.290029745 0 1 5 
4549 374415.8513568951 6527174.099230388 0 1 5 
4550 374315.858447162 6527172.908431032 0 1 5 
4551 374215.8655374289 6527171.717631675 0 1 5 
4552 374115.8726276957 6527170.526832319 0 1 5 
4553 374015.8797179626 6527169.336032962 0 1 5 
4554 373915.8868082296 6527168.145233606 0 1 5 
4555 373815.8938984965 6527166.95443425 0 1 5 
4556 373715.9009887633 6527165.763634893 0 1 5 
4557 373615.9080790302 6527164.572835537 0 1 5 
4558 373515.9151692971 6527163.382036179 0 1 5 
4559 373415.922259564 6527162.191236823 0 1 5 
4560 373315.9293498309 6527161.000437466 0 1 5 
4561 373215.9364400978 6527159.80963811 0 1 5 
4562 373115.9435303647 6527158.618838754 0 1 5 
4563 373015.9506206316 6527157.428039397 0 1 5 
4564 372915.9577108985 6527156.237240041 0 1 5 
4565 372815.9648011654 6527155.046440684 0 1 5 
4566 372715.9718914323 6527153.855641328 0 1 5 
4567 372615.9789816992 6527152.664841971 0 1 5 
4568 372515.9860719661 6527151.474042615 0 1 5 
4569 372415.993162233 6527150.283243258 0 1 5 
4570 372316.0002524999 6527149.092443902 0 1 5 
4571 372216.0073427668 6527147.901644546 0 1 5 
4572 372116.0144330337 6527146.710845188 0 1 5 
4573 372016.0215233006 6527145.520045832 0 1 5 
4574 371916.0286135675 6527144.329246475 0 1 5 
4575 371816.0357038344 6527143.138447119 0 1 5 
4576 371765.6100695201 6527222.280712314 0 1 3 
4577 371721.825197972 6527312.185578831 0 1 3 
4578 371678.0403264239 6527402.090445349 0 1 3 
4579 371634.2554548759 6527491.995311867 0 1 3 
4580 371590.4705833278 6527581.900178384 0 1 5 
4581 371546.6857117798 6527671.805044902 0 1 5 
4582 371502.9008402317 6527761.709911419 0 1 5 
4583 371459.1159686837 6527851.614777937 0 1 5 
4584 371415.3310971356 6527941.519644454 0 1 5 
4585 371371.5462255875 6528031.424510972 0 1 5 
4586 371327.7613540395 6528121.329377488 0 1 3 
4587 371283.9764824914 6528211.234244006 0 1 3 
4588 371240.1916109434 6528301.139110523 0 1 3 
4589 371196.4067393953 6528391.043977041 0 1 3 
4590 371152.6218678472 6528480.948843558 0 1 3 
4591 371104.2019528743 6528568.419026433 0 1 5 
4592 371055.0246830279 6528655.491387893 0 1 3 
4593 371005.8474131816 6528742.563749355 0 1 5 
4594 370956.6701433352 6528829.636110816 0 1 3 
4595 370907.4928734889 6528916.708472278 0 1 5 
4596 370858.3156036425 6529003.780833739 0 1 3 
4597 370809.1383337962 6529090.853195201 0 1 5 
4598 370759.9610639499 6529177.925556662 0 1 3 
4599 370710.7837941035 6529264.997918123 0 1 5 
4600 370661.6065242572 6529352.070279584 0 1 3 
4601 370612.4292544108 6529439.142641046 0 1 5 
4602 370563.2519845645 6529526.215002508 0 1 5 
4603 370514.0747147182 6529613.287363969 0 1 5 
4604 370464.8974448718 6529700.359725431 0 1 5 
4605 370415.7201750254 6529787.432086891 0 1 3 
4606 370366.5429051791 6529874.504448353 0 1 5 
4607 370317.3656353327 6529961.576809814 0 1 3 
4608 370268.1883654864 6530048.649171276 0 1 5 
4609 370219.01109564 6530135.721532737 0 1 3 
4610 370169.8338257937 6530222.793894199 0 1 5 
4611 370136.1865346244 6530314.051677918 0 1 5 
4612 370134.9487473845 6530414.044017038 0 1 5 
4613 370133.7109601445 6530514.036356159 0 1 5 
4614 370132.4731729046 6530614.028695279 0 1 5 
4615 370131.2353856647 6530714.021034399 0 1 5 
4616 370129.9975984248 6530814.013373519 0 1 5 
4617 370128.7598111849 6530914.00571264 0 1 5 
4618 370127.5220239449 6531013.99805176 0 1 5 
4619 370126.284236705 6531113.99039088 0 1 5 
4620 370125.0464494651 6531213.98273 0 1 5 
4621 370123.8086622252 6531313.975069121 0 1 5 
4622 370122.5708749852 6531413.967408242 0 1 5 
4623 370121.3330877454 6531513.959747362 0 1 5 
4624 370120.0953005055 6531613.952086482 0 1 5 
4625 370118.8575132655 6531713.944425602 0 1 5 
4626 370117.6197260256 6531813.936764723 0 1 5 
4627 370116.3819387857 6531913.929103843 0 1 5 
4628 370115.1441515458 6532013.921442963 0 1 5 
4629 370113.9063643058 6532113.913782083 0 1 5 
4630 370112.6685770659 6532213.906121204 0 1 5 
4631 370111.430789826 6532313.898460324 0 1 5 
4632 370110.1930025861 6532413.890799444 0 1 5 
4633 370108.9552153462 6532513.883138564 0 1 5 
4634 370107.7174281062 6532613.875477685 0 1 5 
4635 370106.4796408663 6532713.867816805 0 1 5 
4636 370105.2418536264 6532813.860155925 0 1 5 
4637 370104.0040663865 6532913.852495045 0 1 5 
4638 370102.7662791465 6533013.844834166 0 1 5 
4639 370101.5284919066 6533113.837173287 0 1 5 
4640 370100.2907046667 6533213.829512407 0 1 5 
4641 370099.0529174268 6533313.821851527 0 1 5 
4642 370097.8151301869 6533413.814190648 0 1 5 
4643 370096.577342947 6533513.806529768 0 1 5 
4644 370095.3395557071 6533613.798868888 0 1 5 
4645 370094.1017684671 6533713.791208008 0 1 5 
4646 370092.8639812272 6533813.783547129 0 1 5 
4647 370091.6261939873 6533913.775886249 0 1 5 
4648 370090.3884067474 6534013.768225369 0 1 5 
4649 370089.1506195074 6534113.760564489 0 1 5 
4650 370087.9128322675 6534213.75290361 0 1 5 
4651 370086.6750450276 6534313.74524273 0 1 5 
4652 370085.4372577877 6534413.73758185 0 1 5 
4653 370084.1994705478 6534513.72992097 0 1 5 
4654 370082.9616833078 6534613.722260091 0 1 5 
4655 370081.7238960679 6534713.714599211 0 1 5 
4656 370080.486108828 6534813.706938331 0 1 5 
4657 370079.2483215881 6534913.699277452 0 1 5 
4658 370078.0105343481 6535013.691616572 0 1 5 
4659 370076.7727471082 6535113.683955693 0 1 5 
4660 370075.5349598684 6535213.676294813 0 1 5 
4661 370074.2971726284 6535313.668633933 0 1 5 
4662 370073.0593853885 6535413.660973053 0 1 5 
4663 370071.8215981486 6535513.653312174 0 1 5 
4664 370070.5838109087 6535613.645651294 0 1 5 
4665 370069.3460236687 6535713.637990414 0 1 5 
4666 370068.1082364288 6535813.630329534 0 1 5 
4667 370066.8704491889 6535913.622668655 0 1 5 
4668 370065.632661949 6536013.615007775 0 1 5 
4669 370064.3948747091 6536113.607346895 0 1 5 
4670 370063.1570874691 6536213.599686015 0 1 5 
4671 370061.9193002292 6536313.592025136 0 1 5 
4672 370060.6815129893 6536413.584364256 0 1 5 
4673 370059.4437257494 6536513.576703376 0 1 5 
4674 370058.2059385094 6536613.569042496 0 1 5 
4675 370056.9681512695 6536713.561381618 0 1 5 
4676 370055.7303640296 6536813.553720738 0 1 5 
4677 370054.4925767897 6536913.546059858 0 1 5 
4678 370053.2547895498 6537013.538398978 0 1 5 
4679 370052.0170023098 6537113.530738099 0 1 5 
4680 370050.77921507 6537213.523077219 0 1 5 
4681 370049.54142783 6537313.515416339 0 1 5 
4682 370048.3036405901 6537413.507755459 0 1 5 
4683 370047.0658533502 6537513.50009458 0 1 5 
4684 370045.8280661103 6537613.4924337 0 1 5 
4685 370044.5902788703 6537713.48477282 0 1 5 
4686 370043.3524916304 6537813.47711194 0 1 5 
4687 370042.1147043905 6537913.469451061 0 1 5 
4688 370040.8769171506 6538013.461790181 0 1 5 
4689 370039.6391299107 6538113.454129301 0 1 5 
4690 370038.4013426707 6538213.446468421 0 1 5 
4691 370037.1635554308 6538313.438807542 0 1 5 
4692 370035.9257681909 6538413.431146662 0 1 5 
4693 370034.687980951 6538513.423485783 0 1 5 
4694 370033.450193711 6538613.415824903 0 1 5 
4695 370032.2124064711 6538713.408164023 0 1 5 
4696 370030.9746192312 6538813.400503144 0 1 5 
4697 370029.7368319913 6538913.392842264 0 1 5 
4698 370028.4990447514 6539013.385181384 0 1 5 
4699 370027.2612575114 6539113.377520504 0 1 5 
4700 370026.0234702716 6539213.369859625 0 1 5 
4701 370024.7856830316 6539313.362198745 0 1 5 
4702 370023.5478957917 6539413.354537865 0 1 5 
4703 370022.3101085518 6539513.346876985 0 1 5 
4704 370021.0723213119 6539613.339216106 0 1 5 
4705 370019.8345340719 6539713.331555226 0 1 5 
4706 370018.596746832 6539813.323894346 0 1 5 
4707 370017.3589595921 6539913.316233466 0 1 5 
4708 370016.1211723522 6540013.308572587 0 1 5 
4709 370014.8833851123 6540113.300911707 0 1 5 
4710 370013.6455978723 6540213.293250827 0 1 5 
4711 370012.4078106324 6540313.285589948 0 1 5 
4712 370011.1700233925 6540413.277929069 0 1 5 
4713 370009.9322361526 6540513.270268189 0 1 5 
4714 370008.6944489126 6540613.262607309 0 1 5 
4715 370007.4566616727 6540713.254946429 0 1 5 
4716 370006.2188744328 6540813.24728555 0 1 5 
4717 370004.9810871929 6540913.23962467 0 1 5 
4718 370003.743299953 6541013.23196379 0 1 5 
4719 370002.505512713 6541113.22430291 0 1 5 
4720 370001.2677254732 6541213.216642031 0 1 5 
4721 370000.0299382332 6541313.208981151 0 1 5 
4722 369998.7921509933 6541413.201320271 0 1 5 
4723 369997.5543637534 6541513.193659391 0 1 5 
4724 369996.3165765135 6541613.185998512 0 1 5 
4725 369995.0787892736 6541713.178337632 0 1 5 
4726 369993.8410020336 6541813.170676752 0 1 5 
4727 369992.6032147937 6541913.163015872 0 1 5 
4728 369991.3654275538 6542013.155354992 0 1 5 
4729 369990.1276403139 6542113.147694114 0 1 5 
4730 369988.8898530739 6542213.140033234 0 1 5 
4731 369987.652065834 6542313.132372354 0 1 5 
4732 369986.4142785941 6542413.124711474 0 1 5 
4733 369985.1764913542 6542513.117050595 0 1 5 
4734 369983.9387041143 6542613.109389715 0 1 5 
4735 369982.7009168743 6542713.101728835 0 1 5 
4736 369982.2698389744 6542747.925554908 0 1 5 
4737 369981.0320517345 6542847.917894028 0 1 5 
4738 370045.1503314364 6542826.118076019 0 1 5 
4739 370109.9416672551 6542749.946671917 0 1 5 
4740 370174.7330030738 6542673.775267816 0 1 8 
4741 370239.5243388925 6542597.603863714 0 1 8 
4742 370304.3156747113 6542521.432459612 0 1 8 
4743 371146.4723432732 6528493.575857557 0 2 5 1 
4744 371190.2572148212 6528403.67099104 0 1 3 
4745 371234.0420863693 6528313.766124522 0 1 3 
4746 371277.8269579174 6528223.861258005 0 1 3 
4747 371321.6118294654 6528133.956391487 0 1 3 
4748 371365.3967010135 6528044.05152497 0 1 3 
4749 371409.1815725615 6527954.146658452 0 1 3 
4750 371452.9664441096 6527864.241791936 0 1 5 
4751 371496.7513156576 6527774.336925418 0 1 5 
4752 371540.5361872057 6527684.432058901 0 1 5 
4753 371584.3210587538 6527594.527192383 0 1 5 
4754 371628.1059303018 6527504.622325866 0 1 5 
4755 371671.8908018499 6527414.717459348 0 1 5 
4756 371715.675673398 6527324.812592831 0 1 3 
4757 371759.460544946 6527234.907726313 0 1 3 
4758 371803.2454164941 6527145.002859795 0 1 3 
4759 371706.4595652628 6527141.795661228 0 1 3 
4760 371606.4671241316 6527140.56614237 0 1 3 
4761 371506.4746830004 6527139.336623513 0 1 3 
4762 371406.4822418691 6527138.107104655 0 1 3 
4763 371306.4898007379 6527136.877585799 0 1 3 
4764 371206.4973596067 6527135.648066942 0 1 3 
4765 371106.5049184755 6527134.418548084 0 1 3 
4766 371006.5124773443 6527133.189029227 0 1 3 
4767 370941.9848950908 6527187.207250581 0 1 8 
4768 370901.4695415617 6527278.63211661 0 1 8 
4769 370860.9541880325 6527370.056982639 0 1 3 
4770 370825.2454041626 6527463.366826301 0 1 8 
4771 370792.8104211577 6527557.960546376 0 1 3 
4772 370760.375438153 6527652.55426645 0 1 8 
4773 370727.9404551482 6527747.147986525 0 1 3 
4774 370695.5054721434 6527841.741706599 0 1 3 
4775 370663.0704891386 6527936.335426672 0 1 8 
4776 370630.6355061338 6528030.929146747 0 1 3 
4777 370598.200523129 6528125.522866821 0 1 8 
4778 370565.7655401243 6528220.116586896 0 1 3 
4779 370534.1683330811 6528314.967163417 0 1 3 
4780 370508.0097480119 6528411.485184672 0 1 8 
4781 370481.8511629428 6528508.003205929 0 1 3 
4782 370455.6925778736 6528604.521227185 0 1 3 
4783 370429.5339928045 6528701.03924844 0 1 8 
4784 370403.3754077354 6528797.557269697 0 1 3 
4785 370377.2168226662 6528894.075290953 0 1 3 
4786 370351.0582375971 6528990.593312209 0 1 8 
4787 370324.8996525279 6529087.111333465 0 1 3 
4788 370298.7410674588 6529183.629354721 0 1 3 
4789 370272.5824823896 6529280.147375977 0 1 8 
4790 370246.4238973205 6529376.665397233 0 1 3 
4791 370220.2653122513 6529473.183418489 0 1 3 
4792 370194.1067271822 6529569.701439745 0 1 8 
4793 370173.358643575 6529667.443987947 0 1 3 
4794 370155.4080811979 6529765.819682661 0 1 3 
4795 370141.7500851318 6529864.610601851 0 1 3 
4796 370140.5122978919 6529964.602940971 0 1 3 
4797 370139.274510652 6530064.595280091 0 1 3 
4798 370138.036723412 6530164.587619212 0 1 3 
4799 370136.7989361722 6530264.579958332 0 1 3 
4800 370177.3650396529 6530209.459266688 0 1 3 
4801 370226.5423094992 6530122.386905227 0 1 5 
4802 370275.7195793456 6530035.314543765 0 1 5 
4803 370324.8968491919 6529948.242182303 0 1 3 
4804 370374.0741190383 6529861.169820842 0 1 5 
4805 370423.2513888846 6529774.097459381 0 1 3 
4806 370472.428658731 6529687.02509792 0 1 5 
4807 370521.6059285773 6529599.952736458 0 1 3 
4808 370570.7831984237 6529512.880374997 0 1 5 
4809 370619.96046827 6529425.808013535 0 1 3 
4810 370669.1377381164 6529338.735652074 0 1 5 
4811 370718.3150079627 6529251.663290612 0 1 3 
4812 370767.4922778091 6529164.590929152 0 1 5 
4813 370816.6695476554 6529077.51856769 0 1 3 
4814 370865.8468175018 6528990.446206229 0 1 5 
4815 370915.0240873481 6528903.373844767 0 1 3 
4816 370964.2013571945 6528816.301483306 0 1 5 
4817 371013.3786270408 6528729.229121844 0 1 3 
4818 371062.5558968871 6528642.156760383 0 1 5 
4819 371111.7331667335 6528555.084398922 0 1 3 
4820 387103.1855435367 6533040.076316148 0 1 7 
4821 387100.0622318746 6532940.125103428 0 1 7 
4822 387096.9389202124 6532840.173890707 0 1 7 
4823 387093.8156085502 6532740.222677987 0 1 7 
4824 387101.4729929475 6532641.120450504 0 1 6 
4825 387123.7512517643 6532544.175931147 0 1 7 
4826 387172.2976263078 6532456.750251175 0 1 6 
4827 387220.8440008513 6532369.324571203 0 1 6 
4828 387287.8955632986 6532296.258817043 0 1 6 
4829 387360.5286570071 6532227.52430098 0 1 7 
4830 387433.1617507157 6532158.789784919 0 1 6 
4831 387505.7948444242 6532090.055268856 0 1 7 
4832 387516.8157319379 6531991.369480359 0 1 7 
4833 387526.0032074297 6531891.792423293 0 1 7 
4834 387535.1906829214 6531792.215366226 0 1 7 
4835 387544.3777726822 6531692.638273573 0 1 7 
4836 387553.5634323983 6531593.061048991 0 1 3 
4837 387562.7490921144 6531493.483824408 0 1 7 
4838 387571.9347518305 6531393.906599825 0 1 3 
4839 387581.1204115465 6531294.329375243 0 1 7 
4840 387590.3060712626 6531194.75215066 0 1 3 
4841 387599.4917309787 6531095.174926078 0 1 3 
4842 387608.6773906947 6530995.597701495 0 1 7 
4843 387617.8630504108 6530896.020476912 0 1 7 
4844 387627.0487101268 6530796.44325233 0 1 3 
4845 387636.2343698429 6530696.866027747 0 1 3 
4846 387645.4200295589 6530597.288803164 0 1 7 
4847 387654.605689275 6530497.711578581 0 1 7 
4848 387663.791348991 6530398.134353999 0 1 7 
4849 387672.9770087071 6530298.557129417 0 1 3 
4850 387682.1626684232 6530198.979904834 0 1 3 
4851 387691.3483281393 6530099.402680251 0 1 7 
4852 387700.5339878553 6529999.825455668 0 1 7 
4853 387709.7196475714 6529900.248231086 0 1 3 
4854 387718.9053072875 6529800.671006504 0 1 3 
4855 387728.0909670035 6529701.093781921 0 1 3 
4856 387737.2766267196 6529601.516557338 0 1 7 
4857 387746.4622864356 6529501.939332755 0 1 3 
4858 387755.6479461517 6529402.362108173 0 1 7 
4859 387764.8336058678 6529302.78488359 0 1 3 
4860 387728.0420204023 6529345.553418861 0 1 3 
4861 387676.9719129272 6529431.515681429 0 1 7 
4862 387619.8019419139 6529513.561975765 0 1 7 
4863 387562.6319709007 6529595.608270101 0 1 3 
4864 387505.4619998874 6529677.654564437 0 1 3 
4865 387448.2920288742 6529759.700858775 0 1 7 
4866 387424.6334143168 6529855.303836316 0 1 7 
4867 387408.6767154087 6529954.022546599 0 1 4 
4868 387392.7200165006 6530052.741256882 0 1 4 
4869 387376.7633175926 6530151.459967165 0 1 7 
4870 387360.8066186844 6530250.178677448 0 1 4 
4871 387344.8499197764 6530348.897387731 0 1 4 
4872 387328.8932208683 6530447.616098015 0 1 7 
4873 387312.9365219602 6530546.334808297 0 1 7 
4874 387296.9798230521 6530645.05351858 0 1 4 
4875 387281.023124144 6530743.772228863 0 1 4 
4876 387265.0664252359 6530842.490939147 0 1 7 
4877 387249.1097263278 6530941.20964943 0 1 4 
4878 387233.1530274197 6531039.928359712 0 1 4 
4879 387217.1963285116 6531138.647069996 0 1 7 
4880 387201.2396296035 6531237.365780279 0 1 4 
4881 387185.2829306955 6531336.084490562 0 1 4 
4882 387169.3262317874 6531434.803200846 0 1 7 
4883 387153.3695328793 6531533.521911128 0 1 7 
4884 387137.4128339712 6531632.240621411 0 1 7 
4885 387121.4561350631 6531730.959331694 0 1 4 
4886 387105.499436155 6531829.678041978 0 1 7 
4887 387089.5427372469 6531928.396752261 0 1 4 
4888 387073.5860383388 6532027.115462543 0 1 4 
4889 387043.0432504753 6532121.919808108 0 1 7 
4890 387007.4306661795 6532215.363608544 0 1 7 
4891 386978.9483481672 6532310.569570486 0 1 4 
4892 386966.9326255707 6532409.845057946 0 1 4 
4893 386954.9169029742 6532509.120545406 0 1 4 
4894 386942.9011803778 6532608.396032867 0 1 7 
4895 386930.8854577813 6532707.671520327 0 1 7 
4896 386918.8697351849 6532806.947007787 0 1 7 
4897 386906.8540125884 6532906.222495248 0 1 4 
4898 386886.7162843383 6533004.159881864 0 1 4 
4899 386866.2500912944 6533102.043153889 0 1 4 
4900 386845.7838982505 6533199.926425913 0 1 4 
4901 386825.3177052067 6533297.809697938 0 1 4 
4902 386804.8515121628 6533395.692969963 0 1 4 
4903 386784.3853191189 6533493.576241988 0 1 4 
4904 386763.9191260751 6533591.459514013 0 1 4 
4905 386743.4529330312 6533689.342786038 0 1 7 
4906 386722.9867399873 6533787.226058063 0 1 7 
4907 386702.5205469434 6533885.109330088 0 1 7 
4908 386682.0543538996 6533982.992602113 0 1 7 
4909 386661.5881608557 6534080.875874138 0 1 7 
4910 386645.1851751166 6534179.425090114 0 1 7 
4911 386633.3345581794 6534278.720421717 0 1 7 
4912 386621.4839412422 6534378.015753319 0 1 4 
4913 386609.633324305 6534477.311084923 0 1 7 
4914 386597.7827073677 6534576.606416526 0 1 4 
4915 386585.9320904305 6534675.90174813 0 1 7 
4916 386570.6987857645 6534774.639082026 0 1 4 
4917 386550.0304383733 6534872.479868082 0 1 4 
4918 386529.362090982 6534970.320654139 0 1 7 
4919 386508.6937435907 6535068.161440195 0 1 4 
4920 386488.0253961994 6535166.002226251 0 1 4 
4921 386467.3570488082 6535263.843012308 0 1 7 
4922 386446.6887014169 6535361.683798364 0 1 7 
4923 386426.0203540256 6535459.52458442 0 1 4 
4924 386405.3520066343 6535557.365370477 0 1 7 
4925 386384.6836592431 6535655.206156533 0 1 7 
4926 386364.0153118518 6535753.046942589 0 1 4 
4927 386343.3469644606 6535850.887728645 0 1 7 
4928 386322.6786170693 6535948.728514702 0 1 7 
4929 386302.010269678 6536046.569300758 0 1 4 
4930 386281.3419222867 6536144.410086814 0 1 7 
4931 386260.6735748955 6536242.250872871 0 1 7 
4932 386237.8312670288 6536339.551379785 0 1 4 
4933 386210.2925836167 6536435.68472944 0 1 7 
4934 386182.7539002045 6536531.818079095 0 1 7 
4935 386155.2152167923 6536627.951428751 0 1 7 
4936 386127.6765333801 6536724.084778406 0 1 7 
4937 386100.1378499679 6536820.218128061 0 1 7 
4938 386072.5991665557 6536916.351477716 0 1 7 
4939 386045.0604831435 6537012.484827371 0 1 7 
4940 386017.5217997314 6537108.618177027 0 1 7 
4941 385989.9831163192 6537204.751526682 0 1 7 
4942 385962.444432907 6537300.884876337 0 1 7 
4943 385934.9057494949 6537397.018225992 0 1 7 
4944 385907.3670660827 6537493.151575647 0 1 7 
4945 385879.8283826705 6537589.284925302 0 1 7 
4946 385852.2896992583 6537685.418274958 0 1 7 
4947 385824.7510158461 6537781.551624613 0 1 7 
4948 385797.212332434 6537877.684974268 0 1 7 
4949 385793.1356376969 6537971.478661247 0 1 7 
4950 385846.4185618551 6538050.9417571 0 1 4 
4951 385942.5391850871 6538051.204414743 0 1 7 
4952 386026.0197875291 6538000.627370177 0 1 7 
4953 386097.5956348515 6537930.792578847 0 1 7 
4954 386160.5374820718 6537854.040409345 0 1 4 
4955 386213.0795161386 6537768.956129622 0 1 4 
4956 386265.6215502055 6537683.871849897 0 1 7 
4957 386318.1635842724 6537598.787570174 0 1 4 
4958 386352.9285617517 6537505.740043015 0 1 7 
4959 386381.4363812761 6537409.889616694 0 1 7 
4960 386409.9442008005 6537314.039190373 0 1 4 
4961 386438.4520203249 6537218.188764052 0 1 7 
4962 386466.9598398494 6537122.338337731 0 1 4 
4963 386495.4676593738 6537026.48791141 0 1 4 
4964 386523.9754788982 6536930.637485088 0 1 7 
4965 386552.4832984227 6536834.787058767 0 1 4 
4966 386580.9911179471 6536738.936632446 0 1 4 
4967 386609.4989374715 6536643.086206124 0 1 7 
4968 386638.0067569959 6536547.235779803 0 1 4 
4969 386666.5145765204 6536451.385353482 0 1 4 
4970 386691.758166253 6536354.644591803 0 1 7 
4971 386715.8651366972 6536257.593811404 0 1 7 
4972 386739.9721071415 6536160.543031005 0 1 7 
4973 386764.0790775857 6536063.492250606 0 1 7 
4974 386788.1860480299 6535966.441470208 0 1 7 
4975 386812.2930184741 6535869.390689809 0 1 7 
4976 386836.3988611587 6535772.339629294 0 1 7 
4977 386860.5034987914 6535675.288269466 0 1 7 
4978 386884.6081364241 6535578.236909637 0 1 4 
4979 386908.7127740568 6535481.185549809 0 1 4 
4980 386932.8174116895 6535384.13418998 0 1 4 
4981 386956.9220493222 6535287.082830152 0 1 4 
4982 386981.025270481 6535190.03111853 0 1 7 
4983 387005.1276904228 6535092.979207921 0 1 4 
4984 387029.2301103646 6534995.927297311 0 1 7 
4985 387053.3325303063 6534898.875386702 0 1 4 
4986 387077.434950248 6534801.823476092 0 1 7 
4987 387101.5373701898 6534704.771565483 0 1 4 
4988 387141.4148940286 6534613.206584513 0 1 4 
4989 387182.7422008639 6534522.145870098 0 1 7 
4990 387224.0695076991 6534431.085155684 0 1 4 
4991 387265.3968145344 6534340.024441268 0 1 7 
4992 387306.7241213697 6534248.963726854 0 1 4 
4993 387348.0514282049 6534157.903012439 0 1 7 
4994 387351.421053768 6534063.263078679 0 1 6 
4995 387327.8439862797 6533966.082206649 0 1 7 
4996 387304.2669187915 6533868.901334618 0 1 7 
4997 387280.6898513033 6533771.720462588 0 1 7 
4998 387257.1127838151 6533674.539590556 0 1 6 
4999 387233.5357163268 6533577.358718526 0 1 6 
5000 387209.9586488386 6533480.177846495 0 1 7 
5001 387186.3815813503 6533382.996974465 0 1 7 
5002 387162.8045138621 6533285.816102434 0 1 7 
5003 387139.2274463739 6533188.635230402 0 1 6 
5004 387115.6503788857 6533091.454358372 0 1 6 
5005 374528.3697390115 6547025.689173072 0 1 3 
5006 374431.8173650425 6546999.657671368 0 1 6 
5007 374339.6098447252 6547004.993600256 0 1 6 
5008 374253.7684390274 6547056.289341481 0 1 3 
5009 374167.9270333296 6547107.585082706 0 1 6 
5010 374069.5767132696 6547124.847743636 0 1 3 
5011 373970.9484268102 6547141.354139672 0 1 3 
5012 373871.8938142792 6547152.233029543 0 1 3 
5013 373776.1212477122 6547136.3891091 0 1 3 
5014 373691.1695438501 6547083.632990868 0 1 6 
5015 373606.2178399879 6547030.876872635 0 1 6 
5016 373549.9827826965 6546948.526636179 0 1 6 
5017 373504.5940590322 6546863.261774492 0 1 6 
5018 373524.3611851317 6546765.234937729 0 1 6 
5019 373544.1283112312 6546667.208100966 0 1 6 
5020 373595.1624919072 6546588.259080621 0 1 3 
5021 373673.2913305667 6546525.842059148 0 1 3 
5022 373765.4285122679 6546491.461265245 0 1 6 
5023 373837.8677312121 6546423.094657872 0 1 6 
5024 373928.1625441798 6546382.174165718 0 1 6 
5025 374021.1836204222 6546345.471585772 0 1 6 
5026 374114.2046966646 6546308.769005826 0 1 6 
5027 374207.225772907 6546272.066425879 0 1 6 
5028 374266.8797716297 6546196.08211673 0 1 3 
5029 374315.7869070901 6546109.4966212 0 1 3 
5030 374321.6953209756 6546009.671320572 0 1 6 
5031 374327.603734861 6545909.846019945 0 1 3 
5032 374333.5121487463 6545810.020719318 0 1 3 
5033 374339.4205626318 6545710.19541869 0 1 6 
5034 374345.3289765172 6545610.370118063 0 1 3 
5035 374385.4026894382 6545521.710753152 0 1 3 
5036 374439.5877535078 6545437.663273524 0 1 3 
5037 374493.7728175774 6545353.615793897 0 1 6 
5038 374501.6629635706 6545277.654909462 0 1 9 
5039 374412.0122253626 6545241.927508448 0 1 3 
5040 374313.0875420804 6545233.091383385 0 1 9 
5041 374218.205842955 6545264.674023729 0 1 3 
5042 374123.3241438296 6545296.256664072 0 1 9 
5043 374028.4424447042 6545327.839304416 0 1 9 
5044 373933.5607455788 6545359.42194476 0 1 3 
5045 373838.6790464535 6545391.004585103 0 1 9 
5046 373743.7973473281 6545422.587225447 0 1 3 
5047 373648.9156482027 6545454.169865791 0 1 3 
5048 373557.3562095254 6545492.835655424 0 1 3 
5049 373472.4092170442 6545545.599359505 0 1 9 
5050 373387.462224563 6545598.363063587 0 1 3 
5051 373317.1329683712 6545669.354368395 0 1 3 
5052 373247.1793914151 6545740.814126798 0 1 9 
5053 373190.9427797471 6545822.104349153 0 1 3 
5054 373145.7524078288 6545911.311020909 0 1 9 
5055 373100.5620359104 6546000.517692666 0 1 9 
5056 373055.3716639921 6546089.724364422 0 1 9 
5057 373014.443883437 6546180.536620598 0 1 9 
5058 372989.5516606907 6546277.388968256 0 1 3 
5059 372964.6594379445 6546374.241315913 0 1 9 
5060 372930.086138531 6546467.516268277 0 1 9 
5061 372886.0181453487 6546557.282698399 0 1 3 
5062 372841.9501521664 6546647.049128521 0 1 9 
5063 372797.8821589841 6546736.815558644 0 1 3 
5064 372753.8141658017 6546826.581988766 0 1 3 
5065 372704.7942939213 6546913.29427994 0 1 9 
5066 372644.3590131827 6546992.965961497 0 1 9 
5067 372583.9237324442 6547072.637643054 0 1 3 
5068 372523.4884517056 6547152.30932461 0 1 9 
5069 372460.2876699452 6547229.239401035 0 1 3 
5070 372381.1434481136 6547290.363800015 0 1 3 
5071 372301.999226282 6547351.488198995 0 1 9 
5072 372219.5712772863 6547406.345081181 0 1 3 
5073 372124.2644048106 6547436.620484711 0 1 9 
5074 372029.9363325011 6547467.200591588 0 1 6 
5075 372093.9944377649 6547543.843550535 0 1 6 
5076 372162.7080886189 6547616.496383834 0 1 6 
5077 372231.4217394729 6547689.149217132 0 1 3 
5078 372255.2857068151 6547714.381246279 0 1 3 
5079 372355.2791379079 6547715.527430512 0 1 3 
5080 372455.2725690007 6547716.673614744 0 1 3 
5081 372555.2660000934 6547717.819798977 0 1 3 
5082 372655.2594311862 6547718.965983209 0 1 3 
5083 372755.252862279 6547720.112167442 0 1 3 
5084 372855.2462933718 6547721.258351674 0 1 3 
5085 372955.2397244645 6547722.404535907 0 1 3 
5086 373055.2331555573 6547723.55072014 0 1 3 
5087 373155.2265866501 6547724.696904372 0 1 3 
5088 373255.2200177428 6547725.843088605 0 1 3 
5089 373315.9308860693 6547726.538992719 0 1 3 
5090 373415.924317162 6547727.685176952 0 1 3 
5091 373515.9177482548 6547728.831361184 0 1 3 
5092 373615.9111793475 6547729.977545417 0 1 3 
5093 373715.9046104404 6547731.12372965 0 1 3 
5094 373815.8980415331 6547732.269913882 0 1 3 
5095 373915.8914726259 6547733.416098115 0 1 3 
5096 374015.8849037187 6547734.562282347 0 1 3 
5097 374115.8783348114 6547735.70846658 0 1 3 
5098 374215.8717659042 6547736.854650813 0 1 3 
5099 374315.865196997 6547738.000835045 0 1 3 
5100 374362.7975613069 6547669.908357195 0 1 9 
5101 374387.6897937927 6547573.05601204 0 1 3 
5102 374412.5820262784 6547476.203666886 0 1 9 
5103 374437.4742587642 6547379.351321732 0 1 3 
5104 374462.3664912499 6547282.498976578 0 1 9 
5105 374487.2587237358 6547185.646631423 0 1 9 
5106 374512.1509562215 6547088.794286269 0 1 3 
5107 385795.3840419293 6531826.563909378 0 1 4 
5108 385775.1866920681 6531728.624810656 0 1 9 
5109 385754.9893422068 6531630.685711933 0 1 9 
5110 385734.7919923455 6531532.74661321 0 1 3 
5111 385714.5946424843 6531434.807514488 0 1 3 
5112 385694.3972926231 6531336.868415765 0 1 9 
5113 385674.1999427618 6531238.929317043 0 1 9 
5114 385654.0025929005 6531140.99021832 0 1 3 
5115 385633.8052430393 6531043.051119598 0 1 9 
5116 385613.607893178 6530945.112020875 0 1 9 
5117 385593.4105433167 6530847.172922153 0 1 9 
5118 385573.2131934555 6530749.23382343 0 1 3 
5119 385553.0158435943 6530651.294724707 0 1 3 
5120 385521.5233185294 6530556.590882502 0 1 9 
5121 385486.8068006617 6530462.810482699 0 1 3 
5122 385452.090282794 6530369.030082897 0 1 9 
5123 385417.3737649263 6530275.249683094 0 1 3 
5124 385382.6572470586 6530181.469283292 0 1 9 
5125 385362.9074447627 6530084.689290459 0 1 3 
5126 385358.8038441778 6529984.773523624 0 1 3 
5127 385354.7002435929 6529884.857756789 0 1 3 
5128 385367.1832165989 6529786.514369139 0 1 9 
5129 385389.9886850784 6529689.149536641 0 1 9 
5130 385412.7941535579 6529591.784704143 0 1 3 
5131 385443.3757782868 6529497.535349696 0 1 9 
5132 385494.1054774761 6529411.358220363 0 1 3 
5133 385544.8351766655 6529325.181091029 0 1 9 
5134 385597.3297722246 6529240.483404244 0 1 3 
5135 385673.3245387996 6529175.4849777 0 1 3 
5136 385749.3193053746 6529110.486551155 0 1 9 
5137 385825.3140719496 6529045.488124612 0 1 3 
5138 385901.3088385246 6528980.489698067 0 1 3 
5139 385977.3036050995 6528915.491271523 0 1 9 
5140 386064.4770640418 6528867.023564714 0 1 3 
5141 386153.1009411422 6528820.70069339 0 1 3 
5142 386241.7248182427 6528774.377822066 0 1 9 
5143 386330.3486953431 6528728.054950742 0 1 9 
5144 386418.9725724436 6528681.732079418 0 1 9 
5145 386504.2448246625 6528630.78591238 0 1 3 
5146 386575.8332589531 6528560.964024151 0 1 3 
5147 386618.048916348 6528474.256655944 0 1 9 
5148 386631.3058262873 6528377.171140318 0 1 9 
5149 386608.503890949 6528279.80548033 0 1 9 
5150 386585.7019556107 6528182.439820343 0 1 9 
5151 386538.4232723441 6528097.119114477 0 1 9 
5152 386475.1893672317 6528019.649938386 0 1 9 
5153 386405.0083163865 6527948.793218168 0 1 9 
5154 386330.7531657188 6527881.814321497 0 1 3 
5155 386256.498015051 6527814.835424826 0 1 3 
5156 386182.2428643832 6527747.856528155 0 1 9 
5157 386107.9877137154 6527680.877631483 0 1 3 
5158 386033.7325630477 6527613.898734812 0 1 3 
5159 385959.4774123799 6527546.919838141 0 1 9 
5160 385885.2222617121 6527479.940941469 0 1 3 
5161 385806.3360723034 6527424.75705125 0 1 3 
5162 385706.3463596643 6527423.322699006 0 1 3 
5163 385621.1062989678 6527455.063256287 0 1 9 
5164 385555.1874195412 6527530.261004492 0 1 3 
5165 385564.9929002761 6527628.575351431 0 1 3 
5166 385582.5941458995 6527726.673107977 0 1 3 
5167 385613.178284644 6527821.881355819 0 1 9 
5168 385643.7624233885 6527917.089603662 0 1 9 
5169 385674.3465621329 6528012.297851505 0 1 3 
5170 385704.9307008774 6528107.506099347 0 1 9 
5171 385735.5148396219 6528202.714347189 0 1 9 
5172 385766.0989783664 6528297.922595032 0 1 3 
5173 385778.8292747897 6528395.798211531 0 1 3 
5174 385777.4077892245 6528495.788107914 0 1 9 
5175 385754.2979965759 6528590.343032145 0 1 9 
5176 385708.3987302123 6528679.187037836 0 1 3 
5177 385662.4994638488 6528768.031043528 0 1 9 
5178 385616.6001974852 6528856.875049219 0 1 3 
5179 385570.7009311216 6528945.71905491 0 1 3 
5180 385501.0084552979 6529016.422290861 0 1 9 
5181 385427.4883733884 6529084.207226915 0 1 3 
5182 385340.5769550059 6529132.00228379 0 1 3 
5183 385249.9173640002 6529174.202266714 0 1 9 
5184 385159.2577729945 6529216.402249636 0 1 9 
5185 385068.5981819888 6529258.602232559 0 1 3 
5186 384977.79523664 6529300.344674025 0 1 3 
5187 384879.2081082106 6529317.092423074 0 1 9 
5188 384780.5751547587 6529333.570908846 0 1 7 
5189 384681.9422013068 6529350.049394619 0 1 7 
5190 384583.3092478549 6529366.527880392 0 1 9 
5191 384484.676294403 6529383.006366164 0 1 9 
5192 384386.0433409512 6529399.484851937 0 1 7 
5193 384287.4103874993 6529415.963337709 0 1 7 
5194 384188.7774340474 6529432.441823483 0 1 9 
5195 384090.1444805955 6529448.920309255 0 1 9 
5196 383991.5115271437 6529465.398795027 0 1 7 
5197 383892.8785736918 6529481.8772808 0 1 7 
5198 383794.2456202399 6529498.355766573 0 1 9 
5199 383706.4528952969 6529546.112742255 0 1 9 
5200 383618.7759934044 6529594.203914776 0 1 9 
5201 383531.0990915119 6529642.295087298 0 1 9 
5202 383443.4221896195 6529690.38625982 0 1 9 
5203 383355.745287727 6529738.477432342 0 1 9 
5204 383268.0683858346 6529786.568604864 0 1 9 
5205 383183.2129417214 6529839.351281523 0 1 7 
5206 383099.6324041163 6529894.253865557 0 1 7 
5207 383016.0518665111 6529949.156449591 0 1 7 
5208 382932.471328906 6530004.059033626 0 1 9 
5209 382848.8907913008 6530058.96161766 0 1 9 
5210 382765.3102536956 6530113.864201694 0 1 7 
5211 382681.7297160905 6530168.766785728 0 1 7 
5212 382598.1491784853 6530223.669369762 0 1 7 
5213 382514.5686408801 6530278.571953797 0 1 9 
5214 382430.988103275 6530333.474537831 0 1 9 
5215 382347.4075656698 6530388.377121865 0 1 7 
5216 382263.8270280646 6530443.279705899 0 1 7 
5217 382180.2464904595 6530498.182289933 0 1 7 
5218 382096.6659528543 6530553.084873968 0 1 9 
5219 382015.0470585697 6530610.759636358 0 1 9 
5220 381935.465473822 6530671.313507985 0 1 9 
5221 381855.8838890743 6530731.867379612 0 1 7 
5222 381776.3023043266 6530792.421251239 0 1 7 
5223 381696.7207195789 6530852.975122866 0 1 7 
5224 381612.8890221026 6530907.259870961 0 1 9 
5225 381527.1745421317 6530958.767423061 0 1 9 
5226 381441.4600621606 6531010.27497516 0 1 7 
5227 381355.7455821896 6531061.78252726 0 1 7 
5228 381270.0311022187 6531113.29007936 0 1 9 
5229 381184.3166222477 6531164.797631459 0 1 7 
5230 381098.6021422767 6531216.305183559 0 1 7 
5231 381012.8873074715 6531267.812145153 0 1 9 
5232 380927.1712015316 6531319.316991357 0 1 9 
5233 380841.4550955916 6531370.82183756 0 1 3 
5234 380755.7389896516 6531422.326683764 0 1 3 
5235 380670.0228837116 6531473.831529968 0 1 9 
5236 380584.3067777716 6531525.336376172 0 1 9 
5237 380498.5906718316 6531576.841222377 0 1 9 
5238 380412.8745658916 6531628.34606858 0 1 3 
5239 380327.1584599517 6531679.850914784 0 1 3 
5240 380241.4423540117 6531731.355760988 0 1 9 
5241 380155.7262480717 6531782.860607192 0 1 9 
5242 380070.4983817857 6531835.122322195 0 1 3 
5243 379988.23400813 6531891.978041583 0 1 9 
5244 379905.9696344743 6531948.833760969 0 1 3 
5245 379823.7052608185 6532005.689480357 0 1 3 
5246 379741.4408871629 6532062.545199744 0 1 9 
5247 379659.1765135071 6532119.400919131 0 1 3 
5248 379576.9121398514 6532176.256638519 0 1 9 
5249 379494.6477661957 6532233.112357906 0 1 9 
5250 379412.38339254 6532289.968077293 0 1 3 
5251 379330.1190188843 6532346.82379668 0 1 9 
5252 379244.7411720121 6532398.30118156 0 1 9 
5253 379154.4696579971 6532441.325055833 0 1 9 
5254 379064.198143982 6532484.348930106 0 1 9 
5255 378973.926629967 6532527.372804378 0 1 9 
5256 378883.655115952 6532570.396678651 0 1 3 
5257 378793.383601937 6532613.420552923 0 1 3 
5258 378703.1120879219 6532656.444427196 0 1 3 
5259 378610.0783275126 6532692.528597189 0 1 3 
5260 378514.9327788973 6532723.30723554 0 1 9 
5261 378419.7872302821 6532754.085873891 0 1 9 
5262 378324.6416816668 6532784.864512241 0 1 3 
5263 378235.2634239115 6532821.78976709 0 1 9 
5264 378198.4946012871 6532914.784679224 0 1 3 
5265 378161.7257786627 6533007.779591358 0 1 9 
5266 378126.6572767972 6533099.304766157 0 1 3 
5267 378223.9941557733 6533076.380281622 0 1 9 
5268 378321.3310347494 6533053.455797086 0 1 9 
5269 378416.3733142357 6533024.095087254 0 1 3 
5270 378506.2595801524 6532980.272043093 0 1 3 
5271 378596.1458460691 6532936.448998932 0 1 9 
5272 378686.0321119858 6532892.62595477 0 1 9 
5273 378775.9183779025 6532848.802910609 0 1 9 
5274 378865.8046438192 6532804.979866448 0 1 9 
5275 378955.6909097359 6532761.156822287 0 1 3 
5276 379045.5771756526 6532717.333778126 0 1 3 
5277 379135.4634415692 6532673.510733965 0 1 3 
5278 379225.3497074859 6532629.687689804 0 1 9 
5279 379315.2359734026 6532585.864645642 0 1 9 
5280 379404.4871768206 6532540.8521915 0 1 3 
5281 379490.9083145501 6532490.53930097 0 1 3 
5282 379577.3294522794 6532440.226410438 0 1 9 
5283 379663.7505900088 6532389.913519908 0 1 9 
5284 379750.1717277382 6532339.600629377 0 1 3 
5285 379836.5928654676 6532289.287738847 0 1 3 
5286 379923.014003197 6532238.974848316 0 1 3 
5287 380009.4351409263 6532188.661957785 0 1 9 
5288 380095.8562786558 6532138.349067254 0 1 9 
5289 380182.2774163851 6532088.036176723 0 1 9 
5290 380268.6985541145 6532037.723286193 0 1 3 
5291 380349.9867118926 6531979.49028383 0 1 9 
5292 380431.208437274 6531921.154777266 0 1 9 
5293 380512.4301626554 6531862.819270702 0 1 9 
5294 380593.6518880368 6531804.483764138 0 1 9 
5295 380674.8736134182 6531746.148257575 0 1 3 
5296 380756.0953387996 6531687.812751011 0 1 3 
5297 380837.317064181 6531629.477244447 0 1 3 
5298 380918.5387895623 6531571.141737883 0 1 3 
5299 380999.7605149437 6531512.806231319 0 1 3 
5300 381080.9822403251 6531454.470724755 0 1 3 
5301 381162.2039657065 6531396.135218191 0 1 3 
5302 381243.4256910878 6531337.799711627 0 1 9 
5303 381324.6474164692 6531279.464205063 0 1 9 
5304 381406.6136241938 6531222.191619954 0 1 3 
5305 381489.1951085079 6531165.797485077 0 1 9 
5306 381571.7765928221 6531109.403350201 0 1 9 
5307 381654.3580771363 6531053.009215324 0 1 9 
5308 381736.9395614504 6530996.615080448 0 1 3 
5309 381819.5210457647 6530940.220945572 0 1 3 
5310 381902.1025300788 6530883.826810695 0 1 3 
5311 381984.684014393 6530827.432675818 0 1 9 
5312 382067.2654987072 6530771.038540942 0 1 9 
5313 382149.8469830214 6530714.644406065 0 1 9 
5314 382232.4284673355 6530658.250271189 0 1 3 
5315 382315.0043955834 6530601.848001139 0 1 3 
5316 382397.5799101604 6530545.445125394 0 1 9 
5317 382480.1554247374 6530489.042249648 0 1 9 
5318 382562.7309393144 6530432.639373903 0 1 3 
5319 382645.3064538914 6530376.236498157 0 1 9 
5320 382727.8819684684 6530319.833622413 0 1 3 
5321 382810.4574830454 6530263.430746667 0 1 3 
5322 382893.0329976224 6530207.027870921 0 1 9 
5323 382975.6085121994 6530150.624995177 0 1 3 
5324 383060.7425009176 6530098.35773294 0 1 9 
5325 383148.0766742609 6530049.646931607 0 1 9 
5326 383235.4108476042 6530000.936130275 0 1 3 
5327 383322.7450209474 6529952.225328943 0 1 3 
5328 383410.0791942907 6529903.514527611 0 1 3 
5329 383497.413367634 6529854.803726277 0 1 9 
5330 383584.7475409773 6529806.092924945 0 1 9 
5331 383679.4678791924 6529775.103714252 0 1 9 
5332 383775.5453094565 6529747.37056813 0 1 3 
5333 383871.6227397206 6529719.637422008 0 1 9 
5334 383968.7591933996 6529698.48588399 0 1 3 
5335 384068.686764512 6529694.680554626 0 1 3 
5336 384168.6143356244 6529690.87522526 0 1 9 
5337 384267.6390609797 6529694.789222433 0 1 9 
5338 384363.9914955971 6529721.551291548 0 1 9 
5339 384460.3439302146 6529748.313360662 0 1 9 
5340 384555.5156890667 6529777.957059897 0 1 3 
5341 384642.9458761543 6529826.495316827 0 1 9 
5342 384730.3760632419 6529875.033573757 0 1 9 
5343 384806.9306664651 6529937.75395933 0 1 3 
5344 384876.4866640234 6530009.600763042 0 1 3 
5345 384945.3757007917 6530081.870998293 0 1 9 
5346 384980.8021825812 6530175.385512611 0 1 3 
5347 385016.2286643707 6530268.900026928 0 1 9 
5348 385051.6551461602 6530362.414541245 0 1 9 
5349 385087.0816279497 6530455.929055563 0 1 3 
5350 385086.7432706648 6530555.301905083 0 1 9 
5351 385083.003301773 6530655.231943773 0 1 9 
5352 385079.2633328811 6530755.161982464 0 1 9 
5353 385075.5233639893 6530855.092021154 0 1 9 
5354 385115.2392638572 6530940.48987449 0 1 9 
5355 385178.3400257066 6531018.067537861 0 1 3 
5356 385241.4407875561 6531095.645201231 0 1 3 
5357 385289.5269497703 6531183.143836501 0 1 9 
5358 385336.143017869 6531271.61384382 0 1 9 
5359 385382.7590859676 6531360.083851139 0 1 3 
5360 385429.3751540663 6531448.553858458 0 1 3 
5361 385475.9912221649 6531537.023865777 0 1 3 
5362 385508.1795156677 6531631.581199115 0 1 3 
5363 385539.0248867479 6531726.705134499 0 1 9 
5364 385569.870257828 6531821.829069883 0 1 9 
5365 385600.7156289081 6531916.953005266 0 1 9 
5366 385634.9285910027 6531997.069414891 0 1 9 
5367 385703.4604588248 6531924.245084529 0 1 9 
5368 385771.9923266469 6531851.420754166 0 1 4 
5369 370853.127722511 6547619.709208742 0 1 9 
5370 370905.4085927754 6547534.464205343 0 1 9 
5371 370957.6894630398 6547449.219201945 0 1 9 
5372 371009.9703333043 6547363.974198546 0 1 9 
5373 371068.6574877838 6547283.289386339 0 1 9 
5374 371132.0874133685 6547205.980625256 0 1 6 
5375 371195.517338953 6547128.671864172 0 1 6 
5376 371259.0031461602 6547051.418004796 0 1 6 
5377 371335.1777818692 6546986.630468382 0 1 9 
5378 371418.7873475378 6546940.373817593 0 1 9 
5379 371518.6173323255 6546934.54508383 0 1 6 
5380 371615.2300142196 6546935.827265791 0 1 6 
5381 371676.7551043713 6547014.660401475 0 1 9 
5382 371738.2801945231 6547093.493537159 0 1 9 
5383 371799.8052846749 6547172.326672844 0 1 6 
5384 371861.3303748267 6547251.159808528 0 1 9 
5385 371922.8554649784 6547329.992944212 0 1 9 
5386 371984.3805551302 6547408.826079897 0 1 6 
5387 372054.8842962223 6547458.659931919 0 1 9 
5388 372150.191168698 6547428.384528389 0 1 3 
5389 372244.3849686511 6547395.984648501 0 1 3 
5390 372323.5291904827 6547334.86024952 0 1 3 
5391 372402.6734123143 6547273.73585054 0 1 9 
5392 372479.4936564586 6547210.307554688 0 1 3 
5393 372539.9289371971 6547130.635873131 0 1 3 
5394 372600.3642179357 6547050.964191575 0 1 9 
5395 372660.7994986742 6546971.292510018 0 1 9 
5396 372721.2347794128 6546891.620828462 0 1 3 
5397 372765.8021832925 6546802.162416721 0 1 9 
5398 372809.8701764749 6546712.395986599 0 1 3 
5399 372853.9381696572 6546622.629556476 0 1 9 
5400 372898.0061628395 6546532.863126354 0 1 3 
5401 372942.0741560218 6546443.096696232 0 1 3 
5402 372971.4309830074 6546347.894129353 0 1 3 
5403 372996.3232057536 6546251.041781696 0 1 3 
5404 373022.4746353793 6546154.663737759 0 1 9 
5405 373067.6650072976 6546065.457066002 0 1 9 
5406 373112.8553792159 6545976.250394247 0 1 3 
5407 373158.0457511342 6545887.04372249 0 1 3 
5408 373203.2361230525 6545797.837050733 0 1 3 
5409 373266.2091825069 6545721.374602287 0 1 9 
5410 373336.1627594628 6545649.914843883 0 1 9 
5411 373410.5707429709 6545584.009512138 0 1 3 
5412 373495.5177354522 6545531.245808056 0 1 9 
5413 373580.4647279334 6545478.482103975 0 1 3 
5414 373674.7267502414 6545445.578295866 0 1 9 
5415 373769.6084493668 6545413.995655523 0 1 9 
5416 373864.4901484922 6545382.413015179 0 1 3 
5417 373959.3718476176 6545350.830374835 0 1 9 
5418 374054.253546743 6545319.247734492 0 1 3 
5419 374149.1352458684 6545287.665094148 0 1 3 
5420 374244.0169449938 6545256.082453804 0 1 9 
5421 374339.756195069 6545233.072973613 0 1 3 
5422 374439.0136970377 6545245.236373751 0 1 3 
5423 374523.2813219687 6545294.167772399 0 1 9 
5424 374606.1884580674 6545325.494478628 0 1 6 
5425 374676.1478955172 6545389.864851246 0 1 9 
5426 374717.5287703128 6545480.901235187 0 1 9 
5427 374712.700655598 6545576.306460191 0 1 6 
5428 374689.1146251209 6545673.485157272 0 1 6 
5429 374665.528594644 6545770.663854353 0 1 9 
5430 374641.942564167 6545867.842551433 0 1 6 
5431 374619.5708140273 6545965.175328142 0 1 9 
5432 374618.138207454 6546065.165065808 0 1 6 
5433 374616.7056008808 6546165.154803474 0 1 9 
5434 374615.2729943075 6546265.144541139 0 1 6 
5435 374616.4316436489 6546365.024845176 0 1 6 
5436 374626.2896237634 6546464.537760057 0 1 6 
5437 374636.1476038779 6546564.050674938 0 1 9 
5438 374646.0055839924 6546663.563589819 0 1 9 
5439 374655.8635641069 6546763.076504699 0 1 9 
5440 374665.7215442213 6546862.58941958 0 1 6 
5441 374675.5795243359 6546962.102334461 0 1 6 
5442 374617.7264498721 6547034.209477298 0 1 6 
5443 374525.8212732423 6547035.604912306 0 1 9 
5444 374500.9290407565 6547132.45725746 0 1 3 
5445 374476.0368082707 6547229.309602614 0 1 3 
5446 374451.144575785 6547326.161947769 0 1 9 
5447 374426.2523432992 6547423.014292923 0 1 3 
5448 374401.3601108135 6547519.866638077 0 1 9 
5449 374376.4678783276 6547616.718983231 0 1 3 
5450 374351.5756458419 6547713.571328386 0 1 9 
5451 374419.6348643915 6547739.190304747 0 1 9 
5452 374519.6282954843 6547740.336488979 0 1 9 
5453 374619.6217265771 6547741.482673212 0 1 9 
5454 374719.6151576698 6547742.628857445 0 1 9 
5455 374819.6085887626 6547743.775041677 0 1 9 
5456 374919.6020198554 6547744.92122591 0 1 9 
5457 375019.5954509482 6547746.067410143 0 1 9 
5458 375119.5888820409 6547747.213594375 0 1 9 
5459 375219.5823131337 6547748.359778608 0 1 9 
5460 375319.5757442265 6547749.505962841 0 1 9 
5461 375419.5691753192 6547750.652147073 0 1 9 
5462 375519.562606412 6547751.798331306 0 1 9 
5463 375576.4015252494 6547688.031268393 0 1 9 
5464 375614.0419384447 6547595.385711054 0 1 9 
5465 375651.6823516401 6547502.740153717 0 1 4 
5466 375692.490679857 6547411.450639674 0 1 9 
5467 375733.5404390146 6547320.264471463 0 1 9 
5468 375774.5901981722 6547229.078303251 0 1 9 
5469 375815.6399573298 6547137.89213504 0 1 9 
5470 375856.6897164874 6547046.705966828 0 1 9 
5471 375897.739475645 6546955.519798617 0 1 9 
5472 375938.7892348026 6546864.333630405 0 1 9 
5473 375979.8389939602 6546773.147462194 0 1 9 
5474 376020.8887531178 6546681.961293982 0 1 4 
5475 376061.9385122753 6546590.775125771 0 1 4 
5476 376102.9882714329 6546499.588957559 0 1 4 
5477 376144.0380305905 6546408.402789348 0 1 4 
5478 376185.0877897481 6546317.216621136 0 1 4 
5479 376227.752591065 6546226.781301755 0 1 9 
5480 376271.0119271696 6546136.622387389 0 1 9 
5481 376314.2712632741 6546046.463473022 0 1 9 
5482 376357.5305993787 6545956.304558655 0 1 9 
5483 376400.7899354832 6545866.145644289 0 1 9 
5484 376444.0492715877 6545775.986729922 0 1 9 
5485 376487.3086076923 6545685.827815555 0 1 4 
5486 376530.5679437968 6545595.668901188 0 1 9 
5487 376573.8272799014 6545505.509986822 0 1 4 
5488 376617.0866160059 6545415.351072455 0 1 4 
5489 376660.3459521104 6545325.192158088 0 1 4 
5490 376703.605288215 6545235.033243721 0 1 4 
5491 376746.8646243195 6545144.874329355 0 1 4 
5492 376790.1239604241 6545054.715414988 0 1 4 
5493 376833.3832965286 6544964.556500621 0 1 4 
5494 376876.6426326332 6544874.397586254 0 1 4 
5495 376919.9019687377 6544784.238671888 0 1 4 
5496 376963.1613048422 6544694.079757521 0 1 4 
5497 377006.4206409468 6544603.920843154 0 1 4 
5498 377049.6799770513 6544513.761928787 0 1 4 
5499 377092.9393131558 6544423.603014421 0 1 4 
5500 377136.1986492604 6544333.444100053 0 1 9 
5501 377179.4579853649 6544243.285185686 0 1 9 
5502 377222.7173214695 6544153.12627132 0 1 9 
5503 377265.976657574 6544062.967356953 0 1 9 
5504 377309.2359936786 6543972.808442586 0 1 9 
5505 377353.343350229 6543883.078975051 0 1 4 
5506 377400.4199819704 6543794.853180954 0 1 9 
5507 377447.4966137118 6543706.627386859 0 1 4 
5508 377494.5732454531 6543618.401592762 0 1 9 
5509 377541.6498771945 6543530.175798667 0 1 4 
5510 377588.7265089359 6543441.95000457 0 1 4 
5511 377635.8031406772 6543353.724210474 0 1 9 
5512 377682.8797724186 6543265.498416378 0 1 4 
5513 377729.95640416 6543177.272622282 0 1 9 
5514 377777.0330359014 6543089.046828186 0 1 4 
5515 377824.1096676427 6543000.82103409 0 1 4 
5516 377871.1862993841 6542912.595239993 0 1 9 
5517 377918.2629311255 6542824.369445898 0 1 4 
5518 377965.3395628668 6542736.143651801 0 1 9 
5519 378012.4161946082 6542647.917857706 0 1 4 
5520 378059.4928263496 6542559.692063609 0 1 4 
5521 378106.5694580909 6542471.466269513 0 1 9 
5522 378153.6460898323 6542383.240475417 0 1 4 
5523 378200.7227215737 6542295.014681321 0 1 9 
5524 378247.799353315 6542206.788887225 0 1 4 
5525 378294.8759850564 6542118.563093129 0 1 9 
5526 378341.9526167978 6542030.337299032 0 1 9 
5527 378389.0292485392 6541942.111504937 0 1 4 
5528 378436.1058802805 6541853.88571084 0 1 9 
5529 378483.754419419 6541765.98671498 0 1 9 
5530 378535.8625424702 6541680.636006067 0 1 4 
5531 378587.9706655215 6541595.285297153 0 1 4 
5532 378640.0787885727 6541509.934588239 0 1 9 
5533 378692.186911624 6541424.583879325 0 1 9 
5534 378744.2950346752 6541339.233170412 0 1 4 
5535 378796.4031577265 6541253.882461498 0 1 9 
5536 378848.5112807777 6541168.531752584 0 1 9 
5537 378900.619403829 6541083.181043671 0 1 4 
5538 378952.7275268802 6540997.830334757 0 1 4 
5539 379004.8356499315 6540912.479625843 0 1 9 
5540 379056.9437729827 6540827.128916929 0 1 9 
5541 379109.051896034 6540741.778208015 0 1 4 
5542 379161.1600190852 6540656.427499101 0 1 4 
5543 379213.2681421365 6540571.076790188 0 1 9 
5544 379265.3762651877 6540485.726081274 0 1 4 
5545 379317.484388239 6540400.37537236 0 1 4 
5546 379369.5925112902 6540315.024663446 0 1 9 
5547 379421.7006343415 6540229.673954532 0 1 9 
5548 379473.8087573927 6540144.323245619 0 1 4 
5549 379525.916880444 6540058.972536705 0 1 4 
5550 379578.0250034952 6539973.621827791 0 1 9 
5551 379630.1331265465 6539888.271118877 0 1 9 
5552 379682.2412495977 6539802.920409964 0 1 4 
5553 379734.349372649 6539717.56970105 0 1 9 
5554 379786.4574957002 6539632.218992136 0 1 9 
5555 379838.5656187515 6539546.868283223 0 1 4 
5556 379890.6737418027 6539461.517574309 0 1 4 
5557 379942.781864854 6539376.166865395 0 1 9 
5558 379994.8899879052 6539290.816156481 0 1 9 
5559 380046.9981109565 6539205.465447568 0 1 4 
5560 380099.1062340077 6539120.114738654 0 1 4 
5561 380151.214357059 6539034.76402974 0 1 9 
5562 380203.3224801102 6538949.413320827 0 1 4 
5563 380255.4306031615 6538864.062611913 0 1 4 
5564 380307.5387262127 6538778.711902999 0 1 9 
5565 380359.646849264 6538693.361194085 0 1 9 
5566 380411.7549723152 6538608.010485172 0 1 4 
5567 380463.8630953665 6538522.659776258 0 1 4 
5568 380515.9712184177 6538437.309067344 0 1 9 
5569 380568.079341469 6538351.958358431 0 1 4 
5570 380620.1874645202 6538266.607649517 0 1 4 
5571 380672.2955875715 6538181.256940603 0 1 9 
5572 380724.4037106227 6538095.906231689 0 1 9 
5573 380776.511833674 6538010.555522776 0 1 4 
5574 380828.6199567252 6537925.204813862 0 1 4 
5575 380880.7280797765 6537839.854104948 0 1 9 
5576 380932.8362028277 6537754.503396035 0 1 4 
5577 380986.1933322111 6537669.988210851 0 1 4 
5578 381045.1923914222 6537589.247198892 0 1 9 
5579 381104.1914506333 6537508.506186932 0 1 9 
5580 381163.1905098444 6537427.765174974 0 1 4 
5581 381222.1895690555 6537347.024163014 0 1 9 
5582 381281.1886282666 6537266.283151055 0 1 9 
5583 381340.1876874777 6537185.542139096 0 1 4 
5584 381399.1867466889 6537104.801127137 0 1 4 
5585 381458.1858059 6537024.060115177 0 1 9 
5586 381517.1848651111 6536943.319103218 0 1 9 
5587 381576.1839243222 6536862.578091259 0 1 4 
5588 381635.1829835333 6536781.8370793 0 1 4 
5589 381694.1820427444 6536701.09606734 0 1 9 
5590 381753.1811019555 6536620.355055381 0 1 9 
5591 381812.1801611666 6536539.614043422 0 1 4 
5592 381871.1792203778 6536458.873031463 0 1 4 
5593 381930.1782795889 6536378.132019503 0 1 9 
5594 381993.61152806 6536300.831175016 0 1 9 
5595 382057.1577444521 6536223.617974187 0 1 9 
5596 382120.703960844 6536146.404773358 0 1 9 
5597 382184.250177236 6536069.191572529 0 1 4 
5598 382247.796393628 6535991.9783717 0 1 4 
5599 382311.34261002 6535914.765170871 0 1 4 
5600 382374.888826412 6535837.551970042 0 1 4 
5601 382438.435042804 6535760.338769213 0 1 4 
5602 382501.9812591959 6535683.125568384 0 1 4 
5603 382565.5274755879 6535605.912367555 0 1 4 
5604 382629.0736919799 6535528.699166726 0 1 4 
5605 382692.6199083719 6535451.485965897 0 1 4 
5606 382756.1661247639 6535374.272765068 0 1 4 
5607 382819.7123411559 6535297.059564239 0 1 4 
5608 382883.2585575479 6535219.84636341 0 1 4 
5609 382946.8047739398 6535142.633162581 0 1 4 
5610 383010.3509903318 6535065.419961752 0 1 4 
5611 383073.8972067238 6534988.206760923 0 1 4 
5612 383137.4434231158 6534910.993560094 0 1 4 
5613 383200.9896395078 6534833.780359264 0 1 9 
5614 383264.5358558997 6534756.567158435 0 1 9 
5615 383328.0820722918 6534679.353957606 0 1 9 
5616 383391.6282886837 6534602.140756777 0 1 9 
5617 383455.4376115865 6534525.148108455 0 1 4 
5618 383520.3684275731 6534449.095566517 0 1 4 
5619 383585.2992435598 6534373.043024578 0 1 4 
5620 383650.2300595464 6534296.99048264 0 1 9 
5621 383715.160875533 6534220.937940701 0 1 9 
5622 383780.0916915197 6534144.885398762 0 1 9 
5623 383845.0225075062 6534068.832856824 0 1 9 
5624 383909.9533234929 6533992.780314885 0 1 9 
5625 383974.8841394795 6533916.727772947 0 1 4 
5626 384039.8149554661 6533840.675231009 0 1 4 
5627 384104.7457714528 6533764.62268907 0 1 4 
5628 384169.6765874394 6533688.570147132 0 1 4 
5629 384234.607403426 6533612.517605193 0 1 4 
5630 384299.5382194127 6533536.465063254 0 1 9 
5631 384364.4690353993 6533460.412521316 0 1 9 
5632 384429.3998513859 6533384.359979377 0 1 9 
5633 384494.3306673726 6533308.307437439 0 1 9 
5634 384559.2614833592 6533232.2548955 0 1 9 
5635 384624.1922993459 6533156.202353562 0 1 4 
5636 384689.1231153324 6533080.149811624 0 1 4 
5637 384754.0539313191 6533004.097269685 0 1 4 
5638 384818.9847473057 6532928.044727746 0 1 4 
5639 384883.9155632923 6532851.992185808 0 1 4 
5640 384948.846379279 6532775.939643869 0 1 9 
5641 385013.7771952656 6532699.887101931 0 1 9 
5642 385078.7080112522 6532623.834559992 0 1 9 
5643 385143.6388272389 6532547.782018053 0 1 9 
5644 385208.5696432255 6532471.729476115 0 1 9 
5645 385273.5004592121 6532395.676934176 0 1 9 
5646 385338.4312751988 6532319.624392238 0 1 4 
5647 385403.3620911854 6532243.5718503 0 1 4 
5648 385366.1232478562 6532158.197361686 0 1 3 
5649 385316.0280391008 6532071.649859933 0 1 3 
5650 385219.8686158715 6532050.798284168 0 1 9 
5651 385126.4804140149 6532086.022607833 0 1 9 
5652 385038.5332380655 6532130.637394624 0 1 3 
5653 384964.7559921572 6532198.142342488 0 1 3 
5654 384890.9787462489 6532265.647290353 0 1 3 
5655 384817.2015003407 6532333.152238217 0 1 3 
5656 384743.4242544324 6532400.657186082 0 1 3 
5657 384669.6470085241 6532468.162133946 0 1 3 
5658 384595.8697626158 6532535.667081811 0 1 9 
5659 384522.0925167075 6532603.172029676 0 1 9 
5660 384448.3152707993 6532670.67697754 0 1 9 
5661 384374.538024891 6532738.181925405 0 1 9 
5662 384300.7607789827 6532805.686873269 0 1 9 
5663 384226.9835330744 6532873.191821134 0 1 9 
5664 384153.2062871662 6532940.696768998 0 1 9 
5665 384079.4290412579 6533008.201716863 0 1 9 
5666 384005.6517953497 6533075.706664727 0 1 3 
5667 383931.8745494414 6533143.211612592 0 1 3 
5668 383858.0973035331 6533210.716560456 0 1 3 
5669 383784.3200576248 6533278.22150832 0 1 3 
5670 383710.5428117166 6533345.726456185 0 1 3 
5671 383636.7655658083 6533413.231404049 0 1 3 
5672 383562.9883199 6533480.736351914 0 1 3 
5673 383489.2027816149 6533548.232235718 0 1 9 
5674 383415.4167154885 6533615.727542559 0 1 9 
5675 383341.630649362 6533683.2228494 0 1 9 
5676 383267.8445832356 6533750.718156241 0 1 3 
5677 383194.0585171091 6533818.213463082 0 1 3 
5678 383120.2707381764 6533885.706897349 0 1 3 
5679 383046.4800374229 6533953.197137253 0 1 3 
5680 382972.6893366694 6534020.687377158 0 1 9 
5681 382898.8986359159 6534088.177617062 0 1 9 
5682 382825.1079351624 6534155.667856965 0 1 3 
5683 382751.3172344089 6534223.158096869 0 1 3 
5684 382677.5265336554 6534290.648336774 0 1 9 
5685 382603.7358329019 6534358.138576678 0 1 9 
5686 382528.234080356 6534423.609093048 0 1 9 
5687 382449.5341765182 6534485.304515373 0 1 9 
5688 382370.8342726803 6534546.999937698 0 1 3 
5689 382292.1343688425 6534608.695360024 0 1 3 
5690 382213.4344650046 6534670.390782349 0 1 3 
5691 382134.7345611667 6534732.086204674 0 1 3 
5692 382056.0346573289 6534793.781627 0 1 9 
5693 381977.334753491 6534855.477049326 0 1 9 
5694 381901.9517298311 6534921.183538715 0 1 9 
5695 381826.5756846283 6534986.898467077 0 1 9 
5696 381751.1996394254 6535052.613395439 0 1 9 
5697 381675.8235942227 6535118.3283238 0 1 9 
5698 381600.4475490198 6535184.043252162 0 1 9 
5699 381525.071503817 6535249.758180523 0 1 3 
5700 381449.6954586142 6535315.473108885 0 1 3 
5701 381374.3194134114 6535381.188037246 0 1 3 
5702 381298.9433682085 6535446.902965608 0 1 3 
5703 381223.5673230058 6535512.617893971 0 1 9 
5704 381148.1912778029 6535578.332822332 0 1 9 
5705 381072.8152326001 6535644.047750694 0 1 9 
5706 381000.4325520548 6535713.017196385 0 1 9 
5707 380928.6566118884 6535782.646316824 0 1 3 
5708 380856.8806717221 6535852.275437265 0 1 9 
5709 380785.1047315557 6535921.904557705 0 1 9 
5710 380713.3287913893 6535991.533678144 0 1 3 
5711 380641.5528512229 6536061.162798584 0 1 9 
5712 380569.7769110565 6536130.791919025 0 1 9 
5713 380498.0009708902 6536200.421039464 0 1 3 
5714 380426.2250307238 6536270.050159904 0 1 9 
5715 380354.4490905574 6536339.679280343 0 1 3 
5716 380282.673150391 6536409.308400784 0 1 3 
5717 380210.8972102246 6536478.937521224 0 1 9 
5718 380139.1212700583 6536548.566641663 0 1 3 
5719 380067.3453298919 6536618.195762103 0 1 3 
5720 379995.5693897256 6536687.824882544 0 1 9 
5721 379923.7934495592 6536757.454002983 0 1 3 
5722 379852.0175093928 6536827.083123423 0 1 9 
5723 379780.2415692264 6536896.712243863 0 1 9 
5724 379735.6335546355 6536811.202299356 0 1 9 
5725 379691.7901848184 6536721.325945829 0 1 3 
5726 379631.696232299 6536647.725866803 0 1 9 
5727 379541.7507303544 6536604.024531812 0 1 9 
5728 379451.8052284097 6536560.323196822 0 1 3 
5729 379355.7807123685 6536535.196643108 0 1 9 
5730 379258.3761850795 6536530.775628746 0 1 9 
5731 379163.5889021116 6536562.640515181 0 1 9 
5732 379068.8016191436 6536594.505401617 0 1 9 
5733 378974.0143361757 6536626.370288053 0 1 9 
5734 378882.4300646745 6536664.619576351 0 1 3 
5735 378800.2196265775 6536721.553255908 0 1 9 
5736 378718.0091884806 6536778.486935465 0 1 3 
5737 378643.1723435293 6536842.946672156 0 1 3 
5738 378584.5682885545 6536923.974844667 0 1 9 
5739 378525.9642335796 6537005.003017178 0 1 3 
5740 378467.3601786048 6537086.031189689 0 1 9 
5741 378408.75612363 6537167.0593622 0 1 3 
5742 378352.4375913054 6537249.483642451 0 1 9 
5743 378307.0997116833 6537338.61543628 0 1 3 
5744 378261.7618320611 6537427.747230111 0 1 9 
5745 378216.4239524389 6537516.87902394 0 1 3 
5746 378171.0860728167 6537606.010817771 0 1 9 
5747 378125.7481931946 6537695.1426116 0 1 3 
5748 378080.4103135724 6537784.274405431 0 1 9 
5749 378035.0724339502 6537873.406199261 0 1 3 
5750 377989.7345543281 6537962.537993091 0 1 9 
5751 377944.3966747059 6538051.669786921 0 1 3 
5752 377899.0587950837 6538140.801580751 0 1 9 
5753 377860.544506993 6538232.216058078 0 1 9 
5754 377843.1239905849 6538330.686995964 0 1 3 
5755 377825.7034741767 6538429.15793385 0 1 9 
5756 377785.0791697557 6538517.800893821 0 1 3 
5757 377726.4732919305 6538598.827747915 0 1 3 
5758 377667.8674141053 6538679.854602009 0 1 9 
5759 377613.1236519073 6538763.370800129 0 1 3 
5760 377563.5320828604 6538850.207867557 0 1 3 
5761 377513.9405138134 6538937.044934985 0 1 9 
5762 377464.3489447664 6539023.882002413 0 1 9 
5763 377414.7573757195 6539110.71906984 0 1 3 
5764 377365.1658066726 6539197.556137268 0 1 3 
5765 377315.5742376256 6539284.393204696 0 1 9 
5766 377277.9173530739 6539377.006360875 0 1 9 
5767 377240.5837743343 6539469.775988978 0 1 9 
5768 377203.2501955947 6539562.545617082 0 1 9 
5769 377165.9166168551 6539655.315245186 0 1 9 
5770 377128.5830381155 6539748.084873289 0 1 3 
5771 377079.425888321 6539835.053525973 0 1 3 
5772 377028.9034696402 6539921.352339469 0 1 9 
5773 376978.3810509594 6540007.651152964 0 1 9 
5774 376927.8586322786 6540093.949966459 0 1 9 
5775 376877.3362135979 6540180.248779953 0 1 3 
5776 376826.8137949171 6540266.547593448 0 1 3 
5777 376776.2913762363 6540352.846406943 0 1 3 
5778 376725.7689575555 6540439.145220438 0 1 3 
5779 376675.2465388748 6540525.444033934 0 1 9 
5780 376624.7241201939 6540611.742847429 0 1 9 
5781 376574.2017015131 6540698.041660924 0 1 9 
5782 376523.6792828324 6540784.340474418 0 1 3 
5783 376473.1568641516 6540870.639287913 0 1 3 
5784 376422.6344454708 6540956.938101408 0 1 3 
5785 376372.11202679 6541043.236914904 0 1 9 
5786 376321.5896081093 6541129.535728399 0 1 9 
5787 376271.0671894285 6541215.834541894 0 1 9 
5788 376220.5447707477 6541302.133355388 0 1 9 
5789 376170.0223520669 6541388.432168883 0 1 3 
5790 376119.4999333861 6541474.730982378 0 1 3 
5791 376068.9775147053 6541561.029795873 0 1 3 
5792 376018.4550960246 6541647.328609369 0 1 9 
5793 375967.9326773438 6541733.627422864 0 1 9 
5794 375917.410258663 6541819.926236358 0 1 9 
5795 375872.50903372 6541909.092657476 0 1 3 
5796 375832.2985150341 6542000.652005372 0 1 9 
5797 375792.0879963482 6542092.211353267 0 1 9 
5798 375751.8774776622 6542183.770701162 0 1 3 
5799 375711.1906383419 6542275.090258814 0 1 9 
5800 375661.5939616838 6542361.924409149 0 1 3 
5801 375611.9972850257 6542448.758559485 0 1 3 
5802 375562.4006083676 6542535.592709821 0 1 9 
5803 375512.8039317096 6542622.426860156 0 1 3 
5804 375463.2072550515 6542709.261010491 0 1 9 
5805 375413.6105783934 6542796.095160827 0 1 9 
5806 375364.0139017353 6542882.929311162 0 1 3 
5807 375314.4172250772 6542969.763461498 0 1 9 
5808 375264.8205484191 6543056.597611833 0 1 9 
5809 375215.2238717611 6543143.431762168 0 1 3 
5810 375165.627195103 6543230.265912504 0 1 9 
5811 375118.0759091582 6543318.129793306 0 1 9 
5812 375077.862821336 6543409.688012859 0 1 3 
5813 375037.6497335138 6543501.246232413 0 1 9 
5814 374997.4366456916 6543592.804451966 0 1 3 
5815 374957.2235578694 6543684.36267152 0 1 9 
5816 374906.5691361759 6543770.271080545 0 1 9 
5817 374851.9235283909 6543854.019856953 0 1 9 
5818 374797.277920606 6543937.76863336 0 1 3 
5819 374742.632312821 6544021.517409768 0 1 3 
5820 374687.986705036 6544105.266186176 0 1 3 
5821 374633.3410972511 6544189.014962584 0 1 3 
5822 374578.6954894661 6544272.763738992 0 1 3 
5823 374524.0498816812 6544356.5125154 0 1 3 
5824 374452.5109705682 6544426.357305898 0 1 9 
5825 374380.8348026797 6544496.089127593 0 1 9 
5826 374295.8668264818 6544541.590165458 0 1 3 
5827 374198.5416148837 6544564.56413306 0 1 9 
5828 374101.2164032856 6544587.538100663 0 1 9 
5829 374003.8911916876 6544610.512068264 0 1 3 
5830 373906.5659800895 6544633.486035867 0 1 3 
5831 373809.2407684913 6544656.460003469 0 1 9 
5832 373723.9539024151 6544704.063562003 0 1 9 
5833 373646.036267734 6544766.744039073 0 1 9 
5834 373568.1186330529 6544829.424516142 0 1 9 
5835 373490.2009983718 6544892.104993212 0 1 3 
5836 373412.2833636906 6544954.785470282 0 1 3 
5837 373346.6275304483 6545029.920353423 0 1 3 
5838 373282.7403702934 6545106.85169143 0 1 9 
5839 373218.8532101387 6545183.783029435 0 1 9 
5840 373154.9660499839 6545260.714367441 0 1 9 
5841 373091.8434406979 6545338.191552213 0 1 9 
5842 373039.8293262896 6545423.59958405 0 1 3 
5843 372987.8152118814 6545509.007615888 0 1 3 
5844 372935.8010974731 6545594.415647726 0 1 9 
5845 372883.7869830648 6545679.823679563 0 1 9 
5846 372837.8648003886 6545768.654644008 0 1 9 
5847 372791.9691789653 6545857.500532681 0 1 9 
5848 372746.0735575419 6545946.346421354 0 1 3 
5849 372700.1779361185 6546035.192310028 0 1 3 
5850 372654.2823146952 6546124.038198701 0 1 3 
5851 372608.3866932718 6546212.884087374 0 1 3 
5852 372546.6997351279 6546291.447048356 0 1 3 
5853 372484.0086398966 6546369.356140115 0 1 9 
5854 372401.2345715382 6546418.009111959 0 1 3 
5855 372304.1540589931 6546441.836731317 0 1 3 
5856 372206.7802078678 6546464.603661655 0 1 9 
5857 372109.4063567425 6546487.370591993 0 1 9 
5858 372012.0325056172 6546510.137522331 0 1 3 
5859 371914.6586544919 6546532.90445267 0 1 9 
5860 371817.2848033666 6546555.671383008 0 1 9 
5861 371719.9109522413 6546578.438313346 0 1 3 
5862 371622.537101116 6546601.205243684 0 1 3 
5863 371525.1632499907 6546623.972174023 0 1 9 
5864 371427.7893988654 6546646.739104361 0 1 3 
5865 371338.9119190047 6546689.433405565 0 1 3 
5866 371255.0673952759 6546743.931991241 0 1 3 
5867 371176.46543669 6546805.373824774 0 1 3 
5868 371101.0933276215 6546871.093267671 0 1 9 
5869 371025.7212185529 6546936.812710566 0 1 9 
5870 370957.34682711 6547009.197327402 0 1 9 
5871 370895.3720216438 6547087.677410782 0 1 3 
5872 370833.3972161776 6547166.157494163 0 1 3 
5873 370771.4224107114 6547244.637577544 0 1 9 
5874 370719.8047214962 6547329.707085966 0 1 3 
5875 370674.9771772216 6547419.096633869 0 1 3 
5876 370630.1496329469 6547508.486181772 0 1 3 
5877 370595.6543538861 6547602.042541048 0 1 3 
5878 370843.7490926677 6547698.201373328 0 1 6 
5879 372068.3278164317 6547516.705525734 0 1 3 
5880 372006.9563733378 6547437.752856526 0 1 9 
5881 371945.431283186 6547358.919720842 0 1 6 
5882 371883.9061930342 6547280.086585158 0 1 6 
5883 371822.3811028824 6547201.253449473 0 1 9 
5884 371760.8560127307 6547122.420313789 0 1 9 
5885 371699.3309225789 6547043.587178105 0 1 6 
5886 371637.8058324271 6546964.754042421 0 1 6 
5887 371555.2486250659 6546932.406307057 0 1 6 
5888 371455.4186402782 6546938.235040819 0 1 9 
5889 371363.1290570896 6546962.857538662 0 1 6 
5890 371286.9544213806 6547027.645075076 0 1 6 
5891 371218.7921113326 6547100.304436644 0 1 6 
5892 371155.362185748 6547177.613197727 0 1 9 
5893 371091.9322601634 6547254.921958811 0 1 9 
5894 371029.1541072721 6547332.694671852 0 1 6 
5895 370976.8732370076 6547417.93967525 0 1 6 
5896 370924.5923667432 6547503.184678649 0 1 6 
5897 370872.3114964788 6547588.429682047 0 1 6 
5898 370845.6169957608 6547682.568412067 0 1 9 
5899 370943.7425237604 6547699.347557561 0 1 6 
5900 371043.7359548531 6547700.493741794 0 1 6 
5901 371143.7293859459 6547701.639926027 0 1 6 
5902 371243.7228170387 6547702.786110259 0 1 6 
5903 371343.7162481315 6547703.932294492 0 1 6 
5904 371443.7096792242 6547705.078478725 0 1 6 
5905 371543.703110317 6547706.224662957 0 1 6 
5906 371643.6965414098 6547707.37084719 0 1 6 
5907 371743.6899725025 6547708.517031423 0 1 6 
5908 371843.6834035953 6547709.663215655 0 1 6 
5909 371943.6768346881 6547710.809399888 0 1 6 
5910 372043.6702657809 6547711.95558412 0 1 6 
5911 372143.6636968736 6547713.101768353 0 1 6 
5912 372243.6571279664 6547714.247952586 0 1 6 
5913 372186.5720559613 6547641.72841298 0 1 3 
5914 372117.8584051072 6547569.075579682 0 1 6 
5915 374627.9767000978 6547035.186854929 0 1 9 
5916 374674.5644735527 6546951.855746315 0 1 6 
5917 374664.7064934382 6546852.342831435 0 1 6 
5918 374654.8485133237 6546752.829916554 0 1 6 
5919 374644.9905332092 6546653.317001672 0 1 9 
5920 374635.1325530948 6546553.804086792 0 1 6 
5921 374625.2745729802 6546454.291171911 0 1 9 
5922 374615.4165928658 6546354.77825703 0 1 9 
5923 374615.4205061109 6546254.84885578 0 1 9 
5924 374616.8531126841 6546154.859118115 0 1 6 
5925 374618.2857192574 6546054.86938045 0 1 9 
5926 374620.7851264066 6545955.015008754 0 1 6 
5927 374644.3711568836 6545857.836311674 0 1 9 
5928 374667.9571873606 6545760.657614592 0 1 6 
5929 374691.5432178376 6545663.478917512 0 1 9 
5930 374715.1292483147 6545566.300220431 0 1 9 
5931 374713.2678883795 6545471.527453567 0 1 6 
5932 374671.8870135839 6545380.491069625 0 1 9 
5933 374597.131786822 6545320.595539694 0 1 9 
5934 374519.5817388215 6545313.583087103 0 1 6 
5935 374465.3966747519 6545397.630566731 0 1 3 
5936 374411.2116106824 6545481.678046359 0 1 3 
5937 374357.0265466128 6545565.725525986 0 1 3 
5938 374342.2348028891 6545662.647568258 0 1 6 
5939 374336.3263890036 6545762.472868885 0 1 3 
5940 374330.4179751182 6545862.298169512 0 1 3 
5941 374324.5095612328 6545962.12347014 0 1 6 
5942 374318.6011473474 6546061.948770767 0 1 3 
5943 374291.2983070844 6546155.186479368 0 1 6 
5944 374240.0323167092 6546241.04565611 0 1 6 
5945 374158.5116227892 6546291.287177363 0 1 6 
5946 374065.4905465468 6546327.98975731 0 1 6 
5947 373972.4694703044 6546364.692337256 0 1 6 
5948 373879.4483940619 6546401.394917201 0 1 3 
5949 373800.33740012 6546459.618348231 0 1 3 
5950 373714.7223521215 6546504.552905039 0 1 6 
5951 373632.3760871753 6546558.529190675 0 1 3 
5952 373554.2472485158 6546620.94621215 0 1 6 
5953 373533.7764771404 6546718.543714727 0 1 3 
5954 373514.0093510409 6546816.57055149 0 1 3 
5955 373523.6483350935 6546908.837659139 0 1 6 
5956 373578.9367261545 6546992.163488352 0 1 3 
5957 373650.7061454545 6547058.504691696 0 1 6 
5958 373735.6578493167 6547111.260809928 0 1 3 
5959 373824.2678267648 6547151.537801323 0 1 6 
5960 373923.9707269332 6547149.216311335 0 1 6 
5961 374022.5990133926 6547132.709915299 0 1 6 
5962 374121.2272998519 6547116.203519263 0 1 6 
5963 374212.8812662025 6547080.722047581 0 1 6 
5964 374298.7226719003 6547029.426306357 0 1 3 
5965 374385.8284443225 6546987.258590757 0 1 3 
5966 374482.3808182915 6547013.29009246 0 1 6 
5967 374580.5022213416 6547030.660088018 0 1 6 
5968 388500.4974424432 6537599.131886887 0 1 3 
5969 388410.5919979768 6537555.34820208 0 1 6 
5970 388320.6865535105 6537511.564517273 0 1 3 
5971 388230.7811090441 6537467.780832466 0 1 6 
5972 388140.8756645777 6537423.997147658 0 1 3 
5973 388047.7762054502 6537395.10261458 0 1 6 
5974 387947.8228894817 6537398.157876745 0 1 7 
5975 387851.6268621729 6537419.035970391 0 1 6 
5976 387771.737460488 6537472.579046992 0 1 6 
5977 387714.7553684959 6537554.755936639 0 1 3 
5978 387657.7732765038 6537636.932826287 0 1 3 
5979 387614.3772599072 6537725.2577165 0 1 3 
5980 387590.2564145643 6537822.305049385 0 1 6 
5981 387566.1355692214 6537919.352382269 0 1 3 
5982 387564.6523084385 6538018.018286704 0 1 3 
5983 387574.7207394486 6538117.510129068 0 1 6 
5984 387584.7891704586 6538217.001971432 0 1 6 
5985 387594.8576014686 6538316.493813797 0 1 3 
5986 387604.9260324786 6538415.985656161 0 1 3 
5987 387614.9944634886 6538515.477498525 0 1 3 
5988 387625.0628944986 6538614.969340889 0 1 3 
5989 387635.1313255086 6538714.461183253 0 1 3 
5990 387645.1997565186 6538813.953025617 0 1 3 
5991 387655.2681875287 6538913.444867981 0 1 6 
5992 387665.3366185387 6539012.936710345 0 1 6 
5993 387675.4050495487 6539112.42855271 0 1 3 
5994 387685.4734805587 6539211.920395073 0 1 3 
5995 387695.5419115687 6539311.412237437 0 1 3 
5996 387705.6103425787 6539410.904079801 0 1 3 
5997 387712.9566957424 6539510.584281446 0 1 3 
5998 387716.6876590598 6539610.514656772 0 1 3 
5999 387720.4186223772 6539710.445032098 0 1 3 
6000 387724.1495856947 6539810.375407424 0 1 6 
6001 387727.880549012 6539910.305782749 0 1 6 
6002 387722.0585526957 6540010.022711298 0 1 6 
6003 387713.8679476754 6540109.686716784 0 1 3 
6004 387705.6773426551 6540209.350722269 0 1 3 
6005 387692.4604412948 6540308.150828614 0 1 6 
6006 387666.9043665634 6540404.830128592 0 1 6 
6007 387641.3482918321 6540501.509428571 0 1 6 
6008 387615.7922171007 6540598.18872855 0 1 6 
6009 387590.2361423694 6540694.868028528 0 1 6 
6010 387552.2765127394 6540786.961015888 0 1 6 
6011 387508.7883991802 6540877.009802549 0 1 6 
6012 387465.300285621 6540967.05858921 0 1 6 
6013 387421.8121720618 6541057.10737587 0 1 6 
6014 387388.6485265499 6541151.216603865 0 1 6 
6015 387359.144344281 6541246.765037806 0 1 3 
6016 387329.6401620121 6541342.313471748 0 1 6 
6017 387300.1359797433 6541437.861905688 0 1 3 
6018 387289.1766501347 6541535.525123632 0 1 3 
6019 387296.4111186349 6541635.263092658 0 1 6 
6020 387303.645587135 6541735.001061684 0 1 3 
6021 387310.8800556352 6541834.73903071 0 1 6 
6022 387337.1858249842 6541930.816534876 0 1 3 
6023 387367.3916742273 6542026.145474194 0 1 6 
6024 387397.5975234703 6542121.474413512 0 1 3 
6025 387427.8033727133 6542216.80335283 0 1 3 
6026 387458.7812777641 6542311.808758751 0 1 6 
6027 387505.5609771473 6542400.192352963 0 1 3 
6028 387552.3406765305 6542488.575947173 0 1 6 
6029 387599.1203759137 6542576.959541384 0 1 3 
6030 387645.9000752969 6542665.343135595 0 1 3 
6031 387696.7364449134 6542751.272043183 0 1 3 
6032 387753.3264006833 6542833.71946222 0 1 6 
6033 387809.9163564531 6542916.166881258 0 1 3 
6034 387870.502653675 6542995.466243685 0 1 3 
6035 387937.4062152355 6543069.789278139 0 1 6 
6036 388004.3097767959 6543144.112312594 0 1 3 
6037 388076.8393406109 6543211.93874315 0 1 6 
6038 388159.9598880157 6543267.535277207 0 1 3 
6039 388243.0804354204 6543323.131811264 0 1 3 
6040 388327.8767348481 6543375.091057267 0 1 6 
6041 388424.1481735985 6543402.143045751 0 1 3 
6042 388520.4196123488 6543429.195034235 0 1 6 
6043 388576.0508541967 6543402.018413986 0 1 6 
6044 388577.110749231 6543302.024031031 0 1 6 
6045 388578.1706442652 6543202.029648077 0 1 6 
6046 388579.2305392994 6543102.035265122 0 1 6 
6047 388580.2904343337 6543002.040882166 0 1 6 
6048 388581.3503293679 6542902.046499212 0 1 6 
6049 388582.4102244021 6542802.052116257 0 1 6 
6050 388583.4701194364 6542702.057733302 0 1 6 
6051 388584.5300144706 6542602.063350348 0 1 6 
6052 388585.5899095049 6542502.068967393 0 1 6 
6053 388586.6498045391 6542402.074584438 0 1 6 
6054 388587.7096995733 6542302.080201483 0 1 6 
6055 388588.7695946076 6542202.085818528 0 1 6 
6056 388589.8294896418 6542102.091435573 0 1 6 
6057 388590.8893846761 6542002.097052619 0 1 6 
6058 388591.9492797103 6541902.102669664 0 1 6 
6059 388593.0091747445 6541802.108286709 0 1 6 
6060 388594.0690697788 6541702.113903754 0 1 6 
6061 388595.128964813 6541602.119520799 0 1 6 
6062 388596.1888598473 6541502.125137844 0 1 6 
6063 388597.2487548815 6541402.13075489 0 1 6 
6064 388598.3086499157 6541302.136371935 0 1 6 
6065 388599.36854495 6541202.14198898 0 1 6 
6066 388600.4284399842 6541102.147606025 0 1 6 
6067 388601.4883350184 6541002.15322307 0 1 6 
6068 388602.5482300526 6540902.158840115 0 1 6 
6069 388603.6081250869 6540802.164457161 0 1 6 
6070 388604.6680201211 6540702.170074206 0 1 6 
6071 388605.7279151554 6540602.175691251 0 1 6 
6072 388606.7878101896 6540502.181308297 0 1 6 
6073 388607.8477052238 6540402.186925341 0 1 6 
6074 388608.9076002581 6540302.192542386 0 1 6 
6075 388609.9674952923 6540202.198159432 0 1 6 
6076 388611.0273903265 6540102.203776477 0 1 6 
6077 388612.0872853608 6540002.209393522 0 1 6 
6078 388613.147180395 6539902.215010568 0 1 6 
6079 388614.2070754293 6539802.220627612 0 1 6 
6080 388615.2669704635 6539702.226244657 0 1 6 
6081 388616.3268654977 6539602.231861703 0 1 6 
6082 388617.386760532 6539502.237478748 0 1 6 
6083 388618.4466555662 6539402.243095793 0 1 6 
6084 388619.5065506005 6539302.248712839 0 1 6 
6085 388620.5664456347 6539202.254329883 0 1 6 
6086 388621.6263406689 6539102.259946928 0 1 6 
6087 388622.6862357032 6539002.265563974 0 1 6 
6088 388623.7461307374 6538902.271181019 0 1 6 
6089 388624.8060257717 6538802.276798064 0 1 6 
6090 388625.8659208059 6538702.28241511 0 1 6 
6091 388626.9258158401 6538602.288032155 0 1 6 
6092 388627.9857108744 6538502.293649199 0 1 6 
6093 388629.0456059086 6538402.299266245 0 1 6 
6094 388630.1055009429 6538302.30488329 0 1 6 
6095 388631.1653959771 6538202.310500335 0 1 6 
6096 388632.2252910113 6538102.316117381 0 1 6 
6097 388633.2851860456 6538002.321734426 0 1 6 
6098 388634.3450810798 6537902.32735147 0 1 6 
6099 388635.404976114 6537802.332968516 0 1 6 
6100 388636.4648711483 6537702.338585561 0 1 6 
6101 388558.8938002128 6537641.769453085 0 1 3 
6102 388266.0286596013 6531703.068055229 0 1 3 
6103 388171.9415405896 6531736.94450776 0 1 3 
6104 388077.8544215778 6531770.820960291 0 1 3 
6105 387983.7673025661 6531804.697412821 0 1 3 
6106 387889.6801835544 6531838.573865352 0 1 3 
6107 387798.795908777 6531878.529268742 0 1 3 
6108 387717.6544063953 6531936.976309652 0 1 3 
6109 387636.5129040137 6531995.423350564 0 1 6 
6110 387555.371401632 6532053.870391475 0 1 6 
6111 387477.7598536471 6532116.585482915 0 1 7 
6112 387405.1267599385 6532185.319998978 0 1 6 
6113 387332.49366623 6532254.05451504 0 1 7 
6114 387259.8605725215 6532322.789031102 0 1 6 
6115 387202.1060249081 6532403.069218532 0 1 7 
6116 387153.5596503646 6532490.494898506 0 1 6 
6117 387112.9736928305 6532580.805213666 0 1 6 
6118 387094.2434922747 6532679.035451307 0 1 7 
6119 387095.0211473642 6532778.801942392 0 1 7 
6120 387098.1444590263 6532878.753155113 0 1 7 
6121 387101.2677706885 6532978.704367833 0 1 6 
6122 387112.2858425304 6533077.586281813 0 1 7 
6123 387135.8629100187 6533174.767153843 0 1 7 
6124 387159.4399775069 6533271.948025874 0 1 7 
6125 387183.0170449951 6533369.128897904 0 1 6 
6126 387206.5941124834 6533466.309769935 0 1 6 
6127 387230.1711799716 6533563.490641966 0 1 7 
6128 387253.7482474598 6533660.671513997 0 1 7 
6129 387277.325314948 6533757.852386028 0 1 7 
6130 387300.9023824363 6533855.033258058 0 1 6 
6131 387324.4794499245 6533952.214130089 0 1 6 
6132 387348.0565174128 6534049.39500212 0 1 7 
6133 387371.637201358 6534146.574996499 0 1 6 
6134 387395.227541635 6534243.752647458 0 1 4 
6135 387394.5513693695 6534343.66048505 0 1 6 
6136 387393.14405803 6534443.650581933 0 1 6 
6137 387381.9553278122 6534542.534730731 0 1 6 
6138 387361.0015159003 6534640.314778626 0 1 6 
6139 387340.0477039883 6534738.09482652 0 1 4 
6140 387319.0938920763 6534835.874874416 0 1 6 
6141 387298.1400801644 6534933.65492231 0 1 4 
6142 387277.1862682525 6535031.434970206 0 1 6 
6143 387256.2324563405 6535129.215018101 0 1 6 
6144 387235.2786444286 6535226.995065995 0 1 4 
6145 387214.3248325166 6535324.775113891 0 1 4 
6146 387193.3710206047 6535422.555161786 0 1 6 
6147 387172.4172086928 6535520.335209681 0 1 4 
6148 387184.5805479126 6535619.276219227 0 1 6 
6149 387198.6357410627 6535718.283549994 0 1 4 
6150 387212.6909342128 6535817.290880761 0 1 4 
6151 387226.7461273628 6535916.298211527 0 1 6 
6152 387272.1619520246 6536004.154651908 0 1 4 
6153 387323.7673123681 6536089.810280934 0 1 4 
6154 387375.3726727117 6536175.46590996 0 1 4 
6155 387447.5022354392 6536244.111252546 0 1 7 
6156 387521.8027018607 6536311.039876389 0 1 6 
6157 387606.6772228522 6536361.837092103 0 1 6 
6158 387699.3456526426 6536398.262140607 0 1 6 
6159 387797.1189537117 6536419.247411586 0 1 6 
6160 387894.8922547808 6536440.232682565 0 1 7 
6161 387992.6655558499 6536461.217953544 0 1 7 
6162 388090.438856919 6536482.203224523 0 1 7 
6163 388188.2121579881 6536503.188495502 0 1 7 
6164 388285.9854590572 6536524.17376648 0 1 6 
6165 388383.7587601262 6536545.159037459 0 1 6 
6166 388474.4704146839 6536583.619924747 0 1 7 
6167 388559.3748345436 6536636.452107063 0 1 7 
6168 388642.8806324349 6536691.286588325 0 1 6 
6169 388648.1595852085 6536600.052254996 0 1 6 
6170 388649.2212431536 6536500.057890743 0 1 6 
6171 388650.2829010988 6536400.06352649 0 1 6 
6172 388651.3445590439 6536300.069162237 0 1 6 
6173 388652.4062169891 6536200.074797983 0 1 6 
6174 388653.4678749343 6536100.08043373 0 1 6 
6175 388654.5295328794 6536000.086069477 0 1 6 
6176 388655.5911908246 6535900.091705224 0 1 6 
6177 388656.6528487697 6535800.09734097 0 1 6 
6178 388657.7145067149 6535700.102976717 0 1 6 
6179 388658.7761646601 6535600.108612464 0 1 6 
6180 388659.8378226052 6535500.114248211 0 1 6 
6181 388660.8994805503 6535400.119883957 0 1 6 
6182 388661.9611384955 6535300.125519704 0 1 6 
6183 388663.0227964406 6535200.131155451 0 1 6 
6184 388664.0844543858 6535100.136791198 0 1 6 
6185 388665.146112331 6535000.142426944 0 1 6 
6186 388666.2077702761 6534900.148062691 0 1 6 
6187 388667.2694282213 6534800.153698438 0 1 6 
6188 388668.3310861664 6534700.159334185 0 1 6 
6189 388669.3927441116 6534600.164969931 0 1 6 
6190 388670.4544020568 6534500.170605678 0 1 6 
6191 388671.5160600019 6534400.176241425 0 1 6 
6192 388672.5777179471 6534300.181877172 0 1 6 
6193 388673.6393758922 6534200.187512918 0 1 6 
6194 388674.7010338374 6534100.193148665 0 1 6 
6195 388675.7626917826 6534000.198784413 0 1 6 
6196 388676.8243497277 6533900.20442016 0 1 6 
6197 388677.8860076728 6533800.210055906 0 1 6 
6198 388678.947665618 6533700.215691653 0 1 6 
6199 388680.0093235631 6533600.2213274 0 1 6 
6200 388681.0709815083 6533500.226963147 0 1 6 
6201 388682.1326394535 6533400.232598893 0 1 6 
6202 388683.1942973986 6533300.23823464 0 1 6 
6203 388684.2559553438 6533200.243870387 0 1 6 
6204 388685.3176132889 6533100.249506134 0 1 6 
6205 388686.3792712341 6533000.25514188 0 1 6 
6206 388687.4409291793 6532900.260777627 0 1 6 
6207 388688.5025871244 6532800.266413374 0 1 6 
6208 388689.5642450696 6532700.272049121 0 1 6 
6209 388690.6259030147 6532600.277684867 0 1 6 
6210 388691.6875609599 6532500.283320614 0 1 6 
6211 388692.749218905 6532400.288956361 0 1 6 
6212 388693.8108768502 6532300.294592108 0 1 6 
6213 388694.8725347953 6532200.300227854 0 1 6 
6214 388695.9341927405 6532100.305863601 0 1 6 
6215 388696.9958506856 6532000.311499348 0 1 6 
6216 388698.0575086308 6531900.317135095 0 1 6 
6217 388699.119166576 6531800.322770841 0 1 6 
6218 388700.1808245211 6531700.328406588 0 1 6 
6219 388685.1232132917 6531619.76160927 0 1 6 
6220 388587.0421495753 6531639.257889435 0 1 6 
6221 388488.9610858588 6531658.754169599 0 1 6 
6222 388390.8800221423 6531678.250449764 0 1 6 
6223 388292.7989584259 6531697.746729927 0 1 3 
6224 383791.6743057274 6531839.562773746 0 1 3 
6225 383693.3575046943 6531857.833149621 0 1 7 
6226 383595.0407036611 6531876.103525496 0 1 7 
6227 383502.7494317371 6531914.456776597 0 1 7 
6228 383410.6137120977 6531953.328477955 0 1 7 
6229 383344.64798449 6532027.122505479 0 1 7 
6230 383281.4713082935 6532104.638359242 0 1 3 
6231 383218.2946320968 6532182.154213007 0 1 7 
6232 383155.1179559003 6532259.67006677 0 1 3 
6233 383091.9412797037 6532337.185920534 0 1 3 
6234 383028.7646035071 6532414.701774298 0 1 7 
6235 382965.5879273105 6532492.217628062 0 1 3 
6236 382916.2616343653 6532576.484078802 0 1 7 
6237 382894.127067694 6532674.003620219 0 1 7 
6238 382871.9925010228 6532771.523161637 0 1 7 
6239 382849.8579343515 6532869.042703054 0 1 3 
6240 382846.1070973213 6532967.313744098 0 1 3 
6241 382860.2082035612 6533066.314546129 0 1 7 
6242 382874.309309801 6533165.31534816 0 1 3 
6243 382888.4104160409 6533264.316150191 0 1 7 
6244 382950.7362297184 6533189.987705532 0 1 3 
6245 383013.9422149234 6533112.495748308 0 1 3 
6246 383077.1482001283 6533035.003791085 0 1 3 
6247 383140.3541853334 6532957.511833862 0 1 3 
6248 383203.5601705384 6532880.019876639 0 1 3 
6249 383266.7661557434 6532802.527919416 0 1 3 
6250 383329.9721409483 6532725.035962193 0 1 3 
6251 383393.1781261534 6532647.54400497 0 1 3 
6252 383456.3841113584 6532570.052047747 0 1 3 
6253 383519.5900965634 6532492.560090523 0 1 7 
6254 383582.7960817684 6532415.0681333 0 1 7 
6255 383646.0020669734 6532337.576176077 0 1 7 
6256 383690.4680571754 6532253.264844105 0 1 7 
6257 383731.7112149093 6532167.161871217 0 1 3 
6258 383792.7582721321 6532087.957977345 0 1 7 
6259 383853.8053293551 6532008.754083474 0 1 3 
6260 383914.852386578 6531929.550189602 0 1 7 
6261 383834.7323983542 6531870.757044285 0 1 3 
6262 388624.7440427849 6536677.128410292 0 1 6 
6263 388539.8396229252 6536624.296227976 0 1 7 
6264 388454.9352030655 6536571.46404566 0 1 7 
6265 388361.2626152828 6536540.33064678 0 1 7 
6266 388263.4893142137 6536519.345375801 0 1 7 
6267 388165.7160131446 6536498.360104823 0 1 6 
6268 388067.9427120755 6536477.374833844 0 1 6 
6269 387970.1694110064 6536456.389562865 0 1 6 
6270 387872.3961099373 6536435.404291887 0 1 7 
6271 387774.6228088682 6536414.419020908 0 1 7 
6272 387676.8495077991 6536393.433749929 0 1 7 
6273 387585.7366184041 6536352.30394075 0 1 6 
6274 387504.7072981434 6536295.640621177 0 1 7 
6275 387430.4068317218 6536228.711997334 0 1 7 
6276 387374.038008151 6536311.130560851 0 1 4 
6277 387317.6837172669 6536393.739240086 0 1 4 
6278 387261.3283697166 6536476.347198555 0 1 4 
6279 387204.9730221662 6536558.955157025 0 1 7 
6280 387148.6176746159 6536641.563115494 0 1 7 
6281 387092.2623270656 6536724.171073964 0 1 7 
6282 387035.9069795153 6536806.779032432 0 1 4 
6283 386979.551631965 6536889.386990902 0 1 4 
6284 386923.1962844146 6536971.994949372 0 1 4 
6285 386866.8409368643 6537054.602907841 0 1 4 
6286 386810.485589314 6537137.210866311 0 1 7 
6287 386754.1302417637 6537219.81882478 0 1 7 
6288 386697.7748942134 6537302.42678325 0 1 7 
6289 386641.419546663 6537385.034741718 0 1 4 
6290 386585.0641991127 6537467.642700188 0 1 4 
6291 386528.7088515623 6537550.250658657 0 1 4 
6292 386472.353504012 6537632.858617127 0 1 7 
6293 386415.9981564617 6537715.466575596 0 1 7 
6294 386359.6428089114 6537798.074534066 0 1 7 
6295 386303.287461361 6537880.682492536 0 1 7 
6296 386246.9321138107 6537963.290451004 0 1 4 
6297 386190.5767662604 6538045.898409474 0 1 4 
6298 386134.2214187101 6538128.506367943 0 1 4 
6299 386077.8660711598 6538211.114326413 0 1 7 
6300 386021.5107236094 6538293.722284882 0 1 7 
6301 385965.1553760591 6538376.330243352 0 1 7 
6302 385908.8000285088 6538458.93820182 0 1 4 
6303 385858.6701966167 6538545.311161649 0 1 7 
6304 385811.682011182 6538633.584093114 0 1 4 
6305 385764.6938257473 6538721.85702458 0 1 4 
6306 385717.7056403125 6538810.129956046 0 1 4 
6307 385670.7174548778 6538898.402887512 0 1 7 
6308 385623.7292694431 6538986.675818978 0 1 7 
6309 385593.4919816812 6539081.869717898 0 1 4 
6310 385564.4697632955 6539177.565646965 0 1 4 
6311 385535.4475449098 6539273.261576032 0 1 7 
6312 385506.4253265241 6539368.957505099 0 1 4 
6313 385477.4031081384 6539464.653434166 0 1 4 
6314 385448.3808897526 6539560.349363233 0 1 7 
6315 385419.3586713669 6539656.045292299 0 1 4 
6316 385390.3364529812 6539751.741221366 0 1 7 
6317 385364.7194305047 6539848.266975553 0 1 7 
6318 385346.4613916057 6539946.586068386 0 1 7 
6319 385328.2033527068 6540044.905161219 0 1 4 
6320 385309.9453138079 6540143.224254052 0 1 4 
6321 385291.6872749089 6540241.543346886 0 1 4 
6322 385273.4292360101 6540339.862439719 0 1 7 
6323 385261.050863479 6540439.00235224 0 1 7 
6324 385251.6843144137 6540538.56272467 0 1 7 
6325 385242.3177653483 6540638.123097101 0 1 4 
6326 385232.951216283 6540737.683469533 0 1 7 
6327 385223.5846672176 6540837.243841964 0 1 7 
6328 385214.2181181522 6540936.804214395 0 1 4 
6329 385204.8515690869 6541036.364586825 0 1 4 
6330 385195.4850200216 6541135.924959257 0 1 7 
6331 385186.1184709562 6541235.485331688 0 1 7 
6332 385176.7519218908 6541335.045704119 0 1 7 
6333 385167.3853728255 6541434.60607655 0 1 7 
6334 385158.0188237601 6541534.166448981 0 1 4 
6335 385150.9405668692 6541633.902821589 0 1 4 
6336 385144.9719746981 6541733.724542209 0 1 7 
6337 385139.003382527 6541833.546262829 0 1 4 
6338 385133.0347903559 6541933.367983448 0 1 4 
6339 385127.0661981849 6542033.189704068 0 1 7 
6340 385121.0976060138 6542133.011424688 0 1 4 
6341 385115.1290138427 6542232.833145307 0 1 4 
6342 385109.1604216716 6542332.654865928 0 1 4 
6343 385103.1918295006 6542432.476586548 0 1 7 
6344 385097.2232373295 6542532.298307167 0 1 7 
6345 385091.2546451584 6542632.120027787 0 1 4 
6346 385085.2860529874 6542731.941748407 0 1 7 
6347 385079.3174608163 6542831.763469026 0 1 4 
6348 385073.3488686452 6542931.585189646 0 1 4 
6349 385067.3802764742 6543031.406910266 0 1 7 
6350 385061.4116843031 6543131.228630885 0 1 4 
6351 385055.443092132 6543231.050351506 0 1 7 
6352 385049.4744999609 6543330.872072126 0 1 4 
6353 385043.5059077899 6543430.693792745 0 1 7 
6354 385037.5373156188 6543530.515513365 0 1 7 
6355 385031.5687234477 6543630.337233985 0 1 4 
6356 385025.6001312766 6543730.158954605 0 1 7 
6357 385019.6315391056 6543829.980675224 0 1 4 
6358 385013.6629469345 6543929.802395844 0 1 4 
6359 385007.6943547634 6544029.624116465 0 1 7 
6360 385001.7257625923 6544129.445837084 0 1 7 
6361 384995.7571704212 6544229.267557704 0 1 7 
6362 384989.7885782502 6544329.089278324 0 1 4 
6363 384983.8199860791 6544428.910998943 0 1 7 
6364 384977.851393908 6544528.732719563 0 1 7 
6365 384971.8828017369 6544628.554440183 0 1 4 
6366 384965.9142095659 6544728.376160802 0 1 7 
6367 384959.9456173948 6544828.197881422 0 1 4 
6368 384953.9770252237 6544928.019602043 0 1 7 
6369 384948.0084330526 6545027.841322662 0 1 4 
6370 384945.4691577883 6545127.789079963 0 1 4 
6371 384944.0941081424 6545227.779625709 0 1 7 
6372 384942.7190584965 6545327.770171454 0 1 4 
6373 384941.3440088507 6545427.7607172 0 1 7 
6374 384939.9689592048 6545527.751262945 0 1 4 
6375 384938.5939095589 6545627.741808691 0 1 4 
6376 384937.2188599131 6545727.732354436 0 1 7 
6377 384935.8438102672 6545827.722900182 0 1 4 
6378 384934.4687606213 6545927.713445927 0 1 4 
6379 384933.0937109754 6546027.703991673 0 1 7 
6380 384931.7186613295 6546127.694537418 0 1 4 
6381 384930.3436116837 6546227.685083163 0 1 7 
6382 384928.9685620378 6546327.675628909 0 1 7 
6383 384927.5935123919 6546427.666174654 0 1 4 
6384 384926.2184627461 6546527.6567204 0 1 7 
6385 384924.8434131002 6546627.647266145 0 1 4 
6386 384923.4683634543 6546727.637811891 0 1 7 
6387 384922.0933138084 6546827.628357636 0 1 7 
6388 384920.7182641625 6546927.618903382 0 1 4 
6389 384922.8517311527 6547013.544761757 0 1 7 
6390 384968.6017360349 6546924.623802174 0 1 7 
6391 385014.351740917 6546835.70284259 0 1 7 
6392 385060.1017457992 6546746.781883007 0 1 6 
6393 385105.8517506813 6546657.860923423 0 1 6 
6394 385157.5044506838 6546573.043848464 0 1 7 
6395 385224.9249935498 6546499.189462002 0 1 7 
6396 385294.8705113077 6546427.884633677 0 1 7 
6397 385369.3746448666 6546361.182803998 0 1 6 
6398 385443.8787784255 6546294.480974318 0 1 7 
6399 385518.3829119845 6546227.779144638 0 1 6 
6400 385592.8870455433 6546161.077314958 0 1 7 
6401 385667.3911791023 6546094.375485278 0 1 7 
6402 385741.8953126612 6546027.673655598 0 1 6 
6403 385816.3994462201 6545960.971825918 0 1 7 
6404 385847.6403984639 6545872.613807764 0 1 7 
6405 385856.3899861673 6545772.997319596 0 1 3 
6406 385865.1395738706 6545673.380831427 0 1 3 
6407 385873.889161574 6545573.764343259 0 1 3 
6408 385882.6387492773 6545474.14785509 0 1 3 
6409 385891.3883369807 6545374.531366922 0 1 3 
6410 385900.137924684 6545274.914878753 0 1 7 
6411 385908.8875123874 6545175.298390585 0 1 3 
6412 385917.6371000908 6545075.681902416 0 1 3 
6413 385924.1357830457 6544976.000688829 0 1 3 
6414 385921.1249216247 6544876.046025539 0 1 7 
6415 385918.1140602038 6544776.091362248 0 1 3 
6416 385915.1031987828 6544676.136698958 0 1 7 
6417 385912.0923373618 6544576.182035668 0 1 7 
6418 385909.0814759409 6544476.227372377 0 1 3 
6419 385906.0706145199 6544376.272709087 0 1 3 
6420 385903.1446241428 6544276.318159884 0 1 3 
6421 385906.4242006541 6544176.371952462 0 1 3 
6422 385909.7037771653 6544076.425745041 0 1 7 
6423 385912.9833536766 6543976.479537619 0 1 7 
6424 385916.2629301879 6543876.533330198 0 1 3 
6425 385919.5425066992 6543776.587122777 0 1 7 
6426 385922.8220832105 6543676.640915356 0 1 3 
6427 385926.1016597218 6543576.694707935 0 1 3 
6428 385929.381236233 6543476.748500513 0 1 7 
6429 385932.6608127443 6543376.802293092 0 1 3 
6430 385935.9403892556 6543276.85608567 0 1 3 
6431 385939.2199657668 6543176.909878249 0 1 7 
6432 385942.4995422781 6543076.963670827 0 1 7 
6433 385945.7791187894 6542977.017463407 0 1 3 
6434 385949.0586953007 6542877.071255985 0 1 7 
6435 385952.338271812 6542777.125048564 0 1 3 
6436 385955.6178483233 6542677.178841142 0 1 3 
6437 385958.8974248345 6542577.232633721 0 1 7 
6438 385962.1770013458 6542477.2864263 0 1 3 
6439 385965.4565778571 6542377.340218878 0 1 3 
6440 385968.7361543683 6542277.394011457 0 1 7 
6441 385972.0157308796 6542177.447804036 0 1 7 
6442 385975.2953073909 6542077.501596615 0 1 3 
6443 385978.5748839022 6541977.555389193 0 1 7 
6444 385981.8544604135 6541877.609181772 0 1 3 
6445 385985.1340369247 6541777.66297435 0 1 3 
6446 385988.413613436 6541677.716766929 0 1 7 
6447 385991.6931899473 6541577.770559507 0 1 7 
6448 385994.9727664586 6541477.824352087 0 1 3 
6449 385998.2523429698 6541377.878144666 0 1 7 
6450 386002.6071866325 6541278.009507175 0 1 7 
6451 386013.7071794539 6541178.627465743 0 1 3 
6452 386024.8071722753 6541079.24542431 0 1 3 
6453 386035.9071650967 6540979.863382877 0 1 3 
6454 386047.0071579181 6540880.481341444 0 1 3 
6455 386058.1071507395 6540781.099300011 0 1 3 
6456 386069.2071435609 6540681.717258578 0 1 3 
6457 386086.8620215267 6540583.452933867 0 1 3 
6458 386109.3242371311 6540486.008340019 0 1 3 
6459 386131.7864527355 6540388.563746171 0 1 3 
6460 386154.2486683399 6540291.119152323 0 1 3 
6461 386176.7108839442 6540193.674558476 0 1 3 
6462 386199.1730995486 6540096.229964628 0 1 3 
6463 386228.8365026531 6540000.976142977 0 1 3 
6464 386264.4472780875 6539907.531653183 0 1 3 
6465 386300.0580535219 6539814.087163388 0 1 7 
6466 386335.6688289563 6539720.642673593 0 1 7 
6467 386371.2796043906 6539627.198183799 0 1 3 
6468 386406.890379825 6539533.753694004 0 1 3 
6469 386442.5011552594 6539440.30920421 0 1 7 
6470 386478.1119306937 6539346.864714415 0 1 7 
6471 386513.7227061281 6539253.420224621 0 1 3 
6472 386549.3334815625 6539159.975734826 0 1 3 
6473 386585.9878261947 6539066.987268025 0 1 7 
6474 386630.3696588821 6538977.375589505 0 1 3 
6475 386674.7514915696 6538887.763910984 0 1 7 
6476 386719.133324257 6538798.152232463 0 1 3 
6477 386763.5151569445 6538708.540553942 0 1 3 
6478 386807.8969896319 6538618.928875421 0 1 7 
6479 386852.2788223193 6538529.317196901 0 1 3 
6480 386902.9135934823 6538443.135075253 0 1 7 
6481 386954.6255603158 6538357.543764443 0 1 7 
6482 387006.3375271492 6538271.952453633 0 1 7 
6483 387058.0494939827 6538186.361142823 0 1 7 
6484 387109.7614608161 6538100.769832012 0 1 7 
6485 387161.4734276496 6538015.178521202 0 1 7 
6486 387213.185394483 6537929.587210392 0 1 7 
6487 387288.2013535327 6537863.995977281 0 1 7 
6488 387364.956836187 6537799.897647486 0 1 7 
6489 387441.7123188414 6537735.799317691 0 1 3 
6490 387518.4678014957 6537671.700987896 0 1 7 
6491 387595.22328415 6537607.602658101 0 1 3 
6492 387671.9770525963 6537543.502275684 0 1 3 
6493 387748.7300553903 6537479.40097646 0 1 3 
6494 387832.3992147679 6537426.827090023 0 1 6 
6495 387927.0863949899 6537398.791726923 0 1 6 
6496 388027.0397109584 6537395.736464757 0 1 7 
6497 388127.014839472 6537394.312755598 0 1 7 
6498 388227.0141096289 6537394.694813298 0 1 7 
6499 388327.0133797858 6537395.076870998 0 1 3 
6500 388427.0126499427 6537395.458928698 0 1 7 
6501 388527.0119200996 6537395.840986398 0 1 3 
6502 388627.0112005306 6537396.220345352 0 1 7 
6503 388640.6377158934 6537308.973912796 0 1 7 
6504 388641.6985799666 6537208.979540117 0 1 7 
6505 388642.7594440397 6537108.985167438 0 1 7 
6506 388643.8203081128 6537008.99079476 0 1 7 
6507 388644.8811721859 6536908.996422081 0 1 7 
6508 388645.942036259 6536809.002049402 0 1 7 
6509 388647.0029003322 6536709.007676723 0 1 7 
6510 379065.6507472079 6527229.472937751 0 2 8 1 
6511 378106.9515998868 6529528.003496038 0 2 8 1 
6512 377785.7871412625 6530096.040870471 0 2 8 1 
6513 377467.1415206144 6530708.519560228 0 2 8 1 
6514 377197.2970955918 6531296.093247685 0 2 8 1 
6515 376977.2232455328 6531760.109015868 0 2 3 1 
6516 375411.0710024818 6534604.624805484 0 2 3 1 
6517 375012.2897689042 6535673.131274172 0 2 8 1 
6518 374329.8330129352 6536799.638313578 0 2 8 1 
6519 373610.8117475415 6538134.220225101 0 2 8 1 
6520 372790.0393456396 6539389.627970371 0 2 8 1 
6521 372457.9631518577 6539874.270052023 0 2 8 1 
6522 372092.6975977828 6540396.771501409 0 2 8 1 
6523 371156.0232501278 6541417.201189061 0 2 8 1 
6524 378850.749822141 6527883.891157976 0 2 5 1 
6525 378644.6582700499 6528339.441673459 0 2 5 1 
6526 378438.5667179588 6528794.992188943 0 2 8 1 
6527 378232.4751658678 6529250.542704425 0 2 5 1 
6528 377983.9082931171 6529745.627816047 0 2 8 1 
6529 377670.4042944466 6530317.821840486 0 2 5 1 
6530 377362.8053851127 6530935.706643551 0 2 8 1 
6531 377090.1654268423 6531521.975530192 0 2 5 1 
6532 376856.6449425882 6531979.108725592 0 2 5 1 
6533 376736.0666396436 6532198.108435315 0 2 5 1 
6534 376615.488336699 6532417.108145039 0 2 5 1 
6535 376494.9100337544 6532636.107854762 0 2 5 1 
6536 376374.3317308098 6532855.107564486 0 2 5 1 
6537 376253.7534278652 6533074.107274209 0 2 5 1 
6538 376133.1751249205 6533293.106983933 0 2 5 1 
6539 376012.5968219759 6533512.106693656 0 2 5 1 
6540 375892.0185190313 6533731.10640338 0 2 5 1 
6541 375771.4402160867 6533950.106113103 0 2 5 1 
6542 375650.861913142 6534169.105822827 0 2 5 1 
6543 375323.657058039 6534838.844365548 0 2 5 1 
6544 375236.2431135962 6535073.063925614 0 2 3 1 
6545 375148.8291691535 6535307.283485678 0 2 5 1 
6546 374882.7524873971 6535886.953847115 0 2 8 1 
6547 374753.21520589 6536100.776420057 0 2 5 1 
6548 374623.677924383 6536314.598993 0 2 8 1 
6549 374494.1406428759 6536528.421565942 0 2 8 1 
6550 374211.2568919613 6537019.728530386 0 2 5 1 
6551 374092.6807709874 6537239.818747195 0 2 8 1 
6552 373974.1046500134 6537459.908964003 0 2 5 1 
6553 373855.5285290395 6537679.999180812 0 2 8 1 
6554 373736.9524080656 6537900.08939762 0 2 5 1 
6555 373474.0077113524 6538343.468058262 0 2 8 1 
6556 373337.2036751634 6538552.715891423 0 2 8 1 
6557 373200.3996389743 6538761.963724583 0 2 8 1 
6558 373063.5956027853 6538971.211557743 0 2 5 1 
6559 372648.729568739 6539595.859750057 0 2 5 1 
6560 372314.7253600244 6540079.167428753 0 2 8 1 
6561 371923.6408974488 6540580.944876445 0 2 5 1 
6562 371754.5841971147 6540765.118251481 0 2 8 1 
6563 371585.5274967807 6540949.291626517 0 2 5 1 
6564 371416.4707964466 6541133.465001553 0 2 8 1 
6565 371003.8694594558 6541615.567577302 0 2 5 1 
6566 370851.7156687837 6541813.933965544 0 2 5 1 
6567 370699.5618781117 6542012.300353786 0 2 5 1 
6568 370547.4080874396 6542210.666742029 0 2 8 1 
6569 370190.4274731277 6542655.324192444 0 2 5 1 
6570 388745.4936650225 6527437.452654777 0 2 6 1 
6571 388266.3088233058 6528433.010060038 0 2 6 1 
6572 387679.4029679766 6529428.026803358 0 2 3 1 
6573 387437.6081333249 6529775.033629167 0 2 4 1 
6574 387037.9898862141 6530348.037445594 0 2 4 1 
6575 386164.7003299822 6531434.557012441 0 2 4 1 
6576 385628.7585511098 6532003.51781776 0 2 3 1 
6577 385410.6193557881 6532235.071519414 0 2 4 1 
6578 383443.099228344 6534539.599881388 0 2 4 1 
6579 382480.6063097906 6535709.199928397 0 2 4 1 
6580 381931.6440307784 6536376.12611914 0 2 4 1 
6581 380975.4995459341 6537684.622802271 0 2 4 1 
6582 380924.7702642345 6537767.752058987 0 2 4 1 
6583 378477.8315191921 6541775.688153136 0 2 4 1 
6584 377342.8851751123 6543902.678525195 0 2 4 1 
6585 376979.7185323903 6544659.690935146 0 2 4 1 
6586 376196.133121243 6546292.680997144 0 2 4 1 
6587 375654.3478365935 6547496.179510033 0 2 4 1 
6588 375550.3505527308 6547752.151241075 0 2 2 1 
6589 388641.4289002073 6527664.764169496 0 2 6 1 
6590 388537.3641353921 6527892.075684216 0 2 6 1 
6591 388139.2963339792 6528648.341960961 0 2 3 1 
6592 388012.2838446525 6528863.673861885 0 2 3 1 
6593 387885.2713553259 6529079.005762807 0 2 3 1 
6594 387294.5992889704 6529980.090866143 0 2 3 1 
6595 386881.3710259801 6530542.897735594 0 2 3 1 
6596 386724.7521657461 6530737.758025594 0 2 3 1 
6597 386568.133305512 6530932.618315594 0 2 3 1 
6598 386411.514445278 6531127.478605594 0 2 3 1 
6599 385993.2829741609 6531616.535280713 0 2 4 1 
6600 385821.8656183397 6531798.513548984 0 2 4 1 
6601 385248.2923158215 6532425.20287426 0 2 9 1 
6602 385085.965275855 6532615.334229107 0 2 4 1 
6603 384923.6382358884 6532805.465583953 0 2 4 1 
6604 384761.3111959218 6532995.596938799 0 2 9 1 
6605 384598.9841559552 6533185.728293645 0 2 9 1 
6606 384436.6571159887 6533375.859648492 0 2 4 1 
6607 384274.3300760221 6533565.991003338 0 2 4 1 
6608 384112.0030360555 6533756.122358184 0 2 9 1 
6609 383949.6759960889 6533946.25371303 0 2 9 1 
6610 383787.3489561224 6534136.385067877 0 2 4 1 
6611 383625.0219161558 6534326.516422723 0 2 4 1 
6612 383284.2419693165 6534732.639699183 0 2 4 1 
6613 383125.384710289 6534925.679516978 0 2 4 1 
6614 382966.5274512614 6535118.719334773 0 2 4 1 
6615 382807.6701922339 6535311.759152568 0 2 4 1 
6616 382648.8129332063 6535504.798970362 0 2 4 1 
6617 382321.726246725 6535902.220977924 0 2 4 1 
6618 382162.8461836593 6536095.24202745 0 2 4 1 
6619 381784.1463827507 6536577.978649038 0 2 4 1 
6620 381636.6487347229 6536779.831178936 0 2 4 1 
6621 381489.1510866951 6536981.683708834 0 2 9 1 
6622 381341.6534386673 6537183.536238732 0 2 9 1 
6623 381194.1557906395 6537385.38876863 0 2 9 1 
6624 380794.4990799081 6537981.128296029 0 2 4 1 
6625 380664.2278955816 6538194.50453307 0 2 4 1 
6626 380533.9567112552 6538407.880770112 0 2 4 1 
6627 380403.6855269288 6538621.257007155 0 2 4 1 
6628 380273.4143426024 6538834.633244197 0 2 4 1 
6629 380143.143158276 6539048.009481238 0 2 4 1 
6630 380012.8719739496 6539261.38571828 0 2 4 1 
6631 379882.6007896232 6539474.761955323 0 2 4 1 
6632 379752.3296052968 6539688.138192364 0 2 4 1 
6633 379622.0584209703 6539901.514429406 0 2 4 1 
6634 379491.787236644 6540114.890666449 0 2 4 1 
6635 379361.5160523175 6540328.266903491 0 2 4 1 
6636 379231.2448679911 6540541.643140532 0 2 4 1 
6637 379100.9736836647 6540755.019377574 0 2 4 1 
6638 378970.7024993383 6540968.395614617 0 2 4 1 
6639 378840.4313150119 6541181.771851658 0 2 4 1 
6640 378710.1601306855 6541395.1480887 0 2 4 1 
6641 378360.1399398387 6541996.252638375 0 2 9 1 
6642 378242.4483604853 6542216.817123616 0 2 4 1 
6643 378124.7567811318 6542437.381608856 0 2 9 1 
6644 378007.0652017784 6542657.946094097 0 2 4 1 
6645 377889.373622425 6542878.510579336 0 2 9 1 
6646 377771.6820430715 6543099.075064577 0 2 4 1 
6647 377653.9904637181 6543319.639549817 0 2 9 1 
6648 377536.2988843647 6543540.204035058 0 2 4 1 
6649 377234.7506443349 6544128.082436549 0 2 4 1 
6650 377126.6161135574 6544353.486347903 0 2 4 1 
6651 376871.5637908186 6544885.085149525 0 2 4 1 
6652 376763.409049247 6545110.479363904 0 2 4 1 
6653 376655.2543076753 6545335.873578283 0 2 4 1 
6654 376547.0995661037 6545561.267792663 0 2 4 1 
6655 376438.9448245321 6545786.662007041 0 2 4 1 
6656 376330.7900829605 6546012.056221421 0 2 4 1 
6657 376093.508723349 6546520.646417674 0 2 4 1 
6658 375990.884325455 6546748.611838202 0 2 9 1 
6659 375888.259927561 6546976.577258731 0 2 4 1 
6660 375785.6355296671 6547204.54267926 0 2 9 1 
6661 378440.3158591132 6538701.407331805 0 2 9 1 
6662 378466.9664278779 6538659.775805782 0 2 9 1 
6663 378493.1140001407 6538616.734566698 0 2 9 1 
6664 378520.6633659347 6538571.16384249 0 2 9 1 
6665 378549.4743459074 6538530.422135346 0 2 9 1 
6666 378573.0821981268 6538497.29887749 0 2 9 1 
6667 378608.3744117098 6538449.058696637 0 2 9 1 
6668 378629.4425438875 6538420.244561672 0 2 9 1 
6669 378653.5616384562 6538388.011122695 0 2 9 1 
6670 378678.1919753645 6538355.007840416 0 2 9 1 
6671 378693.2818704279 6538332.40244168 0 2 9 1 
6672 378704.4632352923 6538312.866418183 0 2 9 1 
6673 378736.3169318116 6538254.598278493 0 2 9 1 
6674 378753.2044209277 6538229.463394627 0 2 9 1 
6675 378785.0663632855 6538184.532540171 0 2 9 1 
6676 378823.1456722459 6538130.713494884 0 2 9 1 
6677 378849.1695568433 6538096.190521935 0 2 9 1 
6678 378882.8043557284 6538053.669177032 0 2 9 1 
6679 378904.8949725982 6538024.355143816 0 2 9 1 
6680 378930.2839271858 6537991.601810664 0 2 9 1 
6681 378967.7365519771 6537946.550980628 0 2 9 1 
6682 378994.6427419168 6537913.797647474 0 2 9 1 
6683 379019.6523876639 6537882.833950046 0 2 9 1 
6684 379047.5810622954 6537846.66131288 0 2 9 1 
6685 379063.9573090671 6537823.815962987 0 2 9 1 
6686 379073.0937045498 6537811.378494598 0 2 9 1 
6687 379085.9159924306 6537796.901441361 0 2 9 1 
6688 379086.5839058168 6537794.181994895 0 2 9 1 
6689 379101.4264255493 6537774.865926623 0 2 9 1 
6690 379115.699982027 6537756.819599902 0 2 9 1 
6691 379138.1946452679 6537734.744093306 0 2 9 1 
6692 379143.6698858781 6537728.945273641 0 2 9 1 
6693 379148.6916050552 6537723.636354255 0 2 9 1 
6694 379208.2266008722 6537657.619791735 0 2 9 1 
6695 379237.3179395479 6537626.946035291 0 2 9 1 
6696 379279.33876208 6537580.955396552 0 2 9 1 
6697 379319.2568943166 6537535.014747638 0 2 9 1 
6698 379350.4509232902 6537498.532173559 0 2 9 1 
6699 379372.442590026 6537473.997167591 0 2 9 1 
6700 379384.9680275152 6537463.379328819 0 2 9 1 
6701 379396.0999173151 6537453.151410683 0 2 9 1 
6702 379414.1995455424 6537437.664562985 0 2 9 1 
6703 379426.9806042002 6537426.916750671 0 2 9 1 
6704 379444.6926777516 6537411.189951817 0 2 9 1 
6705 379463.7982989837 6537393.023649516 0 2 9 1 
6706 379482.5163655372 6537374.997318722 0 2 9 1 
6707 379504.1369692788 6537352.761844685 0 2 9 1 
6708 379515.7636097377 6537339.47454928 0 2 9 1 
6709 379532.7005739216 6537320.058501361 0 2 9 1 
6710 379548.6315451023 6537303.571857167 0 2 9 1 
6711 379562.2866632542 6537288.614901613 0 2 9 1 
6712 379579.7266239423 6537269.198853691 0 2 9 1 
6713 379589.6216370952 6537258.011130922 0 2 9 1 
6714 379606.9956310276 6537240.474700412 0 2 9 1 
6715 379612.347183976 6537235.19577492 0 2 9 1 
6716 379630.4220746743 6537215.269830788 0 2 9 1 
6717 379647.7383476918 6537195.843784904 0 2 9 1 
6718 379659.3649881519 6537182.436513917 0 2 9 1 
6719 379670.1010774273 6537170.548933598 0 2 9 1 
6720 379682.1070267209 6537157.131664643 0 2 9 1 
6721 379700.181917418 6537137.07574697 0 2 9 1 
6722 379711.1818737123 6537125.188166652 0 2 9 1 
6723 379726.222293705 6537108.07165067 0 2 9 1 
6724 379740.6195378456 6537090.065315806 0 2 9 1 
6725 379758.6861826994 6537068.479709497 0 2 9 1 
6726 379770.0572019833 6537054.682517873 0 2 9 1 
6727 379785.4686849723 6537035.656390587 0 2 9 1 
6728 379802.0098486295 6537013.690861607 0 2 9 1 
6729 379813.2489344071 6536999.513747316 0 2 9 1 
6730 379827.2668697081 6536981.25746333 0 2 9 1 
6731 379841.2683133228 6536960.83162095 0 2 9 1 
6732 379857.1663011279 6536937.096452177 0 2 9 1 
6733 379865.8739127028 6536923.949128276 0 2 9 1 
6734 379877.2201944533 6536905.452893132 0 2 9 1 
6735 379890.4630203955 6536884.907075171 0 2 9 1 
6736 379905.0993940195 6536863.46144037 0 2 9 1 
6737 379917.5918481305 6536845.465103474 0 2 9 1 
6738 379927.3136985542 6536832.317779573 0 2 9 1 
6739 379943.5909951963 6536808.322663708 0 2 9 1 
6740 379956.2153828102 6536791.59606836 0 2 9 1 
6741 379968.0811527522 6536774.999446553 0 2 9 1 
6742 379977.6710696694 6536762.23204532 0 2 9 1 
6743 379989.4049061041 6536744.625629053 0 2 9 1 
6744 379999.1185106856 6536730.198565641 0 2 9 1 
6745 380009.8381082672 6536713.102045589 0 2 9 1 
6746 380016.6409298148 6536700.984512078 0 2 9 1 
6747 380025.4639832089 6536686.697420174 0 2 9 1 
6748 380029.6281345776 6536680.43869412 0 2 9 1 
6749 380051.2652300117 6536643.836144462 0 2 9 1 
6750 380099.9322030491 6536566.341918189 0 2 3 1 
6751 380151.0399459923 6536485.558361446 0 2 3 1 
6752 380182.9761009519 6536435.978453294 0 2 3 1 
6753 385479.9607209787 6531544.557353766 0 2 3 1 
6754 385247.0680718772 6531102.563526081 0 2 3 1 
6755 385074.2149004914 6530890.053490556 0 2 3 1 
6756 384918.9322844289 6530656.836326531 0 2 3 1 
6757 384752.3377958023 6530520.159866445 0 2 3 1 
6758 384622.0256400648 6530423.999121958 0 2 3 1 
6759 384374.5232885049 6530293.13462614 0 2 3 1 
6760 384331.9344820683 6530272.156067453 0 2 3 1 
6761 384143.2650097845 6530268.58854604 0 2 3 1 
6762 383880.936016941 6530297.617733473 0 2 3 1 
6763 383625.5527543374 6530354.196077855 0 2 3 1 
6764 383399.7151991307 6530430.129988711 0 2 3 1 
6765 382968.6108390373 6530705.293528808 0 2 3 1 
6766 382457.5317476455 6531062.533608482 0 2 3 1 
6767 382238.6223735745 6531203.571860465 0 2 3 1 
6768 381875.177301815 6531385.063147338 0 2 8 1 
6769 381155.8675226768 6531853.079130514 0 2 8 1 
6770 381044.6179307165 6531907.080729572 0 2 8 1 
6771 380921.8371591375 6531990.072640898 0 2 8 1 
6772 379167.2397441274 6533032.585277222 0 2 8 1 
6773 379018.0420987211 6533057.085524371 0 2 8 1 
6774 378399.5586894766 6533388.098168159 0 2 8 1 
6775 377962.7092993662 6533510.612025047 0 2 8 1 
6776 377942.5942031126 6533561.112513939 0 2 8 1 
6777 377888.7714177991 6533617.11653054 0 2 8 1 
6778 377504.7419452785 6534410.130181094 0 2 8 1 
6779 377405.2761642616 6534458.744625784 0 2 8 1 
6780 376679.0824063327 6534813.634078622 0 2 8 1 
6781 376343.5608152291 6534931.12712946 0 2 8 1 
6782 383188.9825505179 6530564.63556781 0 2 3 1 
6783 382763.7058496806 6530848.52043039 0 2 3 1 
6784 381665.6282686636 6531521.405373759 0 2 3 1 
6785 381456.0792355122 6531657.747600179 0 2 3 1 
6786 380706.9122221844 6532117.772568367 0 2 3 1 
6787 380491.9872852312 6532245.472495836 0 2 3 1 
6788 380277.0623482781 6532373.172423306 0 2 3 1 
6789 380062.137411325 6532500.872350776 0 2 3 1 
6790 379847.2124743719 6532628.572278245 0 2 3 1 
6791 379632.2875374188 6532756.272205714 0 2 3 1 
6792 379417.3626004657 6532883.972133184 0 2 3 1 
6793 378797.6249862924 6533175.052878112 0 2 3 1 
6794 377779.8091871173 6533842.121491118 0 2 3 1 
6795 377670.8469564355 6534067.126451697 0 2 8 1 
6796 377180.6631605752 6534568.512556323 0 2 8 1 
6797 376956.0501568887 6534678.280486863 0 2 8 1 
6798 376125.1894670091 6535052.839718277 0 2 3 1 
6799 375906.8181187892 6535174.552307094 0 2 8 1 
6800 375688.4467705692 6535296.264895911 0 2 3 1 
6801 375470.0754223492 6535417.977484729 0 2 8 1 
6802 375251.7040741292 6535539.690073546 0 2 8 1 
6803 370136.5875153692 6530281.659194521 0 2 5 1 
6804 371585.4437833323 6527592.26018273 0 2 5 1 
6805 371804.2216628033 6527142.997755527 0 2 3 1 
6806 370259.5306899851 6530063.978290867 0 2 3 1 
6807 370382.473864601 6529846.297387213 0 2 3 1 
6808 370505.4170392168 6529628.616483561 0 2 5 1 
6809 370628.3602138327 6529410.935579907 0 2 5 1 
6810 370751.3033884486 6529193.254676254 0 2 5 1 
6811 370874.2465630645 6528975.5737726 0 2 3 1 
6812 370997.1897376803 6528757.892868946 0 2 3 1 
6813 371255.938283396 6528268.815523083 0 2 5 1 
6814 371365.4042235187 6528044.055188608 0 2 5 1 
6815 371474.8701636415 6527819.294854134 0 2 5 1 
$EndEntities
