$MeshFormat
4.1 0 8
$EndMeshFormat
$PhysicalNames
9
1 1 "fault_1"
2 2 "material-id:2"
2 3 "material-id:3"
2 4 "material-id:4"
2 5 "material-id:5"
2 6 "material-id:6"
2 7 "material-id:7"
2 8 "material-id:8"
2 9 "material-id:9"
$EndPhysicalNames
$Entities
0 1 8 0
1 378440.3158591132 6528433.010060038 0 388266.3088233058 6538701.407331805 0 1 1 0
2 375519.562606412 6547688.031268393 0 381958.2304952031 6547825.602175548 0 1 2 0
3 369921.1221767564 6527122.911573872 0 388746.5629162564 6547900.913680389 0 1 3 0
4 370566.704843184 6529759.700858775 0 387898.7845487205 6547860.854854 0 1 4 0
5 369979.1212083778 6527122.911573872 0 387146.6583544902 6543002.281819241 0 1 5 0
6 370843.7490926677 6527335.826900691 0 388746.5629162564 6547900.913680389 0 1 6 0
7 380833.4806303586 6528764.335920053 0 388651.3445590439 6547079.978479535 0 1 7 0
8 369953.4583835688 6527122.911573872 0 384446.8194065097 6545075.405372565 0 1 8 0
9 370595.6543538861 6527301.968111713 0 386833.4806303586 6547825.602175548 0 1 9 0
$EndEntities
$Nodes
1 6815 1 6815
2 1 0 6815
1
2
3
4
5
6
7
8
9
10
11
12
13
14
15
16
17
18
19
20
21
22
23
24
25
26
27
28
29
30
31
32
33
34
35
36
37
38
39
40
41
42
43
44
45
46
47
48
49
50
51
52
53
54
55
56
57
58
59
60
61
62
63
64
65
66
67
68
69
70
71
72
73
74
75
76
77
78
79
80
81
82
83
84
85
86
87
88
89
90
91
92
93
94
95
96
97
98
99
100
101
102
103
104
105
106
107
108
109
110
111
112
113
114
115
116
117
118
119
120
121
122
123
124
125
126
127
128
129
130
131
132
133
134
135
136
137
138
139
140
141
142
143
144
145
146
147
148
149
150
151
152
153
154
155
156
157
158
159
160
161
162
163
164
165
166
167
168
169
170
171
172
173
174
175
176
177
178
179
180
181
182
183
184
185
186
187
188
189
190
191
192
193
194
195
196
197
198
199
200
201
202
203
204
205
206
207
208
209
210
211
212
213
214
215
216
217
218
219
220
221
222
223
224
225
226
227
228
229
230
231
232
233
234
235
236
237
238
239
240
241
242
243
244
245
246
247
248
249
250
251
252
253
254
255
256
257
258
259
260
261
262
263
264
265
266
267
268
269
270
271
272
273
274
275
276
277
278
279
280
281
282
283
284
285
286
287
288
289
290
291
292
293
294
295
296
297
298
299
300
301
302
303
304
305
306
307
308
309
310
311
312
313
314
315
316
317
318
319
320
321
322
323
324
325
326
327
328
329
330
331
332
333
334
335
336
337
338
339
340
341
342
343
344
345
346
347
348
349
350
351
352
353
354
355
356
357
358
359
360
361
362
363
364
365
366
367
368
369
370
371
372
373
374
375
376
377
378
379
380
381
382
383
384
385
386
387
388
389
390
391
392
393
394
395
396
397
398
399
400
401
402
403
404
405
406
407
408
409
410
411
412
413
414
415
416
417
418
419
420
421
422
423
424
425
426
427
428
429
430
431
432
433
434
435
436
437
438
439
440
441
442
443
444
445
446
447
448
449
450
451
452
453
454
455
456
457
458
459
460
461
462
463
464
465
466
467
468
469
470
471
472
473
474
475
476
477
478
479
480
481
482
483
484
485
486
487
488
489
490
491
492
493
494
495
496
497
498
499
500
501
502
503
504
505
506
507
508
509
510
511
512
513
514
515
516
517
518
519
520
521
522
523
524
525
526
527
528
529
530
531
532
533
534
535
536
537
538
539
540
541
542
543
544
545
546
547
548
549
550
551
552
553
554
555
556
557
558
559
560
561
562
563
564
565
566
567
568
569
570
571
572
573
574
575
576
577
578
579
580
581
582
583
584
585
586
587
588
589
590
591
592
593
594
595
596
597
598
599
600
601
602
603
604
605
606
607
608
609
610
611
612
613
614
615
616
617
618
619
620
621
622
623
624
625
626
627
628
629
630
631
632
633
634
635
636
637
638
639
640
641
642
643
644
645
646
647
648
649
650
651
652
653
654
655
656
657
658
659
660
661
662
663
664
665
666
667
668
669
670
671
672
673
674
675
676
677
678
679
680
681
682
683
684
685
686
687
688
689
690
691
692
693
694
695
696
697
698
699
700
701
702
703
704
705
706
707
708
709
710
711
712
713
714
715
716
717
718
719
720
721
722
723
724
725
726
727
728
729
730
731
732
733
734
735
736
737
738
739
740
741
742
743
744
745
746
747
748
749
750
751
752
753
754
755
756
757
758
759
760
761
762
763
764
765
766
767
768
769
770
771
772
773
774
775
776
777
778
779
780
781
782
783
784
785
786
787
788
789
790
791
792
793
794
795
796
797
798
799
800
801
802
803
804
805
806
807
808
809
810
811
812
813
814
815
816
817
818
819
820
821
822
823
824
825
826
827
828
829
830
831
832
833
834
835
836
837
838
839
840
841
842
843
844
845
846
847
848
849
850
851
852
853
854
855
856
857
858
859
860
861
862
863
864
865
866
867
868
869
870
871
872
873
874
875
876
877
878
879
880
881
882
883
884
885
886
887
888
889
890
891
892
893
894
895
896
897
898
899
900
901
902
903
904
905
906
907
908
909
910
911
912
913
914
915
916
917
918
919
920
921
922
923
924
925
926
927
928
929
930
931
932
933
934
935
936
937
938
939
940
941
942
943
944
945
946
947
948
949
950
951
952
953
954
955
956
957
958
959
960
961
962
963
964
965
966
967
968
969
970
971
972
973
974
975
976
977
978
979
980
981
982
983
984
985
986
987
988
989
990
991
992
993
994
995
996
997
998
999
1000
1001
1002
1003
1004
1005
1006
1007
1008
1009
1010
1011
1012
1013
1014
1015
1016
1017
1018
1019
1020
1021
1022
1023
1024
1025
1026
1027
1028
1029
1030
1031
1032
1033
1034
1035
1036
1037
1038
1039
1040
1041
1042
1043
1044
1045
1046
1047
1048
1049
1050
1051
1052
1053
1054
1055
1056
1057
1058
1059
1060
1061
1062
1063
1064
1065
1066
1067
1068
1069
1070
1071
1072
1073
1074
1075
1076
1077
1078
1079
1080
1081
1082
1083
1084
1085
1086
1087
1088
1089
1090
1091
1092
1093
1094
1095
1096
1097
1098
1099
1100
1101
1102
1103
1104
1105
1106
1107
1108
1109
1110
1111
1112
1113
1114
1115
1116
1117
1118
1119
1120
1121
1122
1123
1124
1125
1126
1127
1128
1129
1130
1131
1132
1133
1134
1135
1136
1137
1138
1139
1140
1141
1142
1143
1144
1145
1146
1147
1148
1149
1150
1151
1152
1153
1154
1155
1156
1157
1158
1159
1160
1161
1162
1163
1164
1165
1166
1167
1168
1169
1170
1171
1172
1173
1174
1175
1176
1177
1178
1179
1180
1181
1182
1183
1184
1185
1186
1187
1188
1189
1190
1191
1192
1193
1194
1195
1196
1197
1198
1199
1200
1201
1202
1203
1204
1205
1206
1207
1208
1209
1210
1211
1212
1213
1214
1215
1216
1217
1218
1219
1220
1221
1222
1223
1224
1225
1226
1227
1228
1229
1230
1231
1232
1233
1234
1235
1236
1237
1238
1239
1240
1241
1242
1243
1244
1245
1246
1247
1248
1249
1250
1251
1252
1253
1254
1255
1256
1257
1258
1259
1260
1261
1262
1263
1264
1265
1266
1267
1268
1269
1270
1271
1272
1273
1274
1275
1276
1277
1278
1279
1280
1281
1282
1283
1284
1285
1286
1287
1288
1289
1290
1291
1292
1293
1294
1295
1296
1297
1298
1299
1300
1301
1302
1303
1304
1305
1306
1307
1308
1309
1310
1311
1312
1313
1314
1315
1316
1317
1318
1319
1320
1321
1322
1323
1324
1325
1326
1327
1328
1329
1330
1331
1332
1333
1334
1335
1336
1337
1338
1339
1340
1341
1342
1343
1344
1345
1346
1347
1348
1349
1350
1351
1352
1353
1354
1355
1356
1357
1358
1359
1360
1361
1362
1363
1364
1365
1366
1367
1368
1369
1370
1371
1372
1373
1374
1375
1376
1377
1378
1379
1380
1381
1382
1383
1384
1385
1386
1387
1388
1389
1390
1391
1392
1393
1394
1395
1396
1397
1398
1399
1400
1401
1402
1403
1404
1405
1406
1407
1408
1409
1410
1411
1412
1413
1414
1415
1416
1417
1418
1419
1420
1421
1422
1423
1424
1425
1426
1427
1428
1429
1430
1431
1432
1433
1434
1435
1436
1437
1438
1439
1440
1441
1442
1443
1444
1445
1446
1447
1448
1449
1450
1451
1452
1453
1454
1455
1456
1457
1458
1459
1460
1461
1462
1463
1464
1465
1466
1467
1468
1469
1470
1471
1472
1473
1474
1475
1476
1477
1478
1479
1480
1481
1482
1483
1484
1485
1486
1487
1488
1489
1490
1491
1492
1493
1494
1495
1496
1497
1498
1499
1500
1501
1502
1503
1504
1505
1506
1507
1508
1509
1510
1511
1512
1513
1514
1515
1516
1517
1518
1519
1520
1521
1522
1523
1524
1525
1526
1527
1528
1529
1530
1531
1532
1533
1534
1535
1536
1537
1538
1539
1540
1541
1542
1543
1544
1545
1546
1547
1548
1549
1550
1551
1552
1553
1554
1555
1556
1557
1558
1559
1560
1561
1562
1563
1564
1565
1566
1567
1568
1569
1570
1571
1572
1573
1574
1575
1576
1577
1578
1579
1580
1581
1582
1583
1584
1585
1586
1587
1588
1589
1590
1591
1592
1593
1594
1595
1596
1597
1598
1599
1600
1601
1602
1603
1604
1605
1606
1607
1608
1609
1610
1611
1612
1613
1614
1615
1616
1617
1618
1619
1620
1621
1622
1623
1624
1625
1626
1627
1628
1629
1630
1631
1632
1633
1634
1635
1636
1637
1638
1639
1640
1641
1642
1643
1644
1645
1646
1647
1648
1649
1650
1651
1652
1653
1654
1655
1656
1657
1658
1659
1660
1661
1662
1663
1664
1665
1666
1667
1668
1669
1670
1671
1672
1673
1674
1675
1676
1677
1678
1679
1680
1681
1682
1683
1684
1685
1686
1687
1688
1689
1690
1691
1692
1693
1694
1695
1696
1697
1698
1699
1700
1701
1702
1703
1704
1705
1706
1707
1708
1709
1710
1711
1712
1713
1714
1715
1716
1717
1718
1719
1720
1721
1722
1723
1724
1725
1726
1727
1728
1729
1730
1731
1732
1733
1734
1735
1736
1737
1738
1739
1740
1741
1742
1743
1744
1745
1746
1747
1748
1749
1750
1751
1752
1753
1754
1755
1756
1757
1758
1759
1760
1761
1762
1763
1764
1765
1766
1767
1768
1769
1770
1771
1772
1773
1774
1775
1776
1777
1778
1779
1780
1781
1782
1783
1784
1785
1786
1787
1788
1789
1790
1791
1792
1793
1794
1795
1796
1797
1798
1799
1800
1801
1802
1803
1804
1805
1806
1807
1808
1809
1810
1811
1812
1813
1814
1815
1816
1817
1818
1819
1820
1821
1822
1823
1824
1825
1826
1827
1828
1829
1830
1831
1832
1833
1834
1835
1836
1837
1838
1839
1840
1841
1842
1843
1844
1845
1846
1847
1848
1849
1850
1851
1852
1853
1854
1855
1856
1857
1858
1859
1860
1861
1862
1863
1864
1865
1866
1867
1868
1869
1870
1871
1872
1873
1874
1875
1876
1877
1878
1879
1880
1881
1882
1883
1884
1885
1886
1887
1888
1889
1890
1891
1892
1893
1894
1895
1896
1897
1898
1899
1900
1901
1902
1903
1904
1905
1906
1907
1908
1909
1910
1911
1912
1913
1914
1915
1916
1917
1918
1919
1920
1921
1922
1923
1924
1925
1926
1927
1928
1929
1930
1931
1932
1933
1934
1935
1936
1937
1938
1939
1940
1941
1942
1943
1944
1945
1946
1947
1948
1949
1950
1951
1952
1953
1954
1955
1956
1957
1958
1959
1960
1961
1962
1963
1964
1965
1966
1967
1968
1969
1970
1971
1972
1973
1974
1975
1976
1977
1978
1979
1980
1981
1982
1983
1984
1985
1986
1987
1988
1989
1990
1991
1992
1993
1994
1995
1996
1997
1998
1999
2000
2001
2002
2003
2004
2005
2006
2007
2008
2009
2010
2011
2012
2013
2014
2015
2016
2017
2018
2019
2020
2021
2022
2023
2024
2025
2026
2027
2028
2029
2030
2031
2032
2033
2034
2035
2036
2037
2038
2039
2040
2041
2042
2043
2044
2045
2046
2047
2048
2049
2050
2051
2052
2053
2054
2055
2056
2057
2058
2059
2060
2061
2062
2063
2064
2065
2066
2067
2068
2069
2070
2071
2072
2073
2074
2075
2076
2077
2078
2079
2080
2081
2082
2083
2084
2085
2086
2087
2088
2089
2090
2091
2092
2093
2094
2095
2096
2097
2098
2099
2100
2101
2102
2103
2104
2105
2106
2107
2108
2109
2110
2111
2112
2113
2114
2115
2116
2117
2118
2119
2120
2121
2122
2123
2124
2125
2126
2127
2128
2129
2130
2131
2132
2133
2134
2135
2136
2137
2138
2139
2140
2141
2142
2143
2144
2145
2146
2147
2148
2149
2150
2151
2152
2153
2154
2155
2156
2157
2158
2159
2160
2161
2162
2163
2164
2165
2166
2167
2168
2169
2170
2171
2172
2173
2174
2175
2176
2177
2178
2179
2180
2181
2182
2183
2184
2185
2186
2187
2188
2189
2190
2191
2192
2193
2194
2195
2196
2197
2198
2199
2200
2201
2202
2203
2204
2205
2206
2207
2208
2209
2210
2211
2212
2213
2214
2215
2216
2217
2218
2219
2220
2221
2222
2223
2224
2225
2226
2227
2228
2229
2230
2231
2232
2233
2234
2235
2236
2237
2238
2239
2240
2241
2242
2243
2244
2245
2246
2247
2248
2249
2250
2251
2252
2253
2254
2255
2256
2257
2258
2259
2260
2261
2262
2263
2264
2265
2266
2267
2268
2269
2270
2271
2272
2273
2274
2275
2276
2277
2278
2279
2280
2281
2282
2283
2284
2285
2286
2287
2288
2289
2290
2291
2292
2293
2294
2295
2296
2297
2298
2299
2300
2301
2302
2303
2304
2305
2306
2307
2308
2309
2310
2311
2312
2313
2314
2315
2316
2317
2318
2319
2320
2321
2322
2323
2324
2325
2326
2327
2328
2329
2330
2331
2332
2333
2334
2335
2336
2337
2338
2339
2340
2341
2342
2343
2344
2345
2346
2347
2348
2349
2350
2351
2352
2353
2354
2355
2356
2357
2358
2359
2360
2361
2362
2363
2364
2365
2366
2367
2368
2369
2370
2371
2372
2373
2374
2375
2376
2377
2378
2379
2380
2381
2382
2383
2384
2385
2386
2387
2388
2389
2390
2391
2392
2393
2394
2395
2396
2397
2398
2399
2400
2401
2402
2403
2404
2405
2406
2407
2408
2409
2410
2411
2412
2413
2414
2415
2416
2417
2418
2419
2420
2421
2422
2423
2424
2425
2426
2427
2428
2429
2430
2431
2432
2433
2434
2435
2436
2437
2438
2439
2440
2441
2442
2443
2444
2445
2446
2447
2448
2449
2450
2451
2452
2453
2454
2455
2456
2457
2458
2459
2460
2461
2462
2463
2464
2465
2466
2467
2468
2469
2470
2471
2472
2473
2474
2475
2476
2477
2478
2479
2480
2481
2482
2483
2484
2485
2486
2487
2488
2489
2490
2491
2492
2493
2494
2495
2496
2497
2498
2499
2500
2501
2502
2503
2504
2505
2506
2507
2508
2509
2510
2511
2512
2513
2514
2515
2516
2517
2518
2519
2520
2521
2522
2523
2524
2525
2526
2527
2528
2529
2530
2531
2532
2533
2534
2535
2536
2537
2538
2539
2540
2541
2542
2543
2544
2545
2546
2547
2548
2549
2550
2551
2552
2553
2554
2555
2556
2557
2558
2559
2560
2561
2562
2563
2564
2565
2566
2567
2568
2569
2570
2571
2572
2573
2574
2575
2576
2577
2578
2579
2580
2581
2582
2583
2584
2585
2586
2587
2588
2589
2590
2591
2592
2593
2594
2595
2596
2597
2598
2599
2600
2601
2602
2603
2604
2605
2606
2607
2608
2609
2610
2611
2612
2613
2614
2615
2616
2617
2618
2619
2620
2621
2622
2623
2624
2625
2626
2627
2628
2629
2630
2631
2632
2633
2634
2635
2636
2637
2638
2639
2640
2641
2642
2643
2644
2645
2646
2647
2648
2649
2650
2651
2652
2653
2654
2655
2656
2657
2658
2659
2660
2661
2662
2663
2664
2665
2666
2667
2668
2669
2670
2671
2672
2673
2674
2675
2676
2677
2678
2679
2680
2681
2682
2683
2684
2685
2686
2687
2688
2689
2690
2691
2692
2693
2694
2695
2696
2697
2698
2699
2700
2701
2702
2703
2704
2705
2706
2707
2708
2709
2710
2711
2712
2713
2714
2715
2716
2717
2718
2719
2720
2721
2722
2723
2724
2725
2726
2727
2728
2729
2730
2731
2732
2733
2734
2735
2736
2737
2738
2739
2740
2741
2742
2743
2744
2745
2746
2747
2748
2749
2750
2751
2752
2753
2754
2755
2756
2757
2758
2759
2760
2761
2762
2763
2764
2765
2766
2767
2768
2769
2770
2771
2772
2773
2774
2775
2776
2777
2778
2779
2780
2781
2782
2783
2784
2785
2786
2787
2788
2789
2790
2791
2792
2793
2794
2795
2796
2797
2798
2799
2800
2801
2802
2803
2804
2805
2806
2807
2808
2809
2810
2811
2812
2813
2814
2815
2816
2817
2818
2819
2820
2821
2822
2823
2824
2825
2826
2827
2828
2829
2830
2831
2832
2833
2834
2835
2836
2837
2838
2839
2840
2841
2842
2843
2844
2845
2846
2847
2848
2849
2850
2851
2852
2853
2854
2855
2856
2857
2858
2859
2860
2861
2862
2863
2864
2865
2866
2867
2868
2869
2870
2871
2872
2873
2874
2875
2876
2877
2878
2879
2880
2881
2882
2883
2884
2885
2886
2887
2888
2889
2890
2891
2892
2893
2894
2895
2896
2897
2898
2899
2900
2901
2902
2903
2904
2905
2906
2907
2908
2909
2910
2911
2912
2913
2914
2915
2916
2917
2918
2919
2920
2921
2922
2923
2924
2925
2926
2927
2928
2929
2930
2931
2932
2933
2934
2935
2936
2937
2938
2939
2940
2941
2942
2943
2944
2945
2946
2947
2948
2949
2950
2951
2952
2953
2954
2955
2956
2957
2958
2959
2960
2961
2962
2963
2964
2965
2966
2967
2968
2969
2970
2971
2972
2973
2974
2975
2976
2977
2978
2979
2980
2981
2982
2983
2984
2985
2986
2987
2988
2989
2990
2991
2992
2993
2994
2995
2996
2997
2998
2999
3000
3001
3002
3003
3004
3005
3006
3007
3008
3009
3010
3011
3012
3013
3014
3015
3016
3017
3018
3019
3020
3021
3022
3023
3024
3025
3026
3027
3028
3029
3030
3031
3032
3033
3034
3035
3036
3037
3038
3039
3040
3041
3042
3043
3044
3045
3046
3047
3048
3049
3050
3051
3052
3053
3054
3055
3056
3057
3058
3059
3060
3061
3062
3063
3064
3065
3066
3067
3068
3069
3070
3071
3072
3073
3074
3075
3076
3077
3078
3079
3080
3081
3082
3083
3084
3085
3086
3087
3088
3089
3090
3091
3092
3093
3094
3095
3096
3097
3098
3099
3100
3101
3102
3103
3104
3105
3106
3107
3108
3109
3110
3111
3112
3113
3114
3115
3116
3117
3118
3119
3120
3121
3122
3123
3124
3125
3126
3127
3128
3129
3130
3131
3132
3133
3134
3135
3136
3137
3138
3139
3140
3141
3142
3143
3144
3145
3146
3147
3148
3149
3150
3151
3152
3153
3154
3155
3156
3157
3158
3159
3160
3161
3162
3163
3164
3165
3166
3167
3168
3169
3170
3171
3172
3173
3174
3175
3176
3177
3178
3179
3180
3181
3182
3183
3184
3185
3186
3187
3188
3189
3190
3191
3192
3193
3194
3195
3196
3197
3198
3199
3200
3201
3202
3203
3204
3205
3206
3207
3208
3209
3210
3211
3212
3213
3214
3215
3216
3217
3218
3219
3220
3221
3222
3223
3224
3225
3226
3227
3228
3229
3230
3231
3232
3233
3234
3235
3236
3237
3238
3239
3240
3241
3242
3243
3244
3245
3246
3247
3248
3249
3250
3251
3252
3253
3254
3255
3256
3257
3258
3259
3260
3261
3262
3263
3264
3265
3266
3267
3268
3269
3270
3271
3272
3273
3274
3275
3276
3277
3278
3279
3280
3281
3282
3283
3284
3285
3286
3287
3288
3289
3290
3291
3292
3293
3294
3295
3296
3297
3298
3299
3300
3301
3302
3303
3304
3305
3306
3307
3308
3309
3310
3311
3312
3313
3314
3315
3316
3317
3318
3319
3320
3321
3322
3323
3324
3325
3326
3327
3328
3329
3330
3331
3332
3333
3334
3335
3336
3337
3338
3339
3340
3341
3342
3343
3344
3345
3346
3347
3348
3349
3350
3351
3352
3353
3354
3355
3356
3357
3358
3359
3360
3361
3362
3363
3364
3365
3366
3367
3368
3369
3370
3371
3372
3373
3374
3375
3376
3377
3378
3379
3380
3381
3382
3383
3384
3385
3386
3387
3388
3389
3390
3391
3392
3393
3394
3395
3396
3397
3398
3399
3400
3401
3402
3403
3404
3405
3406
3407
3408
3409
3410
3411
3412
3413
3414
3415
3416
3417
3418
3419
3420
3421
3422
3423
3424
3425
3426
3427
3428
3429
3430
3431
3432
3433
3434
3435
3436
3437
3438
3439
3440
3441
3442
3443
3444
3445
3446
3447
3448
3449
3450
3451
3452
3453
3454
3455
3456
3457
3458
3459
3460
3461
3462
3463
3464
3465
3466
3467
3468
3469
3470
3471
3472
3473
3474
3475
3476
3477
3478
3479
3480
3481
3482
3483
3484
3485
3486
3487
3488
3489
3490
3491
3492
3493
3494
3495
3496
3497
3498
3499
3500
3501
3502
3503
3504
3505
3506
3507
3508
3509
3510
3511
3512
3513
3514
3515
3516
3517
3518
3519
3520
3521
3522
3523
3524
3525
3526
3527
3528
3529
3530
3531
3532
3533
3534
3535
3536
3537
3538
3539
3540
3541
3542
3543
3544
3545
3546
3547
3548
3549
3550
3551
3552
3553
3554
3555
3556
3557
3558
3559
3560
3561
3562
3563
3564
3565
3566
3567
3568
3569
3570
3571
3572
3573
3574
3575
3576
3577
3578
3579
3580
3581
3582
3583
3584
3585
3586
3587
3588
3589
3590
3591
3592
3593
3594
3595
3596
3597
3598
3599
3600
3601
3602
3603
3604
3605
3606
3607
3608
3609
3610
3611
3612
3613
3614
3615
3616
3617
3618
3619
3620
3621
3622
3623
3624
3625
3626
3627
3628
3629
3630
3631
3632
3633
3634
3635
3636
3637
3638
3639
3640
3641
3642
3643
3644
3645
3646
3647
3648
3649
3650
3651
3652
3653
3654
3655
3656
3657
3658
3659
3660
3661
3662
3663
3664
3665
3666
3667
3668
3669
3670
3671
3672
3673
3674
3675
3676
3677
3678
3679
3680
3681
3682
3683
3684
3685
3686
3687
3688
3689
3690
3691
3692
3693
3694
3695
3696
3697
3698
3699
3700
3701
3702
3703
3704
3705
3706
3707
3708
3709
3710
3711
3712
3713
3714
3715
3716
3717
3718
3719
3720
3721
3722
3723
3724
3725
3726
3727
3728
3729
3730
3731
3732
3733
3734
3735
3736
3737
3738
3739
3740
3741
3742
3743
3744
3745
3746
3747
3748
3749
3750
3751
3752
3753
3754
3755
3756
3757
3758
3759
3760
3761
3762
3763
3764
3765
3766
3767
3768
3769
3770
3771
3772
3773
3774
3775
3776
3777
3778
3779
3780
3781
3782
3783
3784
3785
3786
3787
3788
3789
3790
3791
3792
3793
3794
3795
3796
3797
3798
3799
3800
3801
3802
3803
3804
3805
3806
3807
3808
3809
3810
3811
3812
3813
3814
3815
3816
3817
3818
3819
3820
3821
3822
3823
3824
3825
3826
3827
3828
3829
3830
3831
3832
3833
3834
3835
3836
3837
3838
3839
3840
3841
3842
3843
3844
3845
3846
3847
3848
3849
3850
3851
3852
3853
3854
3855
3856
3857
3858
3859
3860
3861
3862
3863
3864
3865
3866
3867
3868
3869
3870
3871
3872
3873
3874
3875
3876
3877
3878
3879
3880
3881
3882
3883
3884
3885
3886
3887
3888
3889
3890
3891
3892
3893
3894
3895
3896
3897
3898
3899
3900
3901
3902
3903
3904
3905
3906
3907
3908
3909
3910
3911
3912
3913
3914
3915
3916
3917
3918
3919
3920
3921
3922
3923
3924
3925
3926
3927
3928
3929
3930
3931
3932
3933
3934
3935
3936
3937
3938
3939
3940
3941
3942
3943
3944
3945
3946
3947
3948
3949
3950
3951
3952
3953
3954
3955
3956
3957
3958
3959
3960
3961
3962
3963
3964
3965
3966
3967
3968
3969
3970
3971
3972
3973
3974
3975
3976
3977
3978
3979
3980
3981
3982
3983
3984
3985
3986
3987
3988
3989
3990
3991
3992
3993
3994
3995
3996
3997
3998
3999
4000
4001
4002
4003
4004
4005
4006
4007
4008
4009
4010
4011
4012
4013
4014
4015
4016
4017
4018
4019
4020
4021
4022
4023
4024
4025
4026
4027
4028
4029
4030
4031
4032
4033
4034
4035
4036
4037
4038
4039
4040
4041
4042
4043
4044
4045
4046
4047
4048
4049
4050
4051
4052
4053
4054
4055
4056
4057
4058
4059
4060
4061
4062
4063
4064
4065
4066
4067
4068
4069
4070
4071
4072
4073
4074
4075
4076
4077
4078
4079
4080
4081
4082
4083
4084
4085
4086
4087
4088
4089
4090
4091
4092
4093
4094
4095
4096
4097
4098
4099
4100
4101
4102
4103
4104
4105
4106
4107
4108
4109
4110
4111
4112
4113
4114
4115
4116
4117
4118
4119
4120
4121
4122
4123
4124
4125
4126
4127
4128
4129
4130
4131
4132
4133
4134
4135
4136
4137
4138
4139
4140
4141
4142
4143
4144
4145
4146
4147
4148
4149
4150
4151
4152
4153
4154
4155
4156
4157
4158
4159
4160
4161
4162
4163
4164
4165
4166
4167
4168
4169
4170
4171
4172
4173
4174
4175
4176
4177
4178
4179
4180
4181
4182
4183
4184
4185
4186
4187
4188
4189
4190
4191
4192
4193
4194
4195
4196
4197
4198
4199
4200
4201
4202
4203
4204
4205
4206
4207
4208
4209
4210
4211
4212
4213
4214
4215
4216
4217
4218
4219
4220
4221
4222
4223
4224
4225
4226
4227
4228
4229
4230
4231
4232
4233
4234
4235
4236
4237
4238
4239
4240
4241
4242
4243
4244
4245
4246
4247
4248
4249
4250
4251
4252
4253
4254
4255
4256
4257
4258
4259
4260
4261
4262
4263
4264
4265
4266
4267
4268
4269
4270
4271
4272
4273
4274
4275
4276
4277
4278
4279
4280
4281
4282
4283
4284
4285
4286
4287
4288
4289
4290
4291
4292
4293
4294
4295
4296
4297
4298
4299
4300
4301
4302
4303
4304
4305
4306
4307
4308
4309
4310
4311
4312
4313
4314
4315
4316
4317
4318
4319
4320
4321
4322
4323
4324
4325
4326
4327
4328
4329
4330
4331
4332
4333
4334
4335
4336
4337
4338
4339
4340
4341
4342
4343
4344
4345
4346
4347
4348
4349
4350
4351
4352
4353
4354
4355
4356
4357
4358
4359
4360
4361
4362
4363
4364
4365
4366
4367
4368
4369
4370
4371
4372
4373
4374
4375
4376
4377
4378
4379
4380
4381
4382
4383
4384
4385
4386
4387
4388
4389
4390
4391
4392
4393
4394
4395
4396
4397
4398
4399
4400
4401
4402
4403
4404
4405
4406
4407
4408
4409
4410
4411
4412
4413
4414
4415
4416
4417
4418
4419
4420
4421
4422
4423
4424
4425
4426
4427
4428
4429
4430
4431
4432
4433
4434
4435
4436
4437
4438
4439
4440
4441
4442
4443
4444
4445
4446
4447
4448
4449
4450
4451
4452
4453
4454
4455
4456
4457
4458
4459
4460
4461
4462
4463
4464
4465
4466
4467
4468
4469
4470
4471
4472
4473
4474
4475
4476
4477
4478
4479
4480
4481
4482
4483
4484
4485
4486
4487
4488
4489
4490
4491
4492
4493
4494
4495
4496
4497
4498
4499
4500
4501
4502
4503
4504
4505
4506
4507
4508
4509
4510
4511
4512
4513
4514
4515
4516
4517
4518
4519
4520
4521
4522
4523
4524
4525
4526
4527
4528
4529
4530
4531
4532
4533
4534
4535
4536
4537
4538
4539
4540
4541
4542
4543
4544
4545
4546
4547
4548
4549
4550
4551
4552
4553
4554
4555
4556
4557
4558
4559
4560
4561
4562
4563
4564
4565
4566
4567
4568
4569
4570
4571
4572
4573
4574
4575
4576
4577
4578
4579
4580
4581
4582
4583
4584
4585
4586
4587
4588
4589
4590
4591
4592
4593
4594
4595
4596
4597
4598
4599
4600
4601
4602
4603
4604
4605
4606
4607
4608
4609
4610
4611
4612
4613
4614
4615
4616
4617
4618
4619
4620
4621
4622
4623
4624
4625
4626
4627
4628
4629
4630
4631
4632
4633
4634
4635
4636
4637
4638
4639
4640
4641
4642
4643
4644
4645
4646
4647
4648
4649
4650
4651
4652
4653
4654
4655
4656
4657
4658
4659
4660
4661
4662
4663
4664
4665
4666
4667
4668
4669
4670
4671
4672
4673
4674
4675
4676
4677
4678
4679
4680
4681
4682
4683
4684
4685
4686
4687
4688
4689
4690
4691
4692
4693
4694
4695
4696
4697
4698
4699
4700
4701
4702
4703
4704
4705
4706
4707
4708
4709
4710
4711
4712
4713
4714
4715
4716
4717
4718
4719
4720
4721
4722
4723
4724
4725
4726
4727
4728
4729
4730
4731
4732
4733
4734
4735
4736
4737
4738
4739
4740
4741
4742
4743
4744
4745
4746
4747
4748
4749
4750
4751
4752
4753
4754
4755
4756
4757
4758
4759
4760
4761
4762
4763
4764
4765
4766
4767
4768
4769
4770
4771
4772
4773
4774
4775
4776
4777
4778
4779
4780
4781
4782
4783
4784
4785
4786
4787
4788
4789
4790
4791
4792
4793
4794
4795
4796
4797
4798
4799
4800
4801
4802
4803
4804
4805
4806
4807
4808
4809
4810
4811
4812
4813
4814
4815
4816
4817
4818
4819
4820
4821
4822
4823
4824
4825
4826
4827
4828
4829
4830
4831
4832
4833
4834
4835
4836
4837
4838
4839
4840
4841
4842
4843
4844
4845
4846
4847
4848
4849
4850
4851
4852
4853
4854
4855
4856
4857
4858
4859
4860
4861
4862
4863
4864
4865
4866
4867
4868
4869
4870
4871
4872
4873
4874
4875
4876
4877
4878
4879
4880
4881
4882
4883
4884
4885
4886
4887
4888
4889
4890
4891
4892
4893
4894
4895
4896
4897
4898
4899
4900
4901
4902
4903
4904
4905
4906
4907
4908
4909
4910
4911
4912
4913
4914
4915
4916
4917
4918
4919
4920
4921
4922
4923
4924
4925
4926
4927
4928
4929
4930
4931
4932
4933
4934
4935
4936
4937
4938
4939
4940
4941
4942
4943
4944
4945
4946
4947
4948
4949
4950
4951
4952
4953
4954
4955
4956
4957
4958
4959
4960
4961
4962
4963
4964
4965
4966
4967
4968
4969
4970
4971
4972
4973
4974
4975
4976
4977
4978
4979
4980
4981
4982
4983
4984
4985
4986
4987
4988
4989
4990
4991
4992
4993
4994
4995
4996
4997
4998
4999
5000
5001
5002
5003
5004
5005
5006
5007
5008
5009
5010
5011
5012
5013
5014
5015
5016
5017
5018
5019
5020
5021
5022
5023
5024
5025
5026
5027
5028
5029
5030
5031
5032
5033
5034
5035
5036
5037
5038
5039
5040
5041
5042
5043
5044
5045
5046
5047
5048
5049
5050
5051
5052
5053
5054
5055
5056
5057
5058
5059
5060
5061
5062
5063
5064
5065
5066
5067
5068
5069
5070
5071
5072
5073
5074
5075
5076
5077
5078
5079
5080
5081
5082
5083
5084
5085
5086
5087
5088
5089
5090
5091
5092
5093
5094
5095
5096
5097
5098
5099
5100
5101
5102
5103
5104
5105
5106
5107
5108
5109
5110
5111
5112
5113
5114
5115
5116
5117
5118
5119
5120
5121
5122
5123
5124
5125
5126
5127
5128
5129
5130
5131
5132
5133
5134
5135
5136
5137
5138
5139
5140
5141
5142
5143
5144
5145
5146
5147
5148
5149
5150
5151
5152
5153
5154
5155
5156
5157
5158
5159
5160
5161
5162
5163
5164
5165
5166
5167
5168
5169
5170
5171
5172
5173
5174
5175
5176
5177
5178
5179
5180
5181
5182
5183
5184
5185
5186
5187
5188
5189
5190
5191
5192
5193
5194
5195
5196
5197
5198
5199
5200
5201
5202
5203
5204
5205
5206
5207
5208
5209
5210
5211
5212
5213
5214
5215
5216
5217
5218
5219
5220
5221
5222
5223
5224
5225
5226
5227
5228
5229
5230
5231
5232
5233
5234
5235
5236
5237
5238
5239
5240
5241
5242
5243
5244
5245
5246
5247
5248
5249
5250
5251
5252
5253
5254
5255
5256
5257
5258
5259
5260
5261
5262
5263
5264
5265
5266
5267
5268
5269
5270
5271
5272
5273
5274
5275
5276
5277
5278
5279
5280
5281
5282
5283
5284
5285
5286
5287
5288
5289
5290
5291
5292
5293
5294
5295
5296
5297
5298
5299
5300
5301
5302
5303
5304
5305
5306
5307
5308
5309
5310
5311
5312
5313
5314
5315
5316
5317
5318
5319
5320
5321
5322
5323
5324
5325
5326
5327
5328
5329
5330
5331
5332
5333
5334
5335
5336
5337
5338
5339
5340
5341
5342
5343
5344
5345
5346
5347
5348
5349
5350
5351
5352
5353
5354
5355
5356
5357
5358
5359
5360
5361
5362
5363
5364
5365
5366
5367
5368
5369
5370
5371
5372
5373
5374
5375
5376
5377
5378
5379
5380
5381
5382
5383
5384
5385
5386
5387
5388
5389
5390
5391
5392
5393
5394
5395
5396
5397
5398
5399
5400
5401
5402
5403
5404
5405
5406
5407
5408
5409
5410
5411
5412
5413
5414
5415
5416
5417
5418
5419
5420
5421
5422
5423
5424
5425
5426
5427
5428
5429
5430
5431
5432
5433
5434
5435
5436
5437
5438
5439
5440
5441
5442
5443
5444
5445
5446
5447
5448
5449
5450
5451
5452
5453
5454
5455
5456
5457
5458
5459
5460
5461
5462
5463
5464
5465
5466
5467
5468
5469
5470
5471
5472
5473
5474
5475
5476
5477
5478
5479
5480
5481
5482
5483
5484
5485
5486
5487
5488
5489
5490
5491
5492
5493
5494
5495
5496
5497
5498
5499
5500
5501
5502
5503
5504
5505
5506
5507
5508
5509
5510
5511
5512
5513
5514
5515
5516
5517
5518
5519
5520
5521
5522
5523
5524
5525
5526
5527
5528
5529
5530
5531
5532
5533
5534
5535
5536
5537
5538
5539
5540
5541
5542
5543
5544
5545
5546
5547
5548
5549
5550
5551
5552
5553
5554
5555
5556
5557
5558
5559
5560
5561
5562
5563
5564
5565
5566
5567
5568
5569
5570
5571
5572
5573
5574
5575
5576
5577
5578
5579
5580
5581
5582
5583
5584
5585
5586
5587
5588
5589
5590
5591
5592
5593
5594
5595
5596
5597
5598
5599
5600
5601
5602
5603
5604
5605
5606
5607
5608
5609
5610
5611
5612
5613
5614
5615
5616
5617
5618
5619
5620
5621
5622
5623
5624
5625
5626
5627
5628
5629
5630
5631
5632
5633
5634
5635
5636
5637
5638
5639
5640
5641
5642
5643
5644
5645
5646
5647
5648
5649
5650
5651
5652
5653
5654
5655
5656
5657
5658
5659
5660
5661
5662
5663
5664
5665
5666
5667
5668
5669
5670
5671
5672
5673
5674
5675
5676
5677
5678
5679
5680
5681
5682
5683
5684
5685
5686
5687
5688
5689
5690
5691
5692
5693
5694
5695
5696
5697
5698
5699
5700
5701
5702
5703
5704
5705
5706
5707
5708
5709
5710
5711
5712
5713
5714
5715
5716
5717
5718
5719
5720
5721
5722
5723
5724
5725
5726
5727
5728
5729
5730
5731
5732
5733
5734
5735
5736
5737
5738
5739
5740
5741
5742
5743
5744
5745
5746
5747
5748
5749
5750
5751
5752
5753
5754
5755
5756
5757
5758
5759
5760
5761
5762
5763
5764
5765
5766
5767
5768
5769
5770
5771
5772
5773
5774
5775
5776
5777
5778
5779
5780
5781
5782
5783
5784
5785
5786
5787
5788
5789
5790
5791
5792
5793
5794
5795
5796
5797
5798
5799
5800
5801
5802
5803
5804
5805
5806
5807
5808
5809
5810
5811
5812
5813
5814
5815
5816
5817
5818
5819
5820
5821
5822
5823
5824
5825
5826
5827
5828
5829
5830
5831
5832
5833
5834
5835
5836
5837
5838
5839
5840
5841
5842
5843
5844
5845
5846
5847
5848
5849
5850
5851
5852
5853
5854
5855
5856
5857
5858
5859
5860
5861
5862
5863
5864
5865
5866
5867
5868
5869
5870
5871
5872
5873
5874
5875
5876
5877
5878
5879
5880
5881
5882
5883
5884
5885
5886
5887
5888
5889
5890
5891
5892
5893
5894
5895
5896
5897
5898
5899
5900
5901
5902
5903
5904
5905
5906
5907
5908
5909
5910
5911
5912
5913
5914
5915
5916
5917
5918
5919
5920
5921
5922
5923
5924
5925
5926
5927
5928
5929
5930
5931
5932
5933
5934
5935
5936
5937
5938
5939
5940
5941
5942
5943
5944
5945
5946
5947
5948
5949
5950
5951
5952
5953
5954
5955
5956
5957
5958
5959
5960
5961
5962
5963
5964
5965
5966
5967
5968
5969
5970
5971
5972
5973
5974
5975
5976
5977
5978
5979
5980
5981
5982
5983
5984
5985
5986
5987
5988
5989
5990
5991
5992
5993
5994
5995
5996
5997
5998
5999
6000
6001
6002
6003
6004
6005
6006
6007
6008
6009
6010
6011
6012
6013
6014
6015
6016
6017
6018
6019
6020
6021
6022
6023
6024
6025
6026
6027
6028
6029
6030
6031
6032
6033
6034
6035
6036
6037
6038
6039
6040
6041
6042
6043
6044
6045
6046
6047
6048
6049
6050
6051
6052
6053
6054
6055
6056
6057
6058
6059
6060
6061
6062
6063
6064
6065
6066
6067
6068
6069
6070
6071
6072
6073
6074
6075
6076
6077
6078
6079
6080
6081
6082
6083
6084
6085
6086
6087
6088
6089
6090
6091
6092
6093
6094
6095
6096
6097
6098
6099
6100
6101
6102
6103
6104
6105
6106
6107
6108
6109
6110
6111
6112
6113
6114
6115
6116
6117
6118
6119
6120
6121
6122
6123
6124
6125
6126
6127
6128
6129
6130
6131
6132
6133
6134
6135
6136
6137
6138
6139
6140
6141
6142
6143
6144
6145
6146
6147
6148
6149
6150
6151
6152
6153
6154
6155
6156
6157
6158
6159
6160
6161
6162
6163
6164
6165
6166
6167
6168
6169
6170
6171
6172
6173
6174
6175
6176
6177
6178
6179
6180
6181
6182
6183
6184
6185
6186
6187
6188
6189
6190
6191
6192
6193
6194
6195
6196
6197
6198
6199
6200
6201
6202
6203
6204
6205
6206
6207
6208
6209
6210
6211
6212
6213
6214
6215
6216
6217
6218
6219
6220
6221
6222
6223
6224
6225
6226
6227
6228
6229
6230
6231
6232
6233
6234
6235
6236
6237
6238
6239
6240
6241
6242
6243
6244
6245
6246
6247
6248
6249
6250
6251
6252
6253
6254
6255
6256
6257
6258
6259
6260
6261
6262
6263
6264
6265
6266
6267
6268
6269
6270
6271
6272
6273
6274
6275
6276
6277
6278
6279
6280
6281
6282
6283
6284
6285
6286
6287
6288
6289
6290
6291
6292
6293
6294
6295
6296
6297
6298
6299
6300
6301
6302
6303
6304
6305
6306
6307
6308
6309
6310
6311
6312
6313
6314
6315
6316
6317
6318
6319
6320
6321
6322
6323
6324
6325
6326
6327
6328
6329
6330
6331
6332
6333
6334
6335
6336
6337
6338
6339
6340
6341
6342
6343
6344
6345
6346
6347
6348
6349
6350
6351
6352
6353
6354
6355
6356
6357
6358
6359
6360
6361
6362
6363
6364
6365
6366
6367
6368
6369
6370
6371
6372
6373
6374
6375
6376
6377
6378
6379
6380
6381
6382
6383
6384
6385
6386
6387
6388
6389
6390
6391
6392
6393
6394
6395
6396
6397
6398
6399
6400
6401
6402
6403
6404
6405
6406
6407
6408
6409
6410
6411
6412
6413
6414
6415
6416
6417
6418
6419
6420
6421
6422
6423
6424
6425
6426
6427
6428
6429
6430
6431
6432
6433
6434
6435
6436
6437
6438
6439
6440
6441
6442
6443
6444
6445
6446
6447
6448
6449
6450
6451
6452
6453
6454
6455
6456
6457
6458
6459
6460
6461
6462
6463
6464
6465
6466
6467
6468
6469
6470
6471
6472
6473
6474
6475
6476
6477
6478
6479
6480
6481
6482
6483
6484
6485
6486
6487
6488
6489
6490
6491
6492
6493
6494
6495
6496
6497
6498
6499
6500
6501
6502
6503
6504
6505
6506
6507
6508
6509
6510
6511
6512
6513
6514
6515
6516
6517
6518
6519
6520
6521
6522
6523
6524
6525
6526
6527
6528
6529
6530
6531
6532
6533
6534
6535
6536
6537
6538
6539
6540
6541
6542
6543
6544
6545
6546
6547
6548
6549
6550
6551
6552
6553
6554
6555
6556
6557
6558
6559
6560
6561
6562
6563
6564
6565
6566
6567
6568
6569
6570
6571
6572
6573
6574
6575
6576
6577
6578
6579
6580
6581
6582
6583
6584
6585
6586
6587
6588
6589
6590
6591
6592
6593
6594
6595
6596
6597
6598
6599
6600
6601
6602
6603
6604
6605
6606
6607
6608
6609
6610
6611
6612
6613
6614
6615
6616
6617
6618
6619
6620
6621
6622
6623
6624
6625
6626
6627
6628
6629
6630
6631
6632
6633
6634
6635
6636
6637
6638
6639
6640
6641
6642
6643
6644
6645
6646
6647
6648
6649
6650
6651
6652
6653
6654
6655
6656
6657
6658
6659
6660
6661
6662
6663
6664
6665
6666
6667
6668
6669
6670
6671
6672
6673
6674
6675
6676
6677
6678
6679
6680
6681
6682
6683
6684
6685
6686
6687
6688
6689
6690
6691
6692
6693
6694
6695
6696
6697
6698
6699
6700
6701
6702
6703
6704
6705
6706
6707
6708
6709
6710
6711
6712
6713
6714
6715
6716
6717
6718
6719
6720
6721
6722
6723
6724
6725
6726
6727
6728
6729
6730
6731
6732
6733
6734
6735
6736
6737
6738
6739
6740
6741
6742
6743
6744
6745
6746
6747
6748
6749
6750
6751
6752
6753
6754
6755
6756
6757
6758
6759
6760
6761
6762
6763
6764
6765
6766
6767
6768
6769
6770
6771
6772
6773
6774
6775
6776
6777
6778
6779
6780
6781
6782
6783
6784
6785
6786
6787
6788
6789
6790
6791
6792
6793
6794
6795
6796
6797
6798
6799
6800
6801
6802
6803
6804
6805
6806
6807
6808
6809
6810
6811
6812
6813
6814
6815
382254.9779938341 6541402.1417489508 0.0
376127.8698740501 6546775.0336291669 0.0
376127.8698740501 6547275.0336291669 0.0
376627.8698740501 6545775.0336291669 0.0
376627.8698740501 6546275.0336291669 0.0
376627.8698740501 6546775.0336291669 0.0
376627.8698740501 6547275.0336291669 0.0
377127.8698740501 6544775.0336291669 0.0
377127.8698740501 6545275.0336291669 0.0
377127.8698740501 6545775.0336291669 0.0
377127.8698740501 6546275.0336291669 0.0
377127.8698740501 6546775.0336291669 0.0
377127.8698740501 6547275.0336291669 0.0
377627.8698740501 6543775.0336291669 0.0
377627.8698740501 6544275.0336291669 0.0
377627.8698740501 6544775.0336291669 0.0
377627.8698740501 6545275.0336291669 0.0
377627.8698740501 6545775.0336291669 0.0
377627.8698740501 6546275.0336291669 0.0
377627.8698740501 6546775.0336291669 0.0
377627.8698740501 6547275.0336291669 0.0
377627.8698740501 6547775.0336291669 0.0
378127.8698740501 6542775.0336291669 0.0
378127.8698740501 6543275.0336291669 0.0
378127.8698740501 6543775.0336291669 0.0
378127.8698740501 6544275.0336291669 0.0
378127.8698740501 6544775.0336291669 0.0
378127.8698740501 6545275.0336291669 0.0
378127.8698740501 6545775.0336291669 0.0
378127.8698740501 6546275.0336291669 0.0
378127.8698740501 6546775.0336291669 0.0
378127.8698740501 6547275.0336291669 0.0
378127.8698740501 6547775.0336291669 0.0
378627.8698740501 6541775.0336291669 0.0
378627.8698740501 6542275.0336291669 0.0
378627.8698740501 6542775.0336291669 0.0
378627.8698740501 6543275.0336291669 0.0
378627.8698740501 6543775.0336291669 0.0
378627.8698740501 6544275.0336291669 0.0
378627.8698740501 6544775.0336291669 0.0
378627.8698740501 6545275.0336291669 0.0
378627.8698740501 6545775.0336291669 0.0
378627.8698740501 6546275.0336291669 0.0
378627.8698740501 6546775.0336291669 0.0
378627.8698740501 6547275.0336291669 0.0
378627.8698740501 6547775.0336291669 0.0
379127.8698740501 6540775.0336291669 0.0
379127.8698740501 6541275.0336291669 0.0
379127.8698740501 6541775.0336291669 0.0
379127.8698740501 6542275.0336291669 0.0
379127.8698740501 6542775.0336291669 0.0
379127.8698740501 6543275.0336291669 0.0
379127.8698740501 6543775.0336291669 0.0
379127.8698740501 6544275.0336291669 0.0
379127.8698740501 6544775.0336291669 0.0
379127.8698740501 6545275.0336291669 0.0
379127.8698740501 6545775.0336291669 0.0
379127.8698740501 6546275.0336291669 0.0
379127.8698740501 6546775.0336291669 0.0
379127.8698740501 6547275.0336291669 0.0
379127.8698740501 6547775.0336291669 0.0
379627.8698740501 6540275.0336291669 0.0
379627.8698740501 6540775.0336291669 0.0
379627.8698740501 6541275.0336291669 0.0
379627.8698740501 6541775.0336291669 0.0
379627.8698740501 6542275.0336291669 0.0
379627.8698740501 6542775.0336291669 0.0
379627.8698740501 6543275.0336291669 0.0
379627.8698740501 6543775.0336291669 0.0
379627.8698740501 6544275.0336291669 0.0
379627.8698740501 6544775.0336291669 0.0
379627.8698740501 6545275.0336291669 0.0
379627.8698740501 6545775.0336291669 0.0
379627.8698740501 6546275.0336291669 0.0
379627.8698740501 6546775.0336291669 0.0
379627.8698740501 6547275.0336291669 0.0
379627.8698740501 6547775.0336291669 0.0
380127.8698740501 6539275.0336291669 0.0
380127.8698740501 6539775.0336291669 0.0
380127.8698740501 6540275.0336291669 0.0
380127.8698740501 6540775.0336291669 0.0
380127.8698740501 6541275.0336291669 0.0
380127.8698740501 6541775.0336291669 0.0
380127.8698740501 6542275.0336291669 0.0
380127.8698740501 6542775.0336291669 0.0
380127.8698740501 6543275.0336291669 0.0
380127.8698740501 6543775.0336291669 0.0
380127.8698740501 6544275.0336291669 0.0
380127.8698740501 6544775.0336291669 0.0
380127.8698740501 6545275.0336291669 0.0
380127.8698740501 6545775.0336291669 0.0
380127.8698740501 6546275.0336291669 0.0
380127.8698740501 6546775.0336291669 0.0
380127.8698740501 6547275.0336291669 0.0
380127.8698740501 6547775.0336291669 0.0
380627.8698740501 6538275.0336291669 0.0
380627.8698740501 6538775.0336291669 0.0
380627.8698740501 6539275.0336291669 0.0
380627.8698740501 6539775.0336291669 0.0
380627.8698740501 6540275.0336291669 0.0
380627.8698740501 6540775.0336291669 0.0
380627.8698740501 6541275.0336291669 0.0
380627.8698740501 6541775.0336291669 0.0
380627.8698740501 6542275.0336291669 0.0
380627.8698740501 6542775.0336291669 0.0
380627.8698740501 6543275.0336291669 0.0
380627.8698740501 6543775.0336291669 0.0
380627.8698740501 6544275.0336291669 0.0
380627.8698740501 6544775.0336291669 0.0
380627.8698740501 6545275.0336291669 0.0
380627.8698740501 6545775.0336291669 0.0
380627.8698740501 6546275.0336291669 0.0
380627.8698740501 6546775.0336291669 0.0
380627.8698740501 6547275.0336291669 0.0
380627.8698740501 6547775.0336291669 0.0
381127.8698740501 6537775.0336291669 0.0
381127.8698740501 6538275.0336291669 0.0
381127.8698740501 6538775.0336291669 0.0
381127.8698740501 6539275.0336291669 0.0
381127.8698740501 6539775.0336291669 0.0
381127.8698740501 6540275.0336291669 0.0
381127.8698740501 6540775.0336291669 0.0
381127.8698740501 6541275.0336291669 0.0
381127.8698740501 6541775.0336291669 0.0
381127.8698740501 6542275.0336291669 0.0
381127.8698740501 6542775.0336291669 0.0
381127.8698740501 6543275.0336291669 0.0
381127.8698740501 6543775.0336291669 0.0
381127.8698740501 6544275.0336291669 0.0
381127.8698740501 6544775.0336291669 0.0
381127.8698740501 6545275.0336291669 0.0
381127.8698740501 6545775.0336291669 0.0
381127.8698740501 6546275.0336291669 0.0
381127.8698740501 6546775.0336291669 0.0
381127.8698740501 6547275.0336291669 0.0
381127.8698740501 6547775.0336291669 0.0
381627.8698740501 6537275.0336291669 0.0
381627.8698740501 6537775.0336291669 0.0
381627.8698740501 6538275.0336291669 0.0
381627.8698740501 6538775.0336291669 0.0
381627.8698740501 6539275.0336291669 0.0
381627.8698740501 6539775.0336291669 0.0
381627.8698740501 6540275.0336291669 0.0
381627.8698740501 6540775.0336291669 0.0
381627.8698740501 6541275.0336291669 0.0
381627.8698740501 6541775.0336291669 0.0
381627.8698740501 6542275.0336291669 0.0
381627.8698740501 6542775.0336291669 0.0
381627.8698740501 6543275.0336291669 0.0
381627.8698740501 6543775.0336291669 0.0
381627.8698740501 6544275.0336291669 0.0
381627.8698740501 6544775.0336291669 0.0
381627.8698740501 6545275.0336291669 0.0
381627.8698740501 6545775.0336291669 0.0
381627.8698740501 6546275.0336291669 0.0
381627.8698740501 6546775.0336291669 0.0
381627.8698740501 6547275.0336291669 0.0
381627.8698740501 6547775.0336291669 0.0
382127.8698740501 6536275.0336291669 0.0
382127.8698740501 6536775.0336291669 0.0
382127.8698740501 6537275.0336291669 0.0
382127.8698740501 6537775.0336291669 0.0
382127.8698740501 6538275.0336291669 0.0
382127.8698740501 6538775.0336291669 0.0
382127.8698740501 6539275.0336291669 0.0
382127.8698740501 6539775.0336291669 0.0
382127.8698740501 6540275.0336291669 0.0
382127.8698740501 6540775.0336291669 0.0
382127.8698740501 6541275.0336291669 0.0
382127.8698740501 6541775.0336291669 0.0
382127.8698740501 6542275.0336291669 0.0
382127.8698740501 6542775.0336291669 0.0
382127.8698740501 6543275.0336291669 0.0
382127.8698740501 6543775.0336291669 0.0
382127.8698740501 6544275.0336291669 0.0
382127.8698740501 6544775.0336291669 0.0
382127.8698740501 6545275.0336291669 0.0
382127.8698740501 6545775.0336291669 0.0
382127.8698740501 6546275.0336291669 0.0
382127.8698740501 6546775.0336291669 0.0
382127.8698740501 6547275.0336291669 0.0
382127.8698740501 6547775.0336291669 0.0
382627.8698740501 6535775.0336291669 0.0
382627.8698740501 6536275.0336291669 0.0
382627.8698740501 6536775.0336291669 0.0
382627.8698740501 6537275.0336291669 0.0
382627.8698740501 6537775.0336291669 0.0
382627.8698740501 6538275.0336291669 0.0
382627.8698740501 6538775.0336291669 0.0
382627.8698740501 6539275.0336291669 0.0
382627.8698740501 6539775.0336291669 0.0
382627.8698740501 6540275.0336291669 0.0
382627.8698740501 6540775.0336291669 0.0
382627.8698740501 6541275.0336291669 0.0
382627.8698740501 6541775.0336291669 0.0
382627.8698740501 6542275.0336291669 0.0
382627.8698740501 6542775.0336291669 0.0
382627.8698740501 6543275.0336291669 0.0
382627.8698740501 6543775.0336291669 0.0
382627.8698740501 6544275.0336291669 0.0
382627.8698740501 6544775.0336291669 0.0
382627.8698740501 6545275.0336291669 0.0
382627.8698740501 6545775.0336291669 0.0
382627.8698740501 6546275.0336291669 0.0
382627.8698740501 6546775.0336291669 0.0
382627.8698740501 6547275.0336291669 0.0
382627.8698740501 6547775.0336291669 0.0
383127.8698740501 6535275.0336291669 0.0
383127.8698740501 6535775.0336291669 0.0
383127.8698740501 6536275.0336291669 0.0
383127.8698740501 6536775.0336291669 0.0
383127.8698740501 6537275.0336291669 0.0
383127.8698740501 6537775.0336291669 0.0
383127.8698740501 6538275.0336291669 0.0
383127.8698740501 6538775.0336291669 0.0
383127.8698740501 6539275.0336291669 0.0
383127.8698740501 6539775.0336291669 0.0
383127.8698740501 6540275.0336291669 0.0
383127.8698740501 6540775.0336291669 0.0
383127.8698740501 6541275.0336291669 0.0
383127.8698740501 6541775.0336291669 0.0
383127.8698740501 6542275.0336291669 0.0
383127.8698740501 6542775.0336291669 0.0
383127.8698740501 6543275.0336291669 0.0
383127.8698740501 6543775.0336291669 0.0
383127.8698740501 6544275.0336291669 0.0
383127.8698740501 6544775.0336291669 0.0
383127.8698740501 6545275.0336291669 0.0
383127.8698740501 6545775.0336291669 0.0
383127.8698740501 6546275.0336291669 0.0
383127.8698740501 6546775.0336291669 0.0
383127.8698740501 6547275.0336291669 0.0
383127.8698740501 6547775.0336291669 0.0
383627.8698740501 6534775.0336291669 0.0
383627.8698740501 6535275.0336291669 0.0
383627.8698740501 6535775.0336291669 0.0
383627.8698740501 6536275.0336291669 0.0
383627.8698740501 6536775.0336291669 0.0
383627.8698740501 6537275.0336291669 0.0
383627.8698740501 6537775.0336291669 0.0
383627.8698740501 6538275.0336291669 0.0
383627.8698740501 6538775.0336291669 0.0
383627.8698740501 6539275.0336291669 0.0
383627.8698740501 6539775.0336291669 0.0
383627.8698740501 6540275.0336291669 0.0
383627.8698740501 6540775.0336291669 0.0
383627.8698740501 6541275.0336291669 0.0
383627.8698740501 6541775.0336291669 0.0
383627.8698740501 6542275.0336291669 0.0
383627.8698740501 6542775.0336291669 0.0
383627.8698740501 6543275.0336291669 0.0
383627.8698740501 6543775.0336291669 0.0
383627.8698740501 6544275.0336291669 0.0
383627.8698740501 6544775.0336291669 0.0
383627.8698740501 6545275.0336291669 0.0
383627.8698740501 6545775.0336291669 0.0
383627.8698740501 6546275.0336291669 0.0
383627.8698740501 6546775.0336291669 0.0
383627.8698740501 6547275.0336291669 0.0
383627.8698740501 6547775.0336291669 0.0
384127.8698740501 6533775.0336291669 0.0
384127.8698740501 6534275.0336291669 0.0
384127.8698740501 6534775.0336291669 0.0
384127.8698740501 6535275.0336291669 0.0
384127.8698740501 6535775.0336291669 0.0
384127.8698740501 6536275.0336291669 0.0
384127.8698740501 6536775.0336291669 0.0
384127.8698740501 6537275.0336291669 0.0
384127.8698740501 6537775.0336291669 0.0
384127.8698740501 6538275.0336291669 0.0
384127.8698740501 6538775.0336291669 0.0
384127.8698740501 6539275.0336291669 0.0
384127.8698740501 6539775.0336291669 0.0
384127.8698740501 6540275.0336291669 0.0
384127.8698740501 6540775.0336291669 0.0
384127.8698740501 6541275.0336291669 0.0
384127.8698740501 6541775.0336291669 0.0
384127.8698740501 6542275.0336291669 0.0
384127.8698740501 6542775.0336291669 0.0
384127.8698740501 6543275.0336291669 0.0
384127.8698740501 6543775.0336291669 0.0
384127.8698740501 6544275.0336291669 0.0
384127.8698740501 6544775.0336291669 0.0
384127.8698740501 6545275.0336291669 0.0
384127.8698740501 6545775.0336291669 0.0
384127.8698740501 6546275.0336291669 0.0
384127.8698740501 6546775.0336291669 0.0
384127.8698740501 6547275.0336291669 0.0
384127.8698740501 6547775.0336291669 0.0
384627.8698740501 6533275.0336291669 0.0
384627.8698740501 6533775.0336291669 0.0
384627.8698740501 6534275.0336291669 0.0
384627.8698740501 6534775.0336291669 0.0
384627.8698740501 6535275.0336291669 0.0
384627.8698740501 6535775.0336291669 0.0
384627.8698740501 6536275.0336291669 0.0
384627.8698740501 6536775.0336291669 0.0
384627.8698740501 6537275.0336291669 0.0
384627.8698740501 6537775.0336291669 0.0
384627.8698740501 6538275.0336291669 0.0
384627.8698740501 6538775.0336291669 0.0
384627.8698740501 6539275.0336291669 0.0
384627.8698740501 6539775.0336291669 0.0
384627.8698740501 6540275.0336291669 0.0
384627.8698740501 6540775.0336291669 0.0
384627.8698740501 6541275.0336291669 0.0
384627.8698740501 6541775.0336291669 0.0
384627.8698740501 6542275.0336291669 0.0
384627.8698740501 6542775.0336291669 0.0
384627.8698740501 6543275.0336291669 0.0
384627.8698740501 6543775.0336291669 0.0
384627.8698740501 6544275.0336291669 0.0
384627.8698740501 6544775.0336291669 0.0
384627.8698740501 6545275.0336291669 0.0
384627.8698740501 6545775.0336291669 0.0
384627.8698740501 6546275.0336291669 0.0
384627.8698740501 6546775.0336291669 0.0
384627.8698740501 6547275.0336291669 0.0
384627.8698740501 6547775.0336291669 0.0
385127.8698740501 6532775.0336291669 0.0
385127.8698740501 6533275.0336291669 0.0
385127.8698740501 6533775.0336291669 0.0
385127.8698740501 6534275.0336291669 0.0
385127.8698740501 6534775.0336291669 0.0
385127.8698740501 6535275.0336291669 0.0
385127.8698740501 6535775.0336291669 0.0
385127.8698740501 6536275.0336291669 0.0
385127.8698740501 6536775.0336291669 0.0
385127.8698740501 6537275.0336291669 0.0
385127.8698740501 6537775.0336291669 0.0
385127.8698740501 6538275.0336291669 0.0
385127.8698740501 6538775.0336291669 0.0
385127.8698740501 6539275.0336291669 0.0
385127.8698740501 6539775.0336291669 0.0
385127.8698740501 6540275.0336291669 0.0
385127.8698740501 6540775.0336291669 0.0
385127.8698740501 6541275.0336291669 0.0
385127.8698740501 6541775.0336291669 0.0
385627.8698740501 6532275.0336291669 0.0
385627.8698740501 6532775.0336291669 0.0
385627.8698740501 6533275.0336291669 0.0
385627.8698740501 6533775.0336291669 0.0
385627.8698740501 6534275.0336291669 0.0
385627.8698740501 6534775.0336291669 0.0
385627.8698740501 6535275.0336291669 0.0
385627.8698740501 6535775.0336291669 0.0
385627.8698740501 6536275.0336291669 0.0
385627.8698740501 6536775.0336291669 0.0
385627.8698740501 6537275.0336291669 0.0
385627.8698740501 6537775.0336291669 0.0
385627.8698740501 6538275.0336291669 0.0
385627.8698740501 6538775.0336291669 0.0
386127.8698740501 6531775.0336291669 0.0
386127.8698740501 6532275.0336291669 0.0
386127.8698740501 6532775.0336291669 0.0
386127.8698740501 6533275.0336291669 0.0
386127.8698740501 6533775.0336291669 0.0
386127.8698740501 6534275.0336291669 0.0
386127.8698740501 6534775.0336291669 0.0
386127.8698740501 6535275.0336291669 0.0
386127.8698740501 6535775.0336291669 0.0
386127.8698740501 6536275.0336291669 0.0
386627.8698740501 6531275.0336291669 0.0
386627.8698740501 6531775.0336291669 0.0
386627.8698740501 6532275.0336291669 0.0
386627.8698740501 6532775.0336291669 0.0
386627.8698740501 6533275.0336291669 0.0
386627.8698740501 6533775.0336291669 0.0
386627.8698740501 6534275.0336291669 0.0
386627.8698740501 6536775.0336291669 0.0
386627.8698740501 6537275.0336291669 0.0
387127.8698740501 6530275.0336291669 0.0
387127.8698740501 6530775.0336291669 0.0
387127.8698740501 6531275.0336291669 0.0
387127.8698740501 6534775.0336291669 0.0
387127.8698740501 6535275.0336291669 0.0
387127.8698740501 6535775.0336291669 0.0
387127.8698740501 6536275.0336291669 0.0
379678.1020764802 6528694.1607197439 0.0
377611.0687367792 6530627.1273800433 0.0
378111.0687367792 6529627.1273800433 0.0
378111.0687367792 6530127.1273800433 0.0
378111.0687367792 6530627.1273800433 0.0
378611.0687367792 6528627.1273800433 0.0
378611.0687367792 6529127.1273800433 0.0
378611.0687367792 6529627.1273800433 0.0
378611.0687367792 6530127.1273800433 0.0
379111.0687367792 6527627.1273800433 0.0
379111.0687367792 6528127.1273800433 0.0
379111.0687367792 6528627.1273800433 0.0
379111.0687367792 6529127.1273800433 0.0
379111.0687367792 6529627.1273800433 0.0
379611.0687367792 6527627.1273800433 0.0
379611.0687367792 6528127.1273800433 0.0
379611.0687367792 6528627.1273800433 0.0
379611.0687367792 6529127.1273800433 0.0
379611.0687367792 6529627.1273800433 0.0
380111.0687367792 6527627.1273800433 0.0
380111.0687367792 6528127.1273800433 0.0
380111.0687367792 6528627.1273800433 0.0
380111.0687367792 6529127.1273800433 0.0
380611.0687367792 6527627.1273800433 0.0
380611.0687367792 6528127.1273800433 0.0
380611.0687367792 6528627.1273800433 0.0
381111.0687367792 6527627.1273800433 0.0
381111.0687367792 6528127.1273800433 0.0
381611.0687367792 6527627.1273800433 0.0
382111.0687367792 6527627.1273800433 0.0
388578.8708773010 6528519.9933626978 0.0
388496.3301693804 6528437.4526547771 0.0
388496.3301693804 6528937.4526547771 0.0
382869.3770862903 6529990.0142192720 0.0
381305.3438113105 6530925.9809442926 0.0
382805.3438113105 6529925.9809442926 0.0
383805.3438113105 6529425.9809442926 0.0
370412.9236269307 6527978.9551482182 0.0
370552.9505475743 6527618.9820688618 0.0
370552.9505475743 6528118.9820688618 0.0
375637.1655174615 6537702.6406354299 0.0
370364.3931194469 6542929.8682374153 0.0
370364.3931194469 6543429.8682374153 0.0
370364.3931194469 6543929.8682374153 0.0
370864.3931194469 6541929.8682374153 0.0
370864.3931194469 6542429.8682374153 0.0
370864.3931194469 6542929.8682374153 0.0
370864.3931194469 6543429.8682374153 0.0
371364.3931194469 6541429.8682374153 0.0
371364.3931194469 6541929.8682374153 0.0
371364.3931194469 6542429.8682374153 0.0
371364.3931194469 6542929.8682374153 0.0
371864.3931194469 6540929.8682374153 0.0
371864.3931194469 6541429.8682374153 0.0
371864.3931194469 6541929.8682374153 0.0
371864.3931194469 6542429.8682374153 0.0
372364.3931194469 6540429.8682374153 0.0
372364.3931194469 6540929.8682374153 0.0
372364.3931194469 6541429.8682374153 0.0
372364.3931194469 6541929.8682374153 0.0
372864.3931194469 6539429.8682374153 0.0
372864.3931194469 6539929.8682374153 0.0
372864.3931194469 6540429.8682374153 0.0
372864.3931194469 6540929.8682374153 0.0
372864.3931194469 6541429.8682374153 0.0
373364.3931194469 6538929.8682374153 0.0
373364.3931194469 6539429.8682374153 0.0
373364.3931194469 6539929.8682374153 0.0
373364.3931194469 6540429.8682374153 0.0
373364.3931194469 6540929.8682374153 0.0
373364.3931194469 6541429.8682374153 0.0
373864.3931194469 6537929.8682374153 0.0
373864.3931194469 6538429.8682374153 0.0
373864.3931194469 6538929.8682374153 0.0
373864.3931194469 6539429.8682374153 0.0
373864.3931194469 6539929.8682374153 0.0
373864.3931194469 6540429.8682374153 0.0
373864.3931194469 6540929.8682374153 0.0
374364.3931194469 6536929.8682374153 0.0
374364.3931194469 6537429.8682374153 0.0
374364.3931194469 6537929.8682374153 0.0
374364.3931194469 6538429.8682374153 0.0
374364.3931194469 6538929.8682374153 0.0
374364.3931194469 6539429.8682374153 0.0
374364.3931194469 6539929.8682374153 0.0
374364.3931194469 6540429.8682374153 0.0
374864.3931194469 6535929.8682374153 0.0
374864.3931194469 6536429.8682374153 0.0
374864.3931194469 6536929.8682374153 0.0
374864.3931194469 6537429.8682374153 0.0
374864.3931194469 6537929.8682374153 0.0
374864.3931194469 6538429.8682374153 0.0
374864.3931194469 6538929.8682374153 0.0
374864.3931194469 6539429.8682374153 0.0
374864.3931194469 6539929.8682374153 0.0
375364.3931194469 6535929.8682374153 0.0
375364.3931194469 6536429.8682374153 0.0
375364.3931194469 6536929.8682374153 0.0
375364.3931194469 6537429.8682374153 0.0
375364.3931194469 6537929.8682374153 0.0
375364.3931194469 6538429.8682374153 0.0
375364.3931194469 6538929.8682374153 0.0
375364.3931194469 6539429.8682374153 0.0
375864.3931194469 6535429.8682374153 0.0
375864.3931194469 6535929.8682374153 0.0
375864.3931194469 6536429.8682374153 0.0
375864.3931194469 6536929.8682374153 0.0
375864.3931194469 6537429.8682374153 0.0
375864.3931194469 6537929.8682374153 0.0
375864.3931194469 6538429.8682374153 0.0
375864.3931194469 6538929.8682374153 0.0
376364.3931194469 6534929.8682374153 0.0
376364.3931194469 6535429.8682374153 0.0
376364.3931194469 6535929.8682374153 0.0
376364.3931194469 6536429.8682374153 0.0
376364.3931194469 6536929.8682374153 0.0
376364.3931194469 6537429.8682374153 0.0
376364.3931194469 6537929.8682374153 0.0
376364.3931194469 6538429.8682374153 0.0
376364.3931194469 6538929.8682374153 0.0
376864.3931194469 6534929.8682374153 0.0
376864.3931194469 6535429.8682374153 0.0
376864.3931194469 6535929.8682374153 0.0
376864.3931194469 6536429.8682374153 0.0
376864.3931194469 6536929.8682374153 0.0
376864.3931194469 6537429.8682374153 0.0
376864.3931194469 6537929.8682374153 0.0
376864.3931194469 6538429.8682374153 0.0
377364.3931194469 6534929.8682374153 0.0
377364.3931194469 6535429.8682374153 0.0
377364.3931194469 6535929.8682374153 0.0
377364.3931194469 6536429.8682374153 0.0
377364.3931194469 6536929.8682374153 0.0
377364.3931194469 6537429.8682374153 0.0
377364.3931194469 6537929.8682374153 0.0
377864.3931194469 6533929.8682374153 0.0
377864.3931194469 6534429.8682374153 0.0
377864.3931194469 6534929.8682374153 0.0
377864.3931194469 6535429.8682374153 0.0
377864.3931194469 6535929.8682374153 0.0
377864.3931194469 6536429.8682374153 0.0
377864.3931194469 6536929.8682374153 0.0
378364.3931194469 6533429.8682374153 0.0
378364.3931194469 6533929.8682374153 0.0
378364.3931194469 6534429.8682374153 0.0
378364.3931194469 6534929.8682374153 0.0
378364.3931194469 6535429.8682374153 0.0
378364.3931194469 6535929.8682374153 0.0
378364.3931194469 6536429.8682374153 0.0
378864.3931194469 6533429.8682374153 0.0
378864.3931194469 6533929.8682374153 0.0
378864.3931194469 6534429.8682374153 0.0
378864.3931194469 6534929.8682374153 0.0
378864.3931194469 6535429.8682374153 0.0
379364.3931194469 6532929.8682374153 0.0
379364.3931194469 6533429.8682374153 0.0
379364.3931194469 6533929.8682374153 0.0
379364.3931194469 6534429.8682374153 0.0
379864.3931194469 6532929.8682374153 0.0
379864.3931194469 6533429.8682374153 0.0
379864.3931194469 6533929.8682374153 0.0
380364.3931194469 6532429.8682374153 0.0
380364.3931194469 6532929.8682374153 0.0
380364.3931194469 6533429.8682374153 0.0
380364.3931194469 6533929.8682374153 0.0
380864.3931194469 6532429.8682374153 0.0
380864.3931194469 6532929.8682374153 0.0
380864.3931194469 6533429.8682374153 0.0
381364.3931194469 6531929.8682374153 0.0
381364.3931194469 6532429.8682374153 0.0
386900.9742626552 6546734.8841259023 0.0
385246.0686162887 6546579.9784795353 0.0
385246.0686162887 6547079.9784795353 0.0
385246.0686162887 6547579.9784795353 0.0
385746.0686162887 6546079.9784795353 0.0
385746.0686162887 6546579.9784795353 0.0
385746.0686162887 6547079.9784795353 0.0
385746.0686162887 6547579.9784795353 0.0
386246.0686162887 6546079.9784795353 0.0
386246.0686162887 6546579.9784795353 0.0
386246.0686162887 6547079.9784795353 0.0
386246.0686162887 6547579.9784795353 0.0
386746.0686162887 6545579.9784795353 0.0
386746.0686162887 6546079.9784795353 0.0
386746.0686162887 6546579.9784795353 0.0
386746.0686162887 6547079.9784795353 0.0
386746.0686162887 6547579.9784795353 0.0
387246.0686162887 6545579.9784795353 0.0
387246.0686162887 6546079.9784795353 0.0
387246.0686162887 6546579.9784795353 0.0
387246.0686162887 6547079.9784795353 0.0
387246.0686162887 6547579.9784795353 0.0
387746.0686162887 6545579.9784795353 0.0
387746.0686162887 6546079.9784795353 0.0
387746.0686162887 6546579.9784795353 0.0
387746.0686162887 6547079.9784795353 0.0
387746.0686162887 6547579.9784795353 0.0
388246.0686162887 6545579.9784795353 0.0
388246.0686162887 6546079.9784795353 0.0
388246.0686162887 6546579.9784795353 0.0
388246.0686162887 6547079.9784795353 0.0
388246.0686162887 6547579.9784795353 0.0
387028.6306188880 6542455.4931605766 0.0
386016.2718111855 6541443.1343528740 0.0
386016.2718111855 6541943.1343528740 0.0
386016.2718111855 6542443.1343528740 0.0
386016.2718111855 6542943.1343528740 0.0
386016.2718111855 6543443.1343528740 0.0
386016.2718111855 6543943.1343528740 0.0
386016.2718111855 6544443.1343528740 0.0
386016.2718111855 6544943.1343528740 0.0
386016.2718111855 6545443.1343528740 0.0
386516.2718111855 6539443.1343528740 0.0
386516.2718111855 6539943.1343528740 0.0
386516.2718111855 6540443.1343528740 0.0
386516.2718111855 6540943.1343528740 0.0
386516.2718111855 6541443.1343528740 0.0
386516.2718111855 6541943.1343528740 0.0
386516.2718111855 6542443.1343528740 0.0
386516.2718111855 6542943.1343528740 0.0
386516.2718111855 6543443.1343528740 0.0
386516.2718111855 6543943.1343528740 0.0
386516.2718111855 6544443.1343528740 0.0
386516.2718111855 6544943.1343528740 0.0
387016.2718111855 6538443.1343528740 0.0
387016.2718111855 6538943.1343528740 0.0
387016.2718111855 6539443.1343528740 0.0
387016.2718111855 6539943.1343528740 0.0
387016.2718111855 6540443.1343528740 0.0
387016.2718111855 6540943.1343528740 0.0
387016.2718111855 6541443.1343528740 0.0
387016.2718111855 6541943.1343528740 0.0
387016.2718111855 6542443.1343528740 0.0
387016.2718111855 6542943.1343528740 0.0
387016.2718111855 6543443.1343528740 0.0
387016.2718111855 6543943.1343528740 0.0
387016.2718111855 6544443.1343528740 0.0
387016.2718111855 6544943.1343528740 0.0
387516.2718111855 6537943.1343528740 0.0
387516.2718111855 6538443.1343528740 0.0
387516.2718111855 6538943.1343528740 0.0
387516.2718111855 6539443.1343528740 0.0
387516.2718111855 6539943.1343528740 0.0
387516.2718111855 6540443.1343528740 0.0
387516.2718111855 6542443.1343528740 0.0
387516.2718111855 6542943.1343528740 0.0
387516.2718111855 6543443.1343528740 0.0
387516.2718111855 6543943.1343528740 0.0
387516.2718111855 6544443.1343528740 0.0
387516.2718111855 6544943.1343528740 0.0
388016.2718111855 6543443.1343528740 0.0
388016.2718111855 6543943.1343528740 0.0
388016.2718111855 6544443.1343528740 0.0
388016.2718111855 6544943.1343528740 0.0
388516.2718111855 6543443.1343528740 0.0
388516.2718111855 6543943.1343528740 0.0
388516.2718111855 6544443.1343528740 0.0
388516.2718111855 6544943.1343528740 0.0
388456.0809809468 6537490.2205521408 0.0
388579.5493383532 6537613.6889095474 0.0
379548.8255339413 6534979.6808236353 0.0
370333.4806303586 6544264.3359200526 0.0
370333.4806303586 6544764.3359200526 0.0
370333.4806303586 6545264.3359200526 0.0
370333.4806303586 6545764.3359200526 0.0
370333.4806303586 6546264.3359200526 0.0
370333.4806303586 6546764.3359200526 0.0
370333.4806303586 6547264.3359200526 0.0
370833.4806303586 6543764.3359200526 0.0
370833.4806303586 6544264.3359200526 0.0
370833.4806303586 6544764.3359200526 0.0
370833.4806303586 6545264.3359200526 0.0
370833.4806303586 6545764.3359200526 0.0
370833.4806303586 6546264.3359200526 0.0
370833.4806303586 6546764.3359200526 0.0
371333.4806303586 6543264.3359200526 0.0
371333.4806303586 6543764.3359200526 0.0
371333.4806303586 6544264.3359200526 0.0
371333.4806303586 6544764.3359200526 0.0
371333.4806303586 6545264.3359200526 0.0
371333.4806303586 6545764.3359200526 0.0
371333.4806303586 6546264.3359200526 0.0
371833.4806303586 6543264.3359200526 0.0
371833.4806303586 6543764.3359200526 0.0
371833.4806303586 6544264.3359200526 0.0
371833.4806303586 6544764.3359200526 0.0
371833.4806303586 6545264.3359200526 0.0
371833.4806303586 6545764.3359200526 0.0
371833.4806303586 6546264.3359200526 0.0
372333.4806303586 6542764.3359200526 0.0
372333.4806303586 6543264.3359200526 0.0
372333.4806303586 6543764.3359200526 0.0
372333.4806303586 6544264.3359200526 0.0
372333.4806303586 6544764.3359200526 0.0
372333.4806303586 6545264.3359200526 0.0
372333.4806303586 6545764.3359200526 0.0
372333.4806303586 6546264.3359200526 0.0
372833.4806303586 6542264.3359200526 0.0
372833.4806303586 6542764.3359200526 0.0
372833.4806303586 6543264.3359200526 0.0
372833.4806303586 6543764.3359200526 0.0
372833.4806303586 6544264.3359200526 0.0
372833.4806303586 6544764.3359200526 0.0
372833.4806303586 6545264.3359200526 0.0
372833.4806303586 6545764.3359200526 0.0
373333.4806303586 6541764.3359200526 0.0
373333.4806303586 6542264.3359200526 0.0
373333.4806303586 6542764.3359200526 0.0
373333.4806303586 6543264.3359200526 0.0
373333.4806303586 6543764.3359200526 0.0
373333.4806303586 6544264.3359200526 0.0
373333.4806303586 6544764.3359200526 0.0
373833.4806303586 6541264.3359200526 0.0
373833.4806303586 6541764.3359200526 0.0
373833.4806303586 6542264.3359200526 0.0
373833.4806303586 6542764.3359200526 0.0
373833.4806303586 6543264.3359200526 0.0
373833.4806303586 6543764.3359200526 0.0
373833.4806303586 6544264.3359200526 0.0
374333.4806303586 6540764.3359200526 0.0
374333.4806303586 6541264.3359200526 0.0
374333.4806303586 6541764.3359200526 0.0
374333.4806303586 6542264.3359200526 0.0
374333.4806303586 6542764.3359200526 0.0
374333.4806303586 6543264.3359200526 0.0
374333.4806303586 6543764.3359200526 0.0
374333.4806303586 6544264.3359200526 0.0
374833.4806303586 6540764.3359200526 0.0
374833.4806303586 6541264.3359200526 0.0
374833.4806303586 6541764.3359200526 0.0
374833.4806303586 6542264.3359200526 0.0
374833.4806303586 6542764.3359200526 0.0
374833.4806303586 6543264.3359200526 0.0
374833.4806303586 6543764.3359200526 0.0
375333.4806303586 6535264.3359200526 0.0
375333.4806303586 6540264.3359200526 0.0
375333.4806303586 6540764.3359200526 0.0
375333.4806303586 6541264.3359200526 0.0
375333.4806303586 6541764.3359200526 0.0
375333.4806303586 6542264.3359200526 0.0
375333.4806303586 6542764.3359200526 0.0
375833.4806303586 6534264.3359200526 0.0
375833.4806303586 6534764.3359200526 0.0
375833.4806303586 6539764.3359200526 0.0
375833.4806303586 6540264.3359200526 0.0
375833.4806303586 6540764.3359200526 0.0
375833.4806303586 6541264.3359200526 0.0
375833.4806303586 6541764.3359200526 0.0
376333.4806303586 6533264.3359200526 0.0
376333.4806303586 6533764.3359200526 0.0
376333.4806303586 6534264.3359200526 0.0
376333.4806303586 6534764.3359200526 0.0
376333.4806303586 6539264.3359200526 0.0
376333.4806303586 6539764.3359200526 0.0
376333.4806303586 6540264.3359200526 0.0
376333.4806303586 6540764.3359200526 0.0
376833.4806303586 6532264.3359200526 0.0
376833.4806303586 6532764.3359200526 0.0
376833.4806303586 6533264.3359200526 0.0
376833.4806303586 6533764.3359200526 0.0
376833.4806303586 6534264.3359200526 0.0
376833.4806303586 6538764.3359200526 0.0
376833.4806303586 6539264.3359200526 0.0
376833.4806303586 6539764.3359200526 0.0
377333.4806303586 6531764.3359200526 0.0
377333.4806303586 6532264.3359200526 0.0
377333.4806303586 6532764.3359200526 0.0
377333.4806303586 6533264.3359200526 0.0
377333.4806303586 6533764.3359200526 0.0
377333.4806303586 6534264.3359200526 0.0
377333.4806303586 6538264.3359200526 0.0
377333.4806303586 6538764.3359200526 0.0
377833.4806303586 6531264.3359200526 0.0
377833.4806303586 6531764.3359200526 0.0
377833.4806303586 6532264.3359200526 0.0
377833.4806303586 6532764.3359200526 0.0
377833.4806303586 6533264.3359200526 0.0
377833.4806303586 6537764.3359200526 0.0
377833.4806303586 6538264.3359200526 0.0
378333.4806303586 6530764.3359200526 0.0
378333.4806303586 6531264.3359200526 0.0
378333.4806303586 6531764.3359200526 0.0
378333.4806303586 6532264.3359200526 0.0
378333.4806303586 6532764.3359200526 0.0
378333.4806303586 6533264.3359200526 0.0
378333.4806303586 6536764.3359200526 0.0
378333.4806303586 6537264.3359200526 0.0
378833.4806303586 6530264.3359200526 0.0
378833.4806303586 6530764.3359200526 0.0
378833.4806303586 6531264.3359200526 0.0
378833.4806303586 6531764.3359200526 0.0
378833.4806303586 6532264.3359200526 0.0
378833.4806303586 6535764.3359200526 0.0
378833.4806303586 6536264.3359200526 0.0
379333.4806303586 6530264.3359200526 0.0
379333.4806303586 6530764.3359200526 0.0
379333.4806303586 6531264.3359200526 0.0
379333.4806303586 6531764.3359200526 0.0
379333.4806303586 6532264.3359200526 0.0
379333.4806303586 6532764.3359200526 0.0
379333.4806303586 6535264.3359200526 0.0
379333.4806303586 6535764.3359200526 0.0
379333.4806303586 6536264.3359200526 0.0
379833.4806303586 6529764.3359200526 0.0
379833.4806303586 6530264.3359200526 0.0
379833.4806303586 6530764.3359200526 0.0
379833.4806303586 6531264.3359200526 0.0
379833.4806303586 6531764.3359200526 0.0
379833.4806303586 6534764.3359200526 0.0
379833.4806303586 6535264.3359200526 0.0
379833.4806303586 6535764.3359200526 0.0
379833.4806303586 6536264.3359200526 0.0
379833.4806303586 6536764.3359200526 0.0
380333.4806303586 6529764.3359200526 0.0
380333.4806303586 6530264.3359200526 0.0
380333.4806303586 6530764.3359200526 0.0
380333.4806303586 6531264.3359200526 0.0
380333.4806303586 6532264.3359200526 0.0
380333.4806303586 6534264.3359200526 0.0
380333.4806303586 6534764.3359200526 0.0
380333.4806303586 6535264.3359200526 0.0
380333.4806303586 6535764.3359200526 0.0
380333.4806303586 6536264.3359200526 0.0
380833.4806303586 6529264.3359200526 0.0
380833.4806303586 6529764.3359200526 0.0
380833.4806303586 6530264.3359200526 0.0
380833.4806303586 6530764.3359200526 0.0
380833.4806303586 6531264.3359200526 0.0
380833.4806303586 6531764.3359200526 0.0
380833.4806303586 6533764.3359200526 0.0
380833.4806303586 6534264.3359200526 0.0
380833.4806303586 6534764.3359200526 0.0
380833.4806303586 6535264.3359200526 0.0
380833.4806303586 6535764.3359200526 0.0
381333.4806303586 6528264.3359200526 0.0
381333.4806303586 6528764.3359200526 0.0
381333.4806303586 6529264.3359200526 0.0
381333.4806303586 6529764.3359200526 0.0
381333.4806303586 6530264.3359200526 0.0
381333.4806303586 6530764.3359200526 0.0
381333.4806303586 6532764.3359200526 0.0
381333.4806303586 6533264.3359200526 0.0
381333.4806303586 6533764.3359200526 0.0
381333.4806303586 6534264.3359200526 0.0
381333.4806303586 6534764.3359200526 0.0
381333.4806303586 6535264.3359200526 0.0
381833.4806303586 6528264.3359200526 0.0
381833.4806303586 6528764.3359200526 0.0
381833.4806303586 6529264.3359200526 0.0
381833.4806303586 6529764.3359200526 0.0
381833.4806303586 6530264.3359200526 0.0
381833.4806303586 6531264.3359200526 0.0
381833.4806303586 6531764.3359200526 0.0
381833.4806303586 6532264.3359200526 0.0
381833.4806303586 6532764.3359200526 0.0
381833.4806303586 6533264.3359200526 0.0
381833.4806303586 6533764.3359200526 0.0
381833.4806303586 6534264.3359200526 0.0
381833.4806303586 6534764.3359200526 0.0
382333.4806303586 6527764.3359200526 0.0
382333.4806303586 6528264.3359200526 0.0
382333.4806303586 6528764.3359200526 0.0
382333.4806303586 6529264.3359200526 0.0
382333.4806303586 6529764.3359200526 0.0
382333.4806303586 6530764.3359200526 0.0
382333.4806303586 6531264.3359200526 0.0
382333.4806303586 6531764.3359200526 0.0
382333.4806303586 6532264.3359200526 0.0
382333.4806303586 6532764.3359200526 0.0
382333.4806303586 6533264.3359200526 0.0
382333.4806303586 6533764.3359200526 0.0
382333.4806303586 6534264.3359200526 0.0
382833.4806303586 6527764.3359200526 0.0
382833.4806303586 6528264.3359200526 0.0
382833.4806303586 6528764.3359200526 0.0
382833.4806303586 6529264.3359200526 0.0
382833.4806303586 6529764.3359200526 0.0
382833.4806303586 6530264.3359200526 0.0
382833.4806303586 6530764.3359200526 0.0
382833.4806303586 6531264.3359200526 0.0
382833.4806303586 6531764.3359200526 0.0
382833.4806303586 6532264.3359200526 0.0
382833.4806303586 6532764.3359200526 0.0
382833.4806303586 6533264.3359200526 0.0
382833.4806303586 6533764.3359200526 0.0
383333.4806303586 6527764.3359200526 0.0
383333.4806303586 6528264.3359200526 0.0
383333.4806303586 6528764.3359200526 0.0
383333.4806303586 6529264.3359200526 0.0
383333.4806303586 6530264.3359200526 0.0
383333.4806303586 6530764.3359200526 0.0
383333.4806303586 6531264.3359200526 0.0
383333.4806303586 6531764.3359200526 0.0
383333.4806303586 6532764.3359200526 0.0
383333.4806303586 6533264.3359200526 0.0
383833.4806303586 6527764.3359200526 0.0
383833.4806303586 6528264.3359200526 0.0
383833.4806303586 6528764.3359200526 0.0
383833.4806303586 6529264.3359200526 0.0
383833.4806303586 6529764.3359200526 0.0
383833.4806303586 6530264.3359200526 0.0
383833.4806303586 6530764.3359200526 0.0
383833.4806303586 6531264.3359200526 0.0
383833.4806303586 6531764.3359200526 0.0
383833.4806303586 6532264.3359200526 0.0
383833.4806303586 6532764.3359200526 0.0
384333.4806303586 6527764.3359200526 0.0
384333.4806303586 6528264.3359200526 0.0
384333.4806303586 6528764.3359200526 0.0
384333.4806303586 6529764.3359200526 0.0
384333.4806303586 6530264.3359200526 0.0
384333.4806303586 6530764.3359200526 0.0
384333.4806303586 6531264.3359200526 0.0
384333.4806303586 6531764.3359200526 0.0
384333.4806303586 6532264.3359200526 0.0
384333.4806303586 6532764.3359200526 0.0
384833.4806303586 6527764.3359200526 0.0
384833.4806303586 6528264.3359200526 0.0
384833.4806303586 6528764.3359200526 0.0
384833.4806303586 6529264.3359200526 0.0
384833.4806303586 6530264.3359200526 0.0
384833.4806303586 6530764.3359200526 0.0
384833.4806303586 6531264.3359200526 0.0
384833.4806303586 6531764.3359200526 0.0
384833.4806303586 6532264.3359200526 0.0
385333.4806303586 6527764.3359200526 0.0
385333.4806303586 6528264.3359200526 0.0
385333.4806303586 6528764.3359200526 0.0
385333.4806303586 6531764.3359200526 0.0
385833.4806303586 6529264.3359200526 0.0
385833.4806303586 6529764.3359200526 0.0
385833.4806303586 6530264.3359200526 0.0
385833.4806303586 6530764.3359200526 0.0
385833.4806303586 6531264.3359200526 0.0
385833.4806303586 6531764.3359200526 0.0
386333.4806303586 6527764.3359200526 0.0
386333.4806303586 6528764.3359200526 0.0
386333.4806303586 6529264.3359200526 0.0
386333.4806303586 6529764.3359200526 0.0
386333.4806303586 6530264.3359200526 0.0
386333.4806303586 6530764.3359200526 0.0
386833.4806303586 6527764.3359200526 0.0
386833.4806303586 6528264.3359200526 0.0
386833.4806303586 6528764.3359200526 0.0
386833.4806303586 6529264.3359200526 0.0
386833.4806303586 6529764.3359200526 0.0
386833.4806303586 6530264.3359200526 0.0
387333.4806303586 6527764.3359200526 0.0
387333.4806303586 6528264.3359200526 0.0
387333.4806303586 6528764.3359200526 0.0
387333.4806303586 6529264.3359200526 0.0
387333.4806303586 6529764.3359200526 0.0
387833.4806303586 6527764.3359200526 0.0
387833.4806303586 6528264.3359200526 0.0
387833.4806303586 6528764.3359200526 0.0
387833.4806303586 6529264.3359200526 0.0
387833.4806303586 6529764.3359200526 0.0
387833.4806303586 6530264.3359200526 0.0
387833.4806303586 6530764.3359200526 0.0
387833.4806303586 6531264.3359200526 0.0
387833.4806303586 6531764.3359200526 0.0
388333.4806303586 6527764.3359200526 0.0
388333.4806303586 6528264.3359200526 0.0
388333.4806303586 6528764.3359200526 0.0
388333.4806303586 6529264.3359200526 0.0
388333.4806303586 6529764.3359200526 0.0
388333.4806303586 6530264.3359200526 0.0
388333.4806303586 6530764.3359200526 0.0
388333.4806303586 6531264.3359200526 0.0
373313.6926070558 6532930.8016320560 0.0
370342.2047589910 6529959.3137839912 0.0
370342.2047589910 6530459.3137839912 0.0
370342.2047589910 6530959.3137839912 0.0
370342.2047589910 6531459.3137839912 0.0
370342.2047589910 6531959.3137839912 0.0
370342.2047589910 6532459.3137839912 0.0
370342.2047589910 6532959.3137839912 0.0
370342.2047589910 6533459.3137839912 0.0
370342.2047589910 6533959.3137839912 0.0
370342.2047589910 6534459.3137839912 0.0
370342.2047589910 6534959.3137839912 0.0
370342.2047589910 6535459.3137839912 0.0
370342.2047589910 6535959.3137839912 0.0
370342.2047589910 6536459.3137839912 0.0
370342.2047589910 6536959.3137839912 0.0
370342.2047589910 6537459.3137839912 0.0
370342.2047589910 6537959.3137839912 0.0
370342.2047589910 6538459.3137839912 0.0
370342.2047589910 6538959.3137839912 0.0
370342.2047589910 6539459.3137839912 0.0
370342.2047589910 6539959.3137839912 0.0
370342.2047589910 6540459.3137839912 0.0
370342.2047589910 6540959.3137839912 0.0
370342.2047589910 6541459.3137839912 0.0
370342.2047589910 6541959.3137839912 0.0
370342.2047589910 6542459.3137839912 0.0
370842.2047589910 6529459.3137839912 0.0
370842.2047589910 6529959.3137839912 0.0
370842.2047589910 6530459.3137839912 0.0
370842.2047589910 6530959.3137839912 0.0
370842.2047589910 6531459.3137839912 0.0
370842.2047589910 6531959.3137839912 0.0
370842.2047589910 6532459.3137839912 0.0
370842.2047589910 6532959.3137839912 0.0
370842.2047589910 6533459.3137839912 0.0
370842.2047589910 6533959.3137839912 0.0
370842.2047589910 6534459.3137839912 0.0
370842.2047589910 6534959.3137839912 0.0
370842.2047589910 6535459.3137839912 0.0
370842.2047589910 6535959.3137839912 0.0
370842.2047589910 6536459.3137839912 0.0
370842.2047589910 6536959.3137839912 0.0
370842.2047589910 6537459.3137839912 0.0
370842.2047589910 6537959.3137839912 0.0
370842.2047589910 6538459.3137839912 0.0
370842.2047589910 6538959.3137839912 0.0
370842.2047589910 6539459.3137839912 0.0
370842.2047589910 6539959.3137839912 0.0
370842.2047589910 6540459.3137839912 0.0
370842.2047589910 6540959.3137839912 0.0
370842.2047589910 6541459.3137839912 0.0
371342.2047589910 6528459.3137839912 0.0
371342.2047589910 6528959.3137839912 0.0
371342.2047589910 6529459.3137839912 0.0
371342.2047589910 6529959.3137839912 0.0
371342.2047589910 6530459.3137839912 0.0
371342.2047589910 6530959.3137839912 0.0
371342.2047589910 6531459.3137839912 0.0
371342.2047589910 6531959.3137839912 0.0
371342.2047589910 6532459.3137839912 0.0
371342.2047589910 6532959.3137839912 0.0
371342.2047589910 6533459.3137839912 0.0
371342.2047589910 6533959.3137839912 0.0
371342.2047589910 6534459.3137839912 0.0
371342.2047589910 6534959.3137839912 0.0
371342.2047589910 6535459.3137839912 0.0
371342.2047589910 6535959.3137839912 0.0
371342.2047589910 6536459.3137839912 0.0
371342.2047589910 6536959.3137839912 0.0
371342.2047589910 6537459.3137839912 0.0
371342.2047589910 6537959.3137839912 0.0
371342.2047589910 6538459.3137839912 0.0
371342.2047589910 6538959.3137839912 0.0
371342.2047589910 6539459.3137839912 0.0
371342.2047589910 6539959.3137839912 0.0
371342.2047589910 6540459.3137839912 0.0
371342.2047589910 6540959.3137839912 0.0
371842.2047589910 6527459.3137839912 0.0
371842.2047589910 6527959.3137839912 0.0
371842.2047589910 6528459.3137839912 0.0
371842.2047589910 6528959.3137839912 0.0
371842.2047589910 6529459.3137839912 0.0
371842.2047589910 6529959.3137839912 0.0
371842.2047589910 6530459.3137839912 0.0
371842.2047589910 6530959.3137839912 0.0
371842.2047589910 6531459.3137839912 0.0
371842.2047589910 6531959.3137839912 0.0
371842.2047589910 6532459.3137839912 0.0
371842.2047589910 6532959.3137839912 0.0
371842.2047589910 6533459.3137839912 0.0
371842.2047589910 6533959.3137839912 0.0
371842.2047589910 6534459.3137839912 0.0
371842.2047589910 6534959.3137839912 0.0
371842.2047589910 6535459.3137839912 0.0
371842.2047589910 6535959.3137839912 0.0
371842.2047589910 6536459.3137839912 0.0
371842.2047589910 6536959.3137839912 0.0
371842.2047589910 6537459.3137839912 0.0
371842.2047589910 6537959.3137839912 0.0
371842.2047589910 6538459.3137839912 0.0
371842.2047589910 6538959.3137839912 0.0
371842.2047589910 6539459.3137839912 0.0
371842.2047589910 6539959.3137839912 0.0
371842.2047589910 6540459.3137839912 0.0
372342.2047589910 6527459.3137839912 0.0
372342.2047589910 6527959.3137839912 0.0
372342.2047589910 6528459.3137839912 0.0
372342.2047589910 6528959.3137839912 0.0
372342.2047589910 6529459.3137839912 0.0
372342.2047589910 6529959.3137839912 0.0
372342.2047589910 6530459.3137839912 0.0
372342.2047589910 6530959.3137839912 0.0
372342.2047589910 6531459.3137839912 0.0
372342.2047589910 6531959.3137839912 0.0
372342.2047589910 6532459.3137839912 0.0
372342.2047589910 6532959.3137839912 0.0
372342.2047589910 6533459.3137839912 0.0
372342.2047589910 6533959.3137839912 0.0
372342.2047589910 6534459.3137839912 0.0
372342.2047589910 6534959.3137839912 0.0
372342.2047589910 6535459.3137839912 0.0
372342.2047589910 6535959.3137839912 0.0
372342.2047589910 6536459.3137839912 0.0
372342.2047589910 6536959.3137839912 0.0
372342.2047589910 6537459.3137839912 0.0
372342.2047589910 6537959.3137839912 0.0
372342.2047589910 6538459.3137839912 0.0
372342.2047589910 6538959.3137839912 0.0
372342.2047589910 6539459.3137839912 0.0
372342.2047589910 6539959.3137839912 0.0
372842.2047589910 6527459.3137839912 0.0
372842.2047589910 6527959.3137839912 0.0
372842.2047589910 6528459.3137839912 0.0
372842.2047589910 6528959.3137839912 0.0
372842.2047589910 6529459.3137839912 0.0
372842.2047589910 6529959.3137839912 0.0
372842.2047589910 6530459.3137839912 0.0
372842.2047589910 6530959.3137839912 0.0
372842.2047589910 6531459.3137839912 0.0
372842.2047589910 6531959.3137839912 0.0
372842.2047589910 6532459.3137839912 0.0
372842.2047589910 6532959.3137839912 0.0
372842.2047589910 6533459.3137839912 0.0
372842.2047589910 6533959.3137839912 0.0
372842.2047589910 6534459.3137839912 0.0
372842.2047589910 6534959.3137839912 0.0
372842.2047589910 6535459.3137839912 0.0
372842.2047589910 6535959.3137839912 0.0
372842.2047589910 6536459.3137839912 0.0
372842.2047589910 6536959.3137839912 0.0
372842.2047589910 6537459.3137839912 0.0
372842.2047589910 6537959.3137839912 0.0
372842.2047589910 6538459.3137839912 0.0
372842.2047589910 6538959.3137839912 0.0
373342.2047589910 6527459.3137839912 0.0
373342.2047589910 6527959.3137839912 0.0
373342.2047589910 6528459.3137839912 0.0
373342.2047589910 6528959.3137839912 0.0
373342.2047589910 6529459.3137839912 0.0
373342.2047589910 6529959.3137839912 0.0
373342.2047589910 6530459.3137839912 0.0
373342.2047589910 6530959.3137839912 0.0
373342.2047589910 6531459.3137839912 0.0
373342.2047589910 6531959.3137839912 0.0
373342.2047589910 6532459.3137839912 0.0
373342.2047589910 6532959.3137839912 0.0
373342.2047589910 6533459.3137839912 0.0
373342.2047589910 6533959.3137839912 0.0
373342.2047589910 6534459.3137839912 0.0
373342.2047589910 6534959.3137839912 0.0
373342.2047589910 6535459.3137839912 0.0
373342.2047589910 6535959.3137839912 0.0
373342.2047589910 6536459.3137839912 0.0
373342.2047589910 6536959.3137839912 0.0
373342.2047589910 6537459.3137839912 0.0
373342.2047589910 6537959.3137839912 0.0
373342.2047589910 6538459.3137839912 0.0
373842.2047589910 6527459.3137839912 0.0
373842.2047589910 6527959.3137839912 0.0
373842.2047589910 6528459.3137839912 0.0
373842.2047589910 6528959.3137839912 0.0
373842.2047589910 6529459.3137839912 0.0
373842.2047589910 6529959.3137839912 0.0
373842.2047589910 6530459.3137839912 0.0
373842.2047589910 6530959.3137839912 0.0
373842.2047589910 6531459.3137839912 0.0
373842.2047589910 6531959.3137839912 0.0
373842.2047589910 6532459.3137839912 0.0
373842.2047589910 6532959.3137839912 0.0
373842.2047589910 6533459.3137839912 0.0
373842.2047589910 6533959.3137839912 0.0
373842.2047589910 6534459.3137839912 0.0
373842.2047589910 6534959.3137839912 0.0
373842.2047589910 6535459.3137839912 0.0
373842.2047589910 6535959.3137839912 0.0
373842.2047589910 6536459.3137839912 0.0
373842.2047589910 6536959.3137839912 0.0
373842.2047589910 6537459.3137839912 0.0
374342.2047589910 6527459.3137839912 0.0
374342.2047589910 6527959.3137839912 0.0
374342.2047589910 6528459.3137839912 0.0
374342.2047589910 6528959.3137839912 0.0
374342.2047589910 6529459.3137839912 0.0
374342.2047589910 6529959.3137839912 0.0
374342.2047589910 6530459.3137839912 0.0
374342.2047589910 6530959.3137839912 0.0
374342.2047589910 6531459.3137839912 0.0
374342.2047589910 6531959.3137839912 0.0
374342.2047589910 6532459.3137839912 0.0
374342.2047589910 6532959.3137839912 0.0
374342.2047589910 6533459.3137839912 0.0
374342.2047589910 6533959.3137839912 0.0
374342.2047589910 6534459.3137839912 0.0
374342.2047589910 6534959.3137839912 0.0
374342.2047589910 6535459.3137839912 0.0
374342.2047589910 6535959.3137839912 0.0
374342.2047589910 6536459.3137839912 0.0
374842.2047589910 6527459.3137839912 0.0
374842.2047589910 6527959.3137839912 0.0
374842.2047589910 6528459.3137839912 0.0
374842.2047589910 6528959.3137839912 0.0
374842.2047589910 6529459.3137839912 0.0
374842.2047589910 6529959.3137839912 0.0
374842.2047589910 6530459.3137839912 0.0
374842.2047589910 6530959.3137839912 0.0
374842.2047589910 6531459.3137839912 0.0
374842.2047589910 6531959.3137839912 0.0
374842.2047589910 6532459.3137839912 0.0
374842.2047589910 6532959.3137839912 0.0
374842.2047589910 6533459.3137839912 0.0
374842.2047589910 6533959.3137839912 0.0
374842.2047589910 6534459.3137839912 0.0
374842.2047589910 6534959.3137839912 0.0
374842.2047589910 6535459.3137839912 0.0
375342.2047589910 6527459.3137839912 0.0
375342.2047589910 6527959.3137839912 0.0
375342.2047589910 6528459.3137839912 0.0
375342.2047589910 6528959.3137839912 0.0
375342.2047589910 6529459.3137839912 0.0
375342.2047589910 6529959.3137839912 0.0
375342.2047589910 6530459.3137839912 0.0
375342.2047589910 6530959.3137839912 0.0
375342.2047589910 6531459.3137839912 0.0
375342.2047589910 6531959.3137839912 0.0
375342.2047589910 6532459.3137839912 0.0
375342.2047589910 6532959.3137839912 0.0
375342.2047589910 6533459.3137839912 0.0
375342.2047589910 6533959.3137839912 0.0
375342.2047589910 6534459.3137839912 0.0
375842.2047589910 6527459.3137839912 0.0
375842.2047589910 6527959.3137839912 0.0
375842.2047589910 6528459.3137839912 0.0
375842.2047589910 6528959.3137839912 0.0
375842.2047589910 6529459.3137839912 0.0
375842.2047589910 6529959.3137839912 0.0
375842.2047589910 6530459.3137839912 0.0
375842.2047589910 6530959.3137839912 0.0
375842.2047589910 6531459.3137839912 0.0
375842.2047589910 6531959.3137839912 0.0
375842.2047589910 6532459.3137839912 0.0
375842.2047589910 6532959.3137839912 0.0
375842.2047589910 6533459.3137839912 0.0
376342.2047589910 6527459.3137839912 0.0
376342.2047589910 6527959.3137839912 0.0
376342.2047589910 6528459.3137839912 0.0
376342.2047589910 6528959.3137839912 0.0
376342.2047589910 6529459.3137839912 0.0
376342.2047589910 6529959.3137839912 0.0
376342.2047589910 6530459.3137839912 0.0
376342.2047589910 6530959.3137839912 0.0
376342.2047589910 6531459.3137839912 0.0
376342.2047589910 6531959.3137839912 0.0
376342.2047589910 6532459.3137839912 0.0
376842.2047589910 6527459.3137839912 0.0
376842.2047589910 6527959.3137839912 0.0
376842.2047589910 6528459.3137839912 0.0
376842.2047589910 6528959.3137839912 0.0
376842.2047589910 6529459.3137839912 0.0
376842.2047589910 6529959.3137839912 0.0
376842.2047589910 6530459.3137839912 0.0
376842.2047589910 6530959.3137839912 0.0
376842.2047589910 6531459.3137839912 0.0
376842.2047589910 6531959.3137839912 0.0
377342.2047589910 6527459.3137839912 0.0
377342.2047589910 6527959.3137839912 0.0
377342.2047589910 6528459.3137839912 0.0
377342.2047589910 6528959.3137839912 0.0
377342.2047589910 6529459.3137839912 0.0
377342.2047589910 6529959.3137839912 0.0
377342.2047589910 6530459.3137839912 0.0
377342.2047589910 6530959.3137839912 0.0
377842.2047589910 6527459.3137839912 0.0
377842.2047589910 6527959.3137839912 0.0
377842.2047589910 6528459.3137839912 0.0
377842.2047589910 6528959.3137839912 0.0
377842.2047589910 6529459.3137839912 0.0
377842.2047589910 6529959.3137839912 0.0
378342.2047589910 6527459.3137839912 0.0
378342.2047589910 6527959.3137839912 0.0
378342.2047589910 6528459.3137839912 0.0
378342.2047589910 6528959.3137839912 0.0
378842.2047589910 6527459.3137839912 0.0
370885.0688820940 6528320.1593008712 0.0
370423.5689884445 6528858.6594072217 0.0
370423.5689884445 6529358.6594072217 0.0
370923.5689884445 6527358.6594072217 0.0
370923.5689884445 6527858.6594072217 0.0
370923.5689884445 6528358.6594072217 0.0
370923.5689884445 6528858.6594072217 0.0
371423.5689884445 6527358.6594072217 0.0
371423.5689884445 6527858.6594072217 0.0
386875.6632513093 6534089.6039175121 0.0
386065.5910249489 6537279.5316911517 0.0
386065.5910249489 6537779.5316911517 0.0
386565.5910249489 6535279.5316911517 0.0
386565.5910249489 6535779.5316911517 0.0
386565.5910249489 6536279.5316911517 0.0
386565.5910249489 6536779.5316911517 0.0
387065.5910249489 6532279.5316911517 0.0
387065.5910249489 6532779.5316911517 0.0
387065.5910249489 6533279.5316911517 0.0
387065.5910249489 6533779.5316911517 0.0
387065.5910249489 6534279.5316911517 0.0
387065.5910249489 6534779.5316911517 0.0
387565.5910249489 6529779.5316911517 0.0
387565.5910249489 6530279.5316911517 0.0
387565.5910249489 6530779.5316911517 0.0
387565.5910249489 6531279.5316911517 0.0
373484.8004117056 6546724.0211457387 0.0
372491.4685089324 6547230.6892429655 0.0
372991.4685089324 6546730.6892429655 0.0
372991.4685089324 6547230.6892429655 0.0
373491.4685089324 6545730.6892429655 0.0
373491.4685089324 6546230.6892429655 0.0
373491.4685089324 6546730.6892429655 0.0
373491.4685089324 6547230.6892429655 0.0
373991.4685089324 6545730.6892429655 0.0
373991.4685089324 6546230.6892429655 0.0
373991.4685089324 6547230.6892429655 0.0
373991.4685089324 6547730.6892429655 0.0
378625.4231464511 6532761.6175591378 0.0
379625.4231464511 6532261.6175591378 0.0
380625.4231464511 6531761.6175591378 0.0
381125.4231464511 6531261.6175591378 0.0
382625.4231464511 6530261.6175591378 0.0
383625.4231464511 6529761.6175591378 0.0
384625.4231464511 6529761.6175591378 0.0
385125.4231464511 6529261.6175591378 0.0
385125.4231464511 6529761.6175591378 0.0
385125.4231464511 6530261.6175591378 0.0
385125.4231464511 6530761.6175591378 0.0
385625.4231464511 6527761.6175591378 0.0
385625.4231464511 6531261.6175591378 0.0
385625.4231464511 6531761.6175591378 0.0
386125.4231464511 6527761.6175591378 0.0
386125.4231464511 6528261.6175591378 0.0
386125.4231464511 6528761.6175591378 0.0
377843.1750636387 6540992.6042917240 0.0
371901.1353734077 6546550.5646014931 0.0
371901.1353734077 6547050.5646014931 0.0
372401.1353734077 6546550.5646014931 0.0
372401.1353734077 6547050.5646014931 0.0
372901.1353734077 6546050.5646014931 0.0
373401.1353734077 6545050.5646014931 0.0
373401.1353734077 6545550.5646014931 0.0
373901.1353734077 6545050.5646014931 0.0
374401.1353734077 6544550.5646014931 0.0
374401.1353734077 6545050.5646014931 0.0
374401.1353734077 6547550.5646014931 0.0
374901.1353734077 6544050.5646014931 0.0
374901.1353734077 6544550.5646014931 0.0
374901.1353734077 6545050.5646014931 0.0
374901.1353734077 6545550.5646014931 0.0
374901.1353734077 6546050.5646014931 0.0
374901.1353734077 6546550.5646014931 0.0
374901.1353734077 6547050.5646014931 0.0
374901.1353734077 6547550.5646014931 0.0
375401.1353734077 6543050.5646014931 0.0
375401.1353734077 6543550.5646014931 0.0
375401.1353734077 6544050.5646014931 0.0
375401.1353734077 6544550.5646014931 0.0
375401.1353734077 6545050.5646014931 0.0
375401.1353734077 6545550.5646014931 0.0
375401.1353734077 6546050.5646014931 0.0
375401.1353734077 6546550.5646014931 0.0
375401.1353734077 6547050.5646014931 0.0
375401.1353734077 6547550.5646014931 0.0
375901.1353734077 6542050.5646014931 0.0
375901.1353734077 6542550.5646014931 0.0
375901.1353734077 6543050.5646014931 0.0
375901.1353734077 6543550.5646014931 0.0
375901.1353734077 6544050.5646014931 0.0
375901.1353734077 6544550.5646014931 0.0
375901.1353734077 6545050.5646014931 0.0
375901.1353734077 6545550.5646014931 0.0
375901.1353734077 6546050.5646014931 0.0
375901.1353734077 6546550.5646014931 0.0
376401.1353734077 6541050.5646014931 0.0
376401.1353734077 6541550.5646014931 0.0
376401.1353734077 6542050.5646014931 0.0
376401.1353734077 6542550.5646014931 0.0
376401.1353734077 6543050.5646014931 0.0
376401.1353734077 6543550.5646014931 0.0
376401.1353734077 6544050.5646014931 0.0
376401.1353734077 6544550.5646014931 0.0
376401.1353734077 6545050.5646014931 0.0
376401.1353734077 6545550.5646014931 0.0
376901.1353734077 6540550.5646014931 0.0
376901.1353734077 6541050.5646014931 0.0
376901.1353734077 6541550.5646014931 0.0
376901.1353734077 6542050.5646014931 0.0
376901.1353734077 6542550.5646014931 0.0
376901.1353734077 6543050.5646014931 0.0
376901.1353734077 6543550.5646014931 0.0
376901.1353734077 6544050.5646014931 0.0
376901.1353734077 6544550.5646014931 0.0
377401.1353734077 6539550.5646014931 0.0
377401.1353734077 6540050.5646014931 0.0
377401.1353734077 6540550.5646014931 0.0
377401.1353734077 6541050.5646014931 0.0
377401.1353734077 6541550.5646014931 0.0
377401.1353734077 6542050.5646014931 0.0
377401.1353734077 6542550.5646014931 0.0
377401.1353734077 6543050.5646014931 0.0
377401.1353734077 6543550.5646014931 0.0
377901.1353734077 6538550.5646014931 0.0
377901.1353734077 6539050.5646014931 0.0
377901.1353734077 6539550.5646014931 0.0
377901.1353734077 6540050.5646014931 0.0
377901.1353734077 6540550.5646014931 0.0
377901.1353734077 6541050.5646014931 0.0
377901.1353734077 6541550.5646014931 0.0
377901.1353734077 6542050.5646014931 0.0
377901.1353734077 6542550.5646014931 0.0
378401.1353734077 6537550.5646014931 0.0
378401.1353734077 6538050.5646014931 0.0
378401.1353734077 6538550.5646014931 0.0
378401.1353734077 6539050.5646014931 0.0
378401.1353734077 6539550.5646014931 0.0
378401.1353734077 6540050.5646014931 0.0
378401.1353734077 6540550.5646014931 0.0
378401.1353734077 6541050.5646014931 0.0
378401.1353734077 6541550.5646014931 0.0
378901.1353734077 6537050.5646014931 0.0
378901.1353734077 6537550.5646014931 0.0
378901.1353734077 6538050.5646014931 0.0
378901.1353734077 6538550.5646014931 0.0
378901.1353734077 6539050.5646014931 0.0
378901.1353734077 6539550.5646014931 0.0
378901.1353734077 6540050.5646014931 0.0
378901.1353734077 6540550.5646014931 0.0
378901.1353734077 6541050.5646014931 0.0
379401.1353734077 6536550.5646014931 0.0
379401.1353734077 6537050.5646014931 0.0
379401.1353734077 6537550.5646014931 0.0
379401.1353734077 6538050.5646014931 0.0
379401.1353734077 6538550.5646014931 0.0
379401.1353734077 6539050.5646014931 0.0
379401.1353734077 6539550.5646014931 0.0
379401.1353734077 6540050.5646014931 0.0
379901.1353734077 6537050.5646014931 0.0
379901.1353734077 6537550.5646014931 0.0
379901.1353734077 6538050.5646014931 0.0
379901.1353734077 6538550.5646014931 0.0
379901.1353734077 6539050.5646014931 0.0
380401.1353734077 6536550.5646014931 0.0
380401.1353734077 6537050.5646014931 0.0
380401.1353734077 6537550.5646014931 0.0
380401.1353734077 6538050.5646014931 0.0
380401.1353734077 6538550.5646014931 0.0
380901.1353734077 6536050.5646014931 0.0
380901.1353734077 6536550.5646014931 0.0
380901.1353734077 6537050.5646014931 0.0
380901.1353734077 6537550.5646014931 0.0
381401.1353734077 6535550.5646014931 0.0
381401.1353734077 6536050.5646014931 0.0
381401.1353734077 6536550.5646014931 0.0
381401.1353734077 6537050.5646014931 0.0
381901.1353734077 6535050.5646014931 0.0
381901.1353734077 6535550.5646014931 0.0
381901.1353734077 6536050.5646014931 0.0
382401.1353734077 6534550.5646014931 0.0
382401.1353734077 6535050.5646014931 0.0
382401.1353734077 6535550.5646014931 0.0
382901.1353734077 6534550.5646014931 0.0
382901.1353734077 6535050.5646014931 0.0
383401.1353734077 6534050.5646014931 0.0
383401.1353734077 6534550.5646014931 0.0
383901.1353734077 6533550.5646014931 0.0
384401.1353734077 6533050.5646014931 0.0
384901.1353734077 6532550.5646014931 0.0
371498.5190254510 6547409.2557406910 0.0
371241.7523440867 6547152.4890593262 0.0
371241.7523440867 6547652.4890593262 0.0
371741.7523440867 6547152.4890593262 0.0
371741.7523440867 6547652.4890593262 0.0
374225.9003783442 6546471.4102848032 0.0
373542.1712262161 6546787.6811326751 0.0
374042.1712262161 6546787.6811326751 0.0
374542.1712262161 6545787.6811326751 0.0
374542.1712262161 6546287.6811326751 0.0
374542.1712262161 6546787.6811326751 0.0
388087.8031070518 6540402.5579330204 0.0
387545.6609169800 6540860.4157429487 0.0
387545.6609169800 6541360.4157429487 0.0
387545.6609169800 6541860.4157429487 0.0
387545.6609169800 6542360.4157429487 0.0
388045.6609169800 6537860.4157429487 0.0
388045.6609169800 6538360.4157429487 0.0
388045.6609169800 6538860.4157429487 0.0
388045.6609169800 6539360.4157429487 0.0
388045.6609169800 6539860.4157429487 0.0
388045.6609169800 6540360.4157429487 0.0
388045.6609169800 6540860.4157429487 0.0
388045.6609169800 6541360.4157429487 0.0
388045.6609169800 6541860.4157429487 0.0
388045.6609169800 6542360.4157429487 0.0
388045.6609169800 6542860.4157429487 0.0
388545.6609169800 6537860.4157429487 0.0
388545.6609169800 6538360.4157429487 0.0
388545.6609169800 6538860.4157429487 0.0
388545.6609169800 6539360.4157429487 0.0
388545.6609169800 6539860.4157429487 0.0
388545.6609169800 6540360.4157429487 0.0
388545.6609169800 6540860.4157429487 0.0
388545.6609169800 6541360.4157429487 0.0
388545.6609169800 6541860.4157429487 0.0
388545.6609169800 6542360.4157429487 0.0
388545.6609169800 6542860.4157429487 0.0
388545.6609169800 6543360.4157429487 0.0
387986.1292233971 6534107.2790558692 0.0
387398.7845487205 6532519.9343811926 0.0
387398.7845487205 6533019.9343811926 0.0
387398.7845487205 6533519.9343811926 0.0
387398.7845487205 6534019.9343811926 0.0
387398.7845487205 6534519.9343811926 0.0
387398.7845487205 6535019.9343811926 0.0
387398.7845487205 6535519.9343811926 0.0
387398.7845487205 6536019.9343811926 0.0
387898.7845487205 6532019.9343811926 0.0
387898.7845487205 6532519.9343811926 0.0
387898.7845487205 6533019.9343811926 0.0
387898.7845487205 6533519.9343811926 0.0
387898.7845487205 6534019.9343811926 0.0
387898.7845487205 6534519.9343811926 0.0
387898.7845487205 6535019.9343811926 0.0
387898.7845487205 6535519.9343811926 0.0
387898.7845487205 6536019.9343811926 0.0
388398.7845487205 6532019.9343811926 0.0
388398.7845487205 6532519.9343811926 0.0
388398.7845487205 6533019.9343811926 0.0
388398.7845487205 6533519.9343811926 0.0
388398.7845487205 6534019.9343811926 0.0
388398.7845487205 6534519.9343811926 0.0
388398.7845487205 6535019.9343811926 0.0
388398.7845487205 6535519.9343811926 0.0
388398.7845487205 6536019.9343811926 0.0
388398.7845487205 6536519.9343811926 0.0
383301.0606102400 6532449.1724174172 0.0
382984.1423554837 6532632.2541626608 0.0
382984.1423554837 6533132.2541626608 0.0
383484.1423554837 6532132.2541626608 0.0
385114.2946492889 6542563.5040867776 0.0
385114.2946492889 6543063.5040867776 0.0
385114.2946492889 6543563.5040867776 0.0
385114.2946492889 6544063.5040867776 0.0
385114.2946492889 6544563.5040867776 0.0
385114.2946492889 6545063.5040867776 0.0
385114.2946492889 6545563.5040867776 0.0
385114.2946492889 6546063.5040867776 0.0
385114.2946492889 6546563.5040867776 0.0
385614.2946492889 6539063.5040867776 0.0
385614.2946492889 6539563.5040867776 0.0
385614.2946492889 6540063.5040867776 0.0
385614.2946492889 6540563.5040867776 0.0
385614.2946492889 6541063.5040867776 0.0
385614.2946492889 6541563.5040867776 0.0
385614.2946492889 6542063.5040867776 0.0
385614.2946492889 6542563.5040867776 0.0
385614.2946492889 6543063.5040867776 0.0
385614.2946492889 6543563.5040867776 0.0
385614.2946492889 6544063.5040867776 0.0
385614.2946492889 6544563.5040867776 0.0
385614.2946492889 6545063.5040867776 0.0
385614.2946492889 6545563.5040867776 0.0
385614.2946492889 6546063.5040867776 0.0
386114.2946492889 6538563.5040867776 0.0
386114.2946492889 6539063.5040867776 0.0
386114.2946492889 6539563.5040867776 0.0
386114.2946492889 6540063.5040867776 0.0
386614.2946492889 6537563.5040867776 0.0
386614.2946492889 6538063.5040867776 0.0
386614.2946492889 6538563.5040867776 0.0
387114.2946492889 6537063.5040867776 0.0
387114.2946492889 6537563.5040867776 0.0
387114.2946492889 6538063.5040867776 0.0
387614.2946492889 6536563.5040867776 0.0
387614.2946492889 6537063.5040867776 0.0
387614.2946492889 6537563.5040867776 0.0
388114.2946492889 6536563.5040867776 0.0
388114.2946492889 6537063.5040867776 0.0
388614.2946492889 6537063.5040867776 0.0
384767.2505821555 6547600.1626727879 0.0
384792.6319116041 6547503.4373497572 0.0
384818.0132410527 6547406.7120267265 0.0
384843.3945705013 6547309.9867036957 0.0
384868.7758999499 6547213.2613806641 0.0
384894.1572293986 6547116.5360576333 0.0
384919.4506253282 6547019.7987742936 0.0
384920.8256749741 6546919.8082285486 0.0
384922.2007246200 6546819.8176828027 0.0
384923.5757742658 6546719.8271370577 0.0
384924.9508239117 6546619.8365913117 0.0
384926.3258735576 6546519.8460455667 0.0
384927.7009232034 6546419.8554998208 0.0
384929.0759728493 6546319.8649540758 0.0
384930.4510224952 6546219.8744083308 0.0
384931.8260721411 6546119.8838625848 0.0
384933.2011217870 6546019.8933168398 0.0
384934.5761714328 6545919.9027710939 0.0
384935.9512210787 6545819.9122253489 0.0
384937.3262707246 6545719.9216796029 0.0
384938.7013203704 6545619.9311338579 0.0
384940.0763700163 6545519.9405881120 0.0
384941.4514196622 6545419.9500423670 0.0
384942.8264693081 6545319.9594966210 0.0
384944.2015189540 6545219.9689508760 0.0
384945.5765685998 6545119.9784051301 0.0
384948.4746644580 6545020.0438354574 0.0
384954.4432566290 6544920.2221148377 0.0
384960.4118488001 6544820.4003942180 0.0
384966.3804409712 6544720.5786735974 0.0
384972.3490331423 6544620.7569529777 0.0
384978.3176253133 6544520.9352323581 0.0
384984.2862174844 6544421.1135117384 0.0
384990.2548096555 6544321.2917911187 0.0
384996.2234018266 6544221.4700704990 0.0
385002.1919939976 6544121.6483498793 0.0
385008.1605861687 6544021.8266292596 0.0
385014.1291783398 6543922.0049086399 0.0
385020.0977705108 6543822.1831880193 0.0
385026.0663626819 6543722.3614673996 0.0
385032.0349548530 6543622.5397467799 0.0
385038.0035470241 6543522.7180261603 0.0
385043.9721391951 6543422.8963055406 0.0
385049.9407313662 6543323.0745849209 0.0
385055.9093235373 6543223.2528643012 0.0
385061.8779157083 6543123.4311436825 0.0
385067.8465078794 6543023.6094230618 0.0
385073.8151000505 6542923.7877024412 0.0
385079.7836922216 6542823.9659818225 0.0
385085.7522843927 6542724.1442612018 0.0
385091.7208765637 6542624.3225405822 0.0
385097.6894687348 6542524.5008199615 0.0
385103.6580609059 6542424.6790993428 0.0
385109.6266530770 6542324.8573787231 0.0
385115.5952452481 6542225.0356581034 0.0
385121.5638374191 6542125.2139374837 0.0
385127.5324295902 6542025.3922168631 0.0
385133.5010217613 6541925.5704962434 0.0
385139.4696139324 6541825.7487756237 0.0
385145.4382061034 6541725.9270550041 0.0
385151.4067982745 6541626.1053343844 0.0
385158.7504836237 6541526.3893767633 0.0
385168.1170326890 6541426.8290043324 0.0
385177.4835817544 6541327.2686319016 0.0
385186.8501308197 6541227.7082594708 0.0
385196.2166798851 6541128.1478870390 0.0
385205.5832289504 6541028.5875146082 0.0
385214.9497780158 6540929.0271421773 0.0
385224.3163270812 6540829.4667697474 0.0
385233.6828761465 6540729.9063973157 0.0
385243.0494252119 6540630.3460248839 0.0
385252.4159742772 6540530.7856524531 0.0
385261.7825233426 6540431.2252800222 0.0
385274.8554468969 6540332.1823289813 0.0
385293.1134857959 6540233.8632361488 0.0
385311.3715246948 6540135.5441433154 0.0
385329.6295635937 6540037.2250504820 0.0
385347.8876024926 6539938.9059576495 0.0
385366.1456413915 6539840.5868648151 0.0
385392.6034984209 6539744.2660167934 0.0
385421.6257168066 6539648.5700877272 0.0
385450.6479351923 6539552.8741586599 0.0
385479.6701535780 6539457.1782295927 0.0
385508.6923719638 6539361.4823005265 0.0
385537.7145903495 6539265.7863714593 0.0
385566.7368087352 6539170.0904423920 0.0
385595.7590271209 6539074.3945133258 0.0
385627.3997108302 6538979.7804554300 0.0
385674.3878962650 6538891.5075239642 0.0
385721.3760816997 6538803.2345924983 0.0
385768.3642671344 6538714.9616610324 0.0
385815.3524525691 6538626.6887295675 0.0
385862.3406380038 6538538.4157981016 0.0
385913.2021776474 6538452.4853527294 0.0
385969.5575251977 6538369.8773942608 0.0
386025.9128727480 6538287.2694357913 0.0
386082.2682202983 6538204.6614773218 0.0
386138.6235678487 6538122.0535188522 0.0
386194.9789153990 6538039.4455603827 0.0
386251.3342629494 6537956.8376019131 0.0
386307.6896104997 6537874.2296434436 0.0
386364.0449580500 6537791.6216849750 0.0
386420.4003056003 6537709.0137265055 0.0
386476.7556531506 6537626.4057680359 0.0
386533.1110007010 6537543.7978095664 0.0
386589.4663482513 6537461.1898510968 0.0
386645.8216958016 6537378.5818926273 0.0
386702.1770433519 6537295.9739341587 0.0
386758.5323909023 6537213.3659756891 0.0
386814.8877384526 6537130.7580172196 0.0
386871.2430860029 6537048.1500587501 0.0
386927.5984335532 6536965.5421002815 0.0
386983.9537811035 6536882.9341418110 0.0
387040.3091286539 6536800.3261833414 0.0
387096.6644762042 6536717.7182248728 0.0
387153.0198237546 6536635.1102664033 0.0
387209.3751713049 6536552.5023079338 0.0
387265.7305188552 6536469.8943494642 0.0
387322.0858664055 6536387.2863909947 0.0
387378.4393690845 6536304.6771741146 0.0
387424.3771458711 6536223.3425492607 0.0
387359.3324932112 6536148.8420930607 0.0
387307.7271328676 6536063.1864640350 0.0
387256.1217725241 6535977.5308350092 0.0
387222.3774373752 6535885.5243665855 0.0
387208.3222442251 6535786.5170358196 0.0
387194.2670510751 6535687.5097050527 0.0
387180.2118579250 6535588.5023742858 0.0
387178.9301542870 6535489.9428335913 0.0
387199.8839661989 6535392.1627856959 0.0
387220.8377781109 6535294.3827378014 0.0
387241.7915900228 6535196.6026899060 0.0
387262.7454019347 6535098.8226420106 0.0
387283.6992138467 6535001.0425941162 0.0
387304.6530257586 6534903.2625462208 0.0
387325.6068376706 6534805.4824983263 0.0
387346.5606495825 6534707.7024504310 0.0
387367.5144614945 6534609.9224025356 0.0
387388.4682734064 6534512.1423546411 0.0
387393.5814840328 6534412.5712697916 0.0
387394.9887953723 6534312.5811729077 0.0
387387.8951000049 6534213.5475107348 0.0
387363.6245050142 6534123.5892473161 0.0
387322.2971981789 6534214.6499617314 0.0
387280.9698913437 6534305.7106761457 0.0
387239.6425845085 6534396.7713905610 0.0
387198.3152776732 6534487.8321049754 0.0
387156.9879708380 6534578.8928193906 0.0
387115.6606640027 6534669.9535338050 0.0
387086.5172947265 6534765.2520908713 0.0
387062.4148747848 6534862.3040014813 0.0
387038.3124548430 6534959.3559120903 0.0
387014.2100349012 6535056.4078227002 0.0
386990.1076149595 6535153.4597333092 0.0
386966.0051950177 6535250.5116439192 0.0
386941.9005918448 6535347.5630123056 0.0
386917.7959542120 6535444.6143721342 0.0
386893.6913165793 6535541.6657319628 0.0
386869.5866789466 6535638.7170917923 0.0
386845.4820413139 6535735.7684516208 0.0
386821.3770776863 6535832.8197304774 0.0
386797.2701072420 6535929.8705108762 0.0
386773.1631367978 6536026.9212912749 0.0
386749.0561663535 6536123.9720716737 0.0
386724.9491959093 6536221.0228520716 0.0
386700.8422254651 6536318.0736324713 0.0
386676.7352550208 6536415.1244128700 0.0
386648.7491570485 6536511.1171414107 0.0
386620.2413375241 6536606.9675677326 0.0
386591.7335179996 6536702.8179940525 0.0
386563.2256984753 6536798.6684203744 0.0
386534.7178789508 6536894.5188466962 0.0
386506.2100594264 6536990.3692730172 0.0
386477.7022399019 6537086.2196993381 0.0
386449.1944203775 6537182.0701256599 0.0
386420.6866008531 6537277.9205519808 0.0
386392.1787813287 6537373.7709783018 0.0
386363.6709618042 6537469.6214046236 0.0
386335.1631422798 6537565.4718309455 0.0
386285.4205933782 6537651.8101423997 0.0
386232.8785593113 6537736.8944221241 0.0
386180.3365252445 6537821.9787018476 0.0
386124.5670552852 6537904.4772282327 0.0
386052.9912079627 6537974.3120195623 0.0
385978.1357235527 6538038.8415005449 0.0
385883.0719208283 6538059.6874116883 0.0
385810.4622149771 6538004.9412510740 0.0
385786.8351250898 6537913.9102246594 0.0
385814.3738085019 6537817.7768750042 0.0
385841.9124919141 6537721.6435253490 0.0
385869.4511753263 6537625.5101756938 0.0
385896.9898587385 6537529.3768260386 0.0
385924.5285421507 6537433.2434763834 0.0
385952.0672255629 6537337.1101267282 0.0
385979.6059089751 6537240.9767770730 0.0
386007.1445923872 6537144.8434274178 0.0
386034.6832757994 6537048.7100777626 0.0
386062.2219592116 6536952.5767281074 0.0
386089.7606426238 6536856.4433784522 0.0
386117.2993260360 6536760.3100287970 0.0
386144.8380094481 6536664.1766791418 0.0
386172.3766928603 6536568.0433294866 0.0
386199.9153762725 6536471.9099798314 0.0
386227.4540596846 6536375.7766301762 0.0
386252.8852676939 6536279.1195244482 0.0
386273.5536150851 6536181.2787383916 0.0
386294.2219624764 6536083.4379523350 0.0
386314.8903098677 6535985.5971662793 0.0
386335.5586572590 6535887.7563802227 0.0
386356.2270046502 6535789.9155941661 0.0
386376.8953520415 6535692.0748081096 0.0
386397.5636994328 6535594.2340220539 0.0
386418.2320468241 6535496.3932359973 0.0
386438.9003942154 6535398.5524499416 0.0
386459.5687416066 6535300.7116638850 0.0
386480.2370889979 6535202.8708778284 0.0
386500.9054363891 6535105.0300917728 0.0
386521.5737837804 6535007.1893057162 0.0
386542.2421311717 6534909.3485196596 0.0
386562.9104785630 6534811.5077336039 0.0
386581.4665062458 6534713.3185058208 0.0
386593.3171231830 6534614.0231742170 0.0
386605.1677401203 6534514.7278426141 0.0
386617.0183570575 6534415.4325110102 0.0
386628.8689739947 6534316.1371794073 0.0
386640.7195909319 6534216.8418478044 0.0
386653.8760300474 6534117.7605354013 0.0
386674.3422230913 6534019.8772633756 0.0
386694.8084161351 6533921.9939913517 0.0
386715.2746091791 6533824.1107193269 0.0
386735.7408022229 6533726.2274473021 0.0
386756.2069952668 6533628.3441752773 0.0
386776.6731883106 6533530.4609032515 0.0
386797.1393813546 6533432.5776312277 0.0
386817.6055743984 6533334.6943592029 0.0
386838.0717674423 6533236.8110871781 0.0
386858.5379604861 6533138.9278151533 0.0
386879.0041535301 6533041.0445431285 0.0
386899.4703465739 6532943.1612711037 0.0
386914.3419354020 6532844.3562877486 0.0
386926.3576579985 6532745.0808002893 0.0
386938.3733805949 6532645.8053128291 0.0
386950.3891031914 6532546.5298253689 0.0
386962.4048257879 6532447.2543379087 0.0
386974.4205483843 6532347.9788504494 0.0
386994.0110278560 6532250.5753751202 0.0
387029.6236121517 6532157.1315746848 0.0
387065.2361964474 6532063.6877742503 0.0
387083.5298872272 6531965.5962258168 0.0
387099.4865861353 6531866.8775155330 0.0
387115.4432850434 6531768.1588052502 0.0
387131.3999839515 6531669.4400949674 0.0
387147.3566828595 6531570.7213846846 0.0
387163.3133817677 6531472.0026744008 0.0
387179.2700806757 6531373.2839641180 0.0
387195.2267795838 6531274.5652538352 0.0
387211.1834784919 6531175.8465435514 0.0
387227.1401774000 6531077.1278332686 0.0
387243.0968763081 6530978.4091229858 0.0
387259.0535752162 6530879.6904127030 0.0
387275.0102741243 6530780.9717024192 0.0
387290.9669730324 6530682.2529921364 0.0
387306.9236719405 6530583.5342818536 0.0
387322.8803708485 6530484.8155715698 0.0
387338.8370697566 6530386.0968612870 0.0
387354.7937686647 6530287.3781510042 0.0
387370.7504675728 6530188.6594407214 0.0
387386.7071664809 6530089.9407304376 0.0
387402.6638653890 6529991.2220201548 0.0
387418.6205642971 6529892.5033098720 0.0
387434.5772632052 6529793.7845995883 0.0
387391.2700317414 6529841.4768139943 0.0
387334.0664939996 6529923.4997087847 0.0
387276.8629562578 6530005.5226035761 0.0
387219.6594185160 6530087.5454983655 0.0
387162.4558807742 6530169.5683931569 0.0
387105.2523430325 6530251.5912879473 0.0
387048.0488052907 6530333.6141827377 0.0
386986.3585589711 6530412.2755289553 0.0
386923.7110148775 6530490.2196449554 0.0
386861.0634707839 6530568.1637609554 0.0
386798.4159266902 6530646.1078769565 0.0
386735.7683825966 6530724.0519929556 0.0
386673.1208385030 6530801.9961089557 0.0
386610.4732944094 6530879.9402249558 0.0
386547.8257503158 6530957.8843409559 0.0
386485.1782062221 6531035.8284569560 0.0
386422.5306621285 6531113.7725729560 0.0
386359.8831180349 6531191.7166889561 0.0
386297.2355739413 6531269.6608049562 0.0
386234.5880298477 6531347.6049209563 0.0
386171.9404857541 6531425.5490369564 0.0
386104.0525051365 6531498.9310094528 0.0
386035.4797498365 6531571.7168407021 0.0
385966.9069945365 6531644.5026719496 0.0
385898.3342392364 6531717.2885031989 0.0
385829.7614839364 6531790.0743344482 0.0
385761.2091180769 6531862.8793641273 0.0
385692.6772502548 6531935.7036944898 0.0
385624.1415797280 6532008.5244435342 0.0
385555.5537798061 6532081.2960980562 0.0
385486.9659798842 6532154.0677525783 0.0
385418.3781799623 6532226.8394071003 0.0
385353.0336767690 6532302.5208068145 0.0
385288.1028607824 6532378.5733487532 0.0
385223.1720447957 6532454.6258906918 0.0
385158.2412288091 6532530.6784326304 0.0
385093.3104128225 6532606.7309745690 0.0
385028.3795968358 6532682.7835165076 0.0
384963.4487808492 6532758.8360584462 0.0
384898.5179648626 6532834.8886003848 0.0
384833.5871488759 6532910.9411423234 0.0
384768.6563328893 6532986.9936842620 0.0
384703.7255169027 6533063.0462261997 0.0
384638.7947009160 6533139.0987681383 0.0
384573.8638849295 6533215.1513100769 0.0
384508.9330689428 6533291.2038520155 0.0
384444.0022529562 6533367.2563939542 0.0
384379.0714369696 6533443.3089358928 0.0
384314.1406209829 6533519.3614778314 0.0
384249.2098049963 6533595.4140197700 0.0
384184.2789890096 6533671.4665617086 0.0
384119.3481730230 6533747.5191036472 0.0
384054.4173570364 6533823.5716455849 0.0
383989.4865410497 6533899.6241875226 0.0
383924.5557250631 6533975.6767294621 0.0
383859.6249090765 6534051.7292714007 0.0
383794.6940930898 6534127.7818133393 0.0
383729.7632771033 6534203.8343552779 0.0
383664.8324611166 6534279.8868972166 0.0
383599.9016451300 6534355.9394391552 0.0
383534.9708291434 6534431.9919810938 0.0
383470.0400131567 6534508.0445230324 0.0
383405.9193052977 6534584.7761488045 0.0
383342.3730889057 6534661.9893496335 0.0
383278.8268725137 6534739.2025504624 0.0
383215.2806561217 6534816.4157512914 0.0
383151.7344397298 6534893.6289521204 0.0
383088.1882233378 6534970.8421529494 0.0
383024.6420069458 6535048.0553537784 0.0
382961.0957905538 6535125.2685546074 0.0
382897.5495741618 6535202.4817554364 0.0
382834.0033577699 6535279.6949562654 0.0
382770.4571413778 6535356.9081570944 0.0
382706.9109249859 6535434.1213579234 0.0
382643.3647085939 6535511.3345587524 0.0
382579.8184922019 6535588.5477595814 0.0
382516.2722758099 6535665.7609604103 0.0
382452.7260594179 6535742.9741612393 0.0
382389.1798430260 6535820.1873620683 0.0
382325.6336266340 6535897.4005628973 0.0
382262.0874102420 6535974.6137637263 0.0
382198.5411938500 6536051.8269645553 0.0
382134.9949774580 6536129.0401653843 0.0
382071.4487610660 6536206.2533662133 0.0
382007.9025446741 6536283.4665670423 0.0
381944.3563282820 6536360.6797678713 0.0
381884.4476190845 6536440.7150480477 0.0
381825.4485598734 6536521.4560600063 0.0
381766.4495006623 6536602.1970719658 0.0
381707.4504414512 6536682.9380839253 0.0
381648.4513822400 6536763.6790958848 0.0
381589.4523230289 6536844.4201078434 0.0
381530.4532638178 6536925.1611198029 0.0
381471.4542046067 6537005.9021317624 0.0
381412.4551453956 6537086.6431437209 0.0
381353.4560861845 6537167.3841556804 0.0
381294.4570269734 6537248.1251676399 0.0
381235.4579677623 6537328.8661795994 0.0
381176.4589085512 6537409.6071915580 0.0
381117.4598493401 6537490.3482035166 0.0
381058.4607901290 6537571.0892154770 0.0
380999.4617309179 6537651.8302274356 0.0
380944.5548871889 6537735.3087300360 0.0
380892.4467641377 6537820.6594389500 0.0
380840.3386410865 6537906.0101478640 0.0
380788.2305180352 6537991.3608567780 0.0
380736.1223949839 6538076.7115656910 0.0
380684.0142719327 6538162.0622746050 0.0
380631.9061488815 6538247.4129835190 0.0
380579.7980258302 6538332.7636924321 0.0
380527.6899027789 6538418.1144013461 0.0
380475.5817797277 6538503.4651102601 0.0
380423.4736566765 6538588.8158191741 0.0
380371.3655336252 6538674.1665280871 0.0
380319.2574105739 6538759.5172370011 0.0
380267.1492875227 6538844.8679459151 0.0
380215.0411644715 6538930.2186548281 0.0
380162.9330414202 6539015.5693637421 0.0
380110.8249183689 6539100.9200726561 0.0
380058.7167953177 6539186.2707815701 0.0
380006.6086722665 6539271.6214904832 0.0
379954.5005492152 6539356.9721993972 0.0
379902.3924261639 6539442.3229083112 0.0
379850.2843031127 6539527.6736172251 0.0
379798.1761800615 6539613.0243261382 0.0
379746.0680570102 6539698.3750350522 0.0
379693.9599339589 6539783.7257439662 0.0
379641.8518109077 6539869.0764528792 0.0
379589.7436878565 6539954.4271617932 0.0
379537.6355648052 6540039.7778707072 0.0
379485.5274417539 6540125.1285796212 0.0
379433.4193187027 6540210.4792885343 0.0
379381.3111956515 6540295.8299974483 0.0
379329.2030726002 6540381.1807063622 0.0
379277.0949495489 6540466.5314152753 0.0
379224.9868264977 6540551.8821241893 0.0
379172.8787034465 6540637.2328331033 0.0
379120.7705803952 6540722.5835420173 0.0
379068.6624573439 6540807.9342509303 0.0
379016.5543342927 6540893.2849598443 0.0
378964.4462112415 6540978.6356687583 0.0
378912.3380881902 6541063.9863776714 0.0
378860.2299651389 6541149.3370865854 0.0
378808.1218420877 6541234.6877954993 0.0
378756.0137190365 6541320.0385044133 0.0
378703.9055959852 6541405.3892133264 0.0
378651.7974729339 6541490.7399222404 0.0
378599.6893498827 6541576.0906311544 0.0
378547.5812268315 6541661.4413400674 0.0
378495.4731037802 6541746.7920489814 0.0
378446.6930240091 6541834.0444620484 0.0
378399.6163922677 6541922.2702561449 0.0
378352.5397605263 6542010.4960502395 0.0
378305.4631287850 6542098.7218443369 0.0
378258.3864970436 6542186.9476384316 0.0
378211.3098653022 6542275.1734325290 0.0
378164.2332335609 6542363.3992266254 0.0
378117.1566018195 6542451.6250207210 0.0
378070.0799700781 6542539.8508148165 0.0
378023.0033383367 6542628.0766089130 0.0
377975.9267065953 6542716.3024030086 0.0
377928.8500748540 6542804.5281971060 0.0
377881.7734431126 6542892.7539912025 0.0
377834.6968113713 6542980.9797852980 0.0
377787.6201796299 6543069.2055793935 0.0
377740.5435478885 6543157.4313734900 0.0
377693.4669161472 6543245.6571675856 0.0
377646.3902844058 6543333.8829616820 0.0
377599.3136526644 6543422.1087557795 0.0
377552.2370209231 6543510.3345498741 0.0
377505.1603891817 6543598.5603439705 0.0
377458.0837574403 6543686.7861380670 0.0
377411.0071256989 6543775.0119321626 0.0
377363.9304939575 6543863.2377262590 0.0
377318.9646593031 6543952.5324510913 0.0
377275.7053231985 6544042.6913654581 0.0
377232.4459870940 6544132.8502798248 0.0
377189.1866509895 6544223.0091941915 0.0
377145.9273148849 6544313.1681085583 0.0
377102.6679787803 6544403.3270229250 0.0
377059.4086426758 6544493.4859372918 0.0
377016.1493065713 6544583.6448516576 0.0
376972.8899704667 6544673.8037660252 0.0
376929.6306343622 6544763.9626803920 0.0
376886.3712982577 6544854.1215947587 0.0
376843.1119621531 6544944.2805091254 0.0
376799.8526260486 6545034.4394234922 0.0
376756.5932899441 6545124.5983378589 0.0
376713.3339538395 6545214.7572522257 0.0
376670.0746177349 6545304.9161665924 0.0
376626.8152816304 6545395.0750809591 0.0
376583.5559455259 6545485.2339953268 0.0
376540.2966094213 6545575.3929096945 0.0
376497.0372733168 6545665.5518240603 0.0
376453.7779372123 6545755.7107384270 0.0
376410.5186011077 6545845.8696527937 0.0
376367.2592650031 6545936.0285671595 0.0
376323.9999288986 6546026.1874815272 0.0
376280.7405927941 6546116.3463958940 0.0
376237.4812566895 6546206.5053102607 0.0
376194.3195398574 6546296.7096087774 0.0
376153.2697806998 6546387.8957769889 0.0
376112.2200215422 6546479.0819452014 0.0
376071.1702623846 6546570.2681134129 0.0
376030.1205032271 6546661.4542816244 0.0
375989.0707440695 6546752.6404498359 0.0
375948.0209849118 6546843.8266180474 0.0
375906.9712257542 6546935.0127862589 0.0
375865.9214665967 6547026.1989544705 0.0
375824.8717074391 6547117.3851226820 0.0
375783.8219482815 6547208.5712908925 0.0
375742.7721891239 6547299.7574591050 0.0
375701.7224299663 6547390.9436273174 0.0
375660.6726708087 6547482.1297955280 0.0
375622.5069549457 6547574.5504941950 0.0
375584.8665417503 6547667.1960515333 0.0
375558.6509052657 6547752.2463846570 0.0
375658.6443363585 6547753.3925688891 0.0
375758.6377674512 6547754.5387531221 0.0
375858.6311985440 6547755.6849373542 0.0
375958.6246296368 6547756.8311215872 0.0
376058.6180607295 6547757.9773058202 0.0
376158.6114918223 6547759.1234900523 0.0
376258.6049229151 6547760.2696742853 0.0
376358.5983540079 6547761.4158585183 0.0
376458.5917851006 6547762.5620427504 0.0
376558.5852161934 6547763.7082269834 0.0
376658.5786472862 6547764.8544112165 0.0
376758.5720783789 6547766.0005954485 0.0
376858.5655094717 6547767.1467796816 0.0
376958.5589405645 6547768.2929639136 0.0
377058.5523716573 6547769.4391481467 0.0
377158.5458027500 6547770.5853323797 0.0
377258.5392338428 6547771.7315166118 0.0
377358.5326649356 6547772.8777008448 0.0
377458.5260960283 6547774.0238850769 0.0
377558.5195271211 6547775.1700693099 0.0
377658.5129582139 6547776.3162535429 0.0
377758.5063893066 6547777.4624377750 0.0
377858.4998203994 6547778.6086220080 0.0
377958.4932514922 6547779.7548062410 0.0
378058.4866825850 6547780.9009904731 0.0
378158.4801136777 6547782.0471747061 0.0
378258.4735447705 6547783.1933589391 0.0
378358.4669758633 6547784.3395431712 0.0
378458.4604069560 6547785.4857274042 0.0
378558.4538380488 6547786.6319116363 0.0
378658.4472691416 6547787.7780958693 0.0
378758.4407002344 6547788.9242801024 0.0
378858.4341313271 6547790.0704643345 0.0
378958.4275624199 6547791.2166485665 0.0
379058.4209935127 6547792.3628327996 0.0
379158.4144246054 6547793.5090170326 0.0
379258.4078556982 6547794.6552012656 0.0
379358.4012867910 6547795.8013854977 0.0
379458.3947178838 6547796.9475697307 0.0
379558.3881489765 6547798.0937539637 0.0
379658.3815800693 6547799.2399381958 0.0
379758.3750111621 6547800.3861224288 0.0
379858.3684422548 6547801.5323066618 0.0
379958.3618733476 6547802.6784908939 0.0
380058.3553044404 6547803.8246751269 0.0
380158.3487355331 6547804.9708593590 0.0
380258.3421666260 6547806.1170435920 0.0
380358.3355977187 6547807.2632278251 0.0
380458.3290288115 6547808.4094120571 0.0
380558.3224599042 6547809.5555962902 0.0
380658.3158909970 6547810.7017805232 0.0
380758.3093220898 6547811.8479647553 0.0
380858.3027531825 6547812.9941489883 0.0
380958.2961842753 6547814.1403332204 0.0
381058.2896153681 6547815.2865174534 0.0
381158.2830464609 6547816.4327016864 0.0
381258.2764775536 6547817.5788859176 0.0
381358.2699086464 6547818.7250701524 0.0
381458.2633397392 6547819.8712543854 0.0
381558.2567708319 6547821.0174386166 0.0
381658.2502019247 6547822.1636228496 0.0
381758.2436330175 6547823.3098070817 0.0
381858.2370641103 6547824.4559913147 0.0
381958.2304952031 6547825.6021755477 0.0
382058.2239262958 6547826.7483597798 0.0
382158.2173573886 6547827.8945440128 0.0
382258.2107884813 6547829.0407282459 0.0
382358.2042195741 6547830.1869124779 0.0
382458.1976506669 6547831.3330967110 0.0
382558.1910817596 6547832.4792809431 0.0
382658.1845128525 6547833.6254651761 0.0
382758.1779439452 6547834.7716494091 0.0
382858.1713750380 6547835.9178336412 0.0
382958.1648061307 6547837.0640178742 0.0
383058.1582372235 6547838.2102021072 0.0
383158.1516683163 6547839.3563863393 0.0
383258.1450994090 6547840.5025705723 0.0
383358.1385305019 6547841.6487548044 0.0
383458.1319615946 6547842.7949390374 0.0
383558.1253926874 6547843.9411232704 0.0
383658.1188237802 6547845.0873075034 0.0
383758.1122548729 6547846.2334917365 0.0
383858.1056859657 6547847.3796759686 0.0
383958.0991170584 6547848.5258602006 0.0
384058.0925481512 6547849.6720444337 0.0
384158.0859792440 6547850.8182286657 0.0
384258.0794103368 6547851.9644128988 0.0
384358.0728414296 6547853.1105971318 0.0
384458.0662725223 6547854.2567813639 0.0
384558.0597036151 6547855.4029655969 0.0
384658.0531347079 6547856.5491498299 0.0
384747.0510673834 6547845.6196557507 0.0
384755.2526928575 6547745.9565565633 0.0
384763.4543183316 6547646.2934573768 0.0
378953.7955981866 6527656.1159002353 0.0
378912.5772877684 6527747.2260033321 0.0
378871.3589773501 6527838.3361064279 0.0
378830.1406669319 6527929.4462095248 0.0
378788.9223565137 6528020.5563126216 0.0
378747.7040460955 6528111.6664157184 0.0
378706.4857356772 6528202.7765188143 0.0
378665.2674252591 6528293.8866219111 0.0
378624.0491148408 6528384.9967250079 0.0
378582.8308044226 6528476.1068281047 0.0
378541.6124940044 6528567.2169312006 0.0
378500.3941835862 6528658.3270342974 0.0
378459.1758731679 6528749.4371373942 0.0
378417.9575627497 6528840.5472404910 0.0
378376.7392523315 6528931.6573435869 0.0
378335.5209419133 6529022.7674466837 0.0
378294.3026314951 6529113.8775497815 0.0
378253.0843210769 6529204.9876528773 0.0
378211.8660106586 6529296.0977559732 0.0
378170.6477002404 6529387.2078590700 0.0
378129.4293898222 6529478.3179621669 0.0
378084.5742089904 6529567.5819550799 0.0
378035.3568862826 6529654.6316830833 0.0
377986.1395635747 6529741.6814110866 0.0
377936.9222408668 6529828.7311390899 0.0
377887.7049181589 6529915.7808670932 0.0
377838.4875954511 6530002.8305950966 0.0
377789.2702727432 6530089.8803231008 0.0
377742.9002803746 6530178.4750439301 0.0
377696.7471416482 6530267.1874319352 0.0
377650.5940029218 6530355.8998199413 0.0
377604.4408641955 6530444.6122079473 0.0
377558.2877254691 6530533.3245959533 0.0
377512.1345867427 6530622.0369839594 0.0
377466.0925129402 6530710.8037256589 0.0
377424.3580587395 6530801.6785589876 0.0
377382.6236045389 6530892.5533923171 0.0
377340.8891503382 6530983.4282256458 0.0
377299.1546961375 6531074.3030589744 0.0
377257.4202419368 6531165.1778923040 0.0
377215.6857877361 6531256.0527256327 0.0
377251.9691401634 6531307.9304496916 0.0
377341.9065399515 6531290.2345505720 0.0
377423.9096168962 6531233.0026069423 0.0
377505.9126938409 6531175.7706633136 0.0
377587.9157707857 6531118.5387196839 0.0
377669.9188477304 6531061.3067760542 0.0
377751.9160964967 6531004.0664827023 0.0
377833.9126849615 6530946.8252433715 0.0
377915.9092734263 6530889.5840040408 0.0
377997.9058618911 6530832.3427647101 0.0
378079.9024503559 6530775.1015253793 0.0
378161.8990388207 6530717.8602860486 0.0
378243.8956272855 6530660.6190467170 0.0
378325.8922157503 6530603.3778073862 0.0
378407.8888042151 6530546.1365680546 0.0
378489.8853926799 6530488.8953287248 0.0
378571.8819811447 6530431.6540893940 0.0
378653.8785696095 6530374.4128500633 0.0
378735.8751580743 6530317.1716107326 0.0
378817.8717465391 6530259.9303714009 0.0
378899.8683350039 6530202.6891320702 0.0
378981.8649234687 6530145.4478927394 0.0
379063.8615119335 6530088.2066534087 0.0
379147.6742068144 6530033.7069351394 0.0
379232.3623406494 6529980.5287442384 0.0
379317.0504744843 6529927.3505533366 0.0
379401.7386083193 6529874.1723624356 0.0
379486.4267421543 6529820.9941715337 0.0
379571.1148759893 6529767.8159806328 0.0
379655.8030098242 6529714.6377897309 0.0
379740.4911436592 6529661.4595988300 0.0
379825.1792774941 6529608.2814079281 0.0
379909.8674113291 6529555.1032170272 0.0
379994.5555451641 6529501.9250261253 0.0
380079.2436789991 6529448.7468352234 0.0
380163.9318128341 6529395.5686443225 0.0
380248.6199466690 6529342.3904534206 0.0
380333.3080805039 6529289.2122625196 0.0
380417.9962143389 6529236.0340716178 0.0
380502.6843481739 6529182.8558807168 0.0
380587.3724820089 6529129.6776898149 0.0
380672.0606158439 6529076.4994989140 0.0
380746.6519217999 6529010.0405674661 0.0
380820.5413535287 6528942.6584342346 0.0
380894.4307852575 6528875.2763010040 0.0
380957.3866792742 6528798.6325310506 0.0
381011.7005517108 6528714.6682335138 0.0
381066.0144241473 6528630.7039359761 0.0
381120.3282965839 6528546.7396384384 0.0
381174.6421690205 6528462.7753409017 0.0
381228.9560414570 6528378.8110433640 0.0
381283.2699138936 6528294.8467458263 0.0
381354.5054561089 6528224.7402778799 0.0
381426.1152653263 6528154.9403120931 0.0
381497.7250745437 6528085.1403463064 0.0
381580.8019288667 6528029.6684608785 0.0
381664.5974147711 6527975.0945060831 0.0
381748.3929006755 6527920.5205512876 0.0
381832.1883865799 6527865.9465964921 0.0
381915.9838724842 6527811.3726416966 0.0
381999.7793583886 6527756.7986869002 0.0
382083.5748442929 6527702.2247321047 0.0
382167.3703301973 6527647.6507773092 0.0
382251.1658161017 6527593.0768225128 0.0
382334.9613020060 6527538.5028677173 0.0
382418.7567879104 6527483.9289129218 0.0
382502.5522738148 6527429.3549581254 0.0
382586.3477597192 6527374.7810033299 0.0
382670.1432456236 6527320.2070485344 0.0
382734.6303815709 6527271.2468709014 0.0
382634.6368626588 6527270.1083738273 0.0
382534.6433437468 6527268.9698767541 0.0
382434.6498248347 6527267.8313796818 0.0
382334.6563059227 6527266.6928826086 0.0
382234.6627870106 6527265.5543855354 0.0
382134.6692680985 6527264.4158884622 0.0
382034.6757491865 6527263.2773913899 0.0
381934.6822302744 6527262.1388943167 0.0
381834.6887113624 6527261.0003972435 0.0
381734.6951924504 6527259.8619001713 0.0
381634.7016735383 6527258.7234030981 0.0
381534.7081546262 6527257.5849060249 0.0
381434.7146357142 6527256.4464089517 0.0
381334.7211168021 6527255.3079118794 0.0
381234.7275978901 6527254.1694148062 0.0
381134.7340789780 6527253.0309177330 0.0
381034.7405600660 6527251.8924206598 0.0
380934.7470411540 6527250.7539235884 0.0
380834.7535222419 6527249.6154265143 0.0
380734.7600033298 6527248.4769294411 0.0
380634.7664844178 6527247.3384323688 0.0
380534.7729655057 6527246.1999352956 0.0
380434.7794465937 6527245.0614382224 0.0
380334.7859276816 6527243.9229411492 0.0
380234.7924087695 6527242.7844440769 0.0
380134.7988898575 6527241.6459470037 0.0
380034.8053709455 6527240.5074499315 0.0
379934.8118520334 6527239.3689528573 0.0
379834.8183331214 6527238.2304557851 0.0
379734.8248142093 6527237.0919587119 0.0
379634.8312952972 6527235.9534616387 0.0
379534.8377763852 6527234.8149645664 0.0
379434.8442574731 6527233.6764674932 0.0
379334.8507385611 6527232.5379704200 0.0
379234.8572196491 6527231.3994733468 0.0
379134.8637007370 6527230.2609762736 0.0
379057.8441645417 6527259.2491580211 0.0
379032.4837573575 6527355.9799687658 0.0
379007.1233501734 6527452.7107795114 0.0
378981.7629429891 6527549.4415902570 0.0
378956.4025358050 6527646.1724010017 0.0
388370.2909388054 6528257.0182414064 0.0
388319.4227395336 6528343.1136901993 0.0
388268.5545402619 6528429.2091389922 0.0
388298.7797777511 6528522.9109621532 0.0
388332.7504617352 6528616.9640994193 0.0
388366.7211457192 6528711.0172366854 0.0
388400.6918297033 6528805.0703739524 0.0
388434.6625136874 6528899.1235112175 0.0
388468.6331976714 6528993.1766484845 0.0
388502.6038816556 6529087.2297857516 0.0
388536.5745656396 6529181.2829230176 0.0
388570.5452496237 6529275.3360602846 0.0
388604.5159336077 6529369.3891975507 0.0
388645.3835042882 6529460.2355825128 0.0
388695.4042747915 6529546.8261277135 0.0
388723.0513514667 6529548.1470445218 0.0
388724.1145582095 6529448.1526967240 0.0
388725.1777649523 6529348.1583489273 0.0
388726.2409716950 6529248.1640011296 0.0
388727.3041784378 6529148.1696533328 0.0
388728.3673851806 6529048.1753055351 0.0
388729.4305919233 6528948.1809577374 0.0
388730.4937986661 6528848.1866099406 0.0
388731.5570054088 6528748.1922621429 0.0
388732.6202121516 6528648.1979143452 0.0
388733.6834188943 6528548.2035665484 0.0
388734.7466256371 6528448.2092187507 0.0
388735.8098323799 6528348.2148709530 0.0
388736.8730391226 6528248.2205231562 0.0
388737.9362458654 6528148.2261753595 0.0
388738.9994526081 6528048.2318275608 0.0
388740.0626593509 6527948.2374797640 0.0
388741.1258660936 6527848.2431319663 0.0
388742.1890728364 6527748.2487841696 0.0
388743.2522795791 6527648.2544363718 0.0
388744.3154863219 6527548.2600885741 0.0
388745.3786930646 6527448.2657407774 0.0
388708.3690585251 6527518.5449490929 0.0
388666.7431525990 6527609.4695549803 0.0
388625.1172466729 6527700.3941608686 0.0
388583.4913407468 6527791.3187667560 0.0
388541.8654348207 6527882.2433726434 0.0
388500.2395288947 6527973.1679785317 0.0
388458.6136229686 6528064.0925844191 0.0
388416.9877170425 6528155.0171903064 0.0
388375.3618111164 6528245.9417961948 0.0
384552.3272752437 6529182.5314802555 0.0
384452.3688538574 6529185.4148799796 0.0
384352.4104324712 6529188.2982797036 0.0
384252.4520110849 6529191.1816794267 0.0
384152.9600967623 6529197.6863803128 0.0
384055.5344421149 6529220.2305994499 0.0
383958.1087874675 6529242.7748185880 0.0
383860.6831328201 6529265.3190377252 0.0
383763.2574781727 6529287.8632568624 0.0
383667.4508725005 6529314.8491554745 0.0
383578.3708369912 6529360.2886457182 0.0
383489.2908014819 6529405.7281359630 0.0
383400.2107659727 6529451.1676262077 0.0
383311.1307304634 6529496.6071164506 0.0
383223.1853194044 6529544.0421354808 0.0
383138.5824416668 6529597.3558586538 0.0
383053.9795639292 6529650.6695818258 0.0
382969.3766861916 6529703.9833049988 0.0
382884.7738084540 6529757.2970281709 0.0
382800.1709307164 6529810.6107513439 0.0
382715.5680529788 6529863.9244745160 0.0
382630.9651752412 6529917.2381976889 0.0
382546.3622975036 6529970.5519208610 0.0
382461.7594197660 6530023.8656440340 0.0
382377.1565420284 6530077.1793672061 0.0
382292.5536642908 6530130.4930903791 0.0
382207.9507865533 6530183.8068135511 0.0
382123.3479088157 6530237.1205367241 0.0
382038.7450310781 6530290.4342598962 0.0
381956.2361970463 6530346.7008113898 0.0
381877.9408683276 6530408.9088615188 0.0
381799.6455396088 6530471.1169116478 0.0
381721.3502108901 6530533.3249617768 0.0
381643.0548821714 6530595.5330119049 0.0
381564.7595534527 6530657.7410620339 0.0
381486.4642247339 6530719.9491121629 0.0
381408.1688960152 6530782.1571622919 0.0
381333.1670435866 6530847.5419527059 0.0
381273.8237776060 6530928.0303169759 0.0
381214.4805116255 6531008.5186812449 0.0
381155.1372456449 6531089.0070455140 0.0
381095.7939796644 6531169.4954097839 0.0
381036.4507136839 6531249.9837740529 0.0
381110.2912621346 6531209.2809567275 0.0
381196.0057421056 6531157.7734046280 0.0
381281.7202220766 6531106.2658525277 0.0
381367.4347020476 6531054.7583004283 0.0
381453.1491820185 6531003.2507483289 0.0
381538.8636619895 6530951.7431962295 0.0
381624.5781419605 6530900.2356441291 0.0
381707.5734796132 6530844.7172245095 0.0
381787.1550643609 6530784.1633528816 0.0
381866.7366491087 6530723.6094812565 0.0
381946.3182338564 6530663.0556096286 0.0
382025.8998186042 6530602.5017380016 0.0
382108.0640611108 6530545.5976572745 0.0
382191.6445987159 6530490.6950732404 0.0
382275.2251363211 6530435.7924892046 0.0
382358.8056739263 6530380.8899051705 0.0
382442.3862115314 6530325.9873211375 0.0
382525.9667491366 6530271.0847371034 0.0
382609.5472867417 6530216.1821530694 0.0
382693.1278243469 6530161.2795690345 0.0
382776.7083619520 6530106.3769850004 0.0
382860.2888995572 6530051.4744009664 0.0
382943.8694371624 6529996.5718169324 0.0
383027.4499747676 6529941.6692328984 0.0
383111.0305123727 6529886.7666488634 0.0
383194.6110499779 6529831.8640648294 0.0
383280.0251265782 6529780.0102791311 0.0
383367.7020284706 6529731.9191066092 0.0
383455.3789303631 6529683.8279340873 0.0
383543.0558322556 6529635.7367615644 0.0
383630.7327341480 6529587.6455890425 0.0
383718.4096360405 6529539.5544165215 0.0
383807.6964679289 6529496.1085500540 0.0
383906.3294213808 6529479.6300642816 0.0
384004.9623748327 6529463.1515785092 0.0
384103.5953282846 6529446.6730927359 0.0
384202.2282817365 6529430.1946069635 0.0
384300.8612351884 6529413.7161211912 0.0
384399.4941886403 6529397.2376354188 0.0
384498.1271420922 6529380.7591496455 0.0
384596.7600955440 6529364.2806638731 0.0
384695.3930489959 6529347.8021781007 0.0
384794.0260024478 6529331.3236923274 0.0
384892.6589558996 6529314.8452065550 0.0
384877.6716019801 6529289.6799844839 0.0
384782.6900641195 6529258.3988805134 0.0
384687.7085262589 6529227.1177765420 0.0
384592.7269883984 6529195.8366725706 0.0
370185.1911576442 6529602.5974518154 0.0
370211.3497427133 6529506.0794305597 0.0
370237.5083277825 6529409.5614093030 0.0
370263.6669128516 6529313.0433880473 0.0
370289.8254979207 6529216.5253667925 0.0
370315.9840829899 6529120.0073455349 0.0
370342.1426680590 6529023.4893242791 0.0
370368.3012531282 6528926.9713030234 0.0
370394.4598381973 6528830.4532817667 0.0
370420.6184232665 6528733.9352605110 0.0
370446.7770083356 6528637.4172392553 0.0
370472.9355934047 6528540.8992179986 0.0
370499.0941784739 6528444.3811967429 0.0
370525.2527635430 6528347.8631754871 0.0
370554.7108005166 6528252.3567438824 0.0
370587.1457835214 6528157.7630238077 0.0
370619.5807665262 6528063.1693037339 0.0
370652.0157495310 6527968.5755836591 0.0
370684.4507325357 6527873.9818635853 0.0
370716.8857155406 6527779.3881435106 0.0
370749.3206985453 6527684.7944234367 0.0
370781.7556815501 6527590.2007033629 0.0
370814.1906645549 6527495.6069832882 0.0
370847.1454345853 6527401.2171064923 0.0
370887.6607881145 6527309.7922404641 0.0
370928.1761416437 6527218.3673744351 0.0
370959.8543101154 6527132.6148251714 0.0
370859.8619650156 6527131.3775210641 0.0
370759.8696199159 6527130.1402169568 0.0
370659.8772748162 6527128.9029128496 0.0
370559.8849297164 6527127.6656087432 0.0
370459.8925846167 6527126.4283046359 0.0
370359.9002395169 6527125.1910005296 0.0
370259.9078944172 6527123.9536964223 0.0
370175.6890858831 6527122.9115738720 0.0
370174.4512986433 6527222.9039129922 0.0
370173.2135114033 6527322.8962521125 0.0
370171.9757241634 6527422.8885912327 0.0
370170.7379369235 6527522.8809303530 0.0
370169.5001496836 6527622.8732694732 0.0
370168.2623624436 6527722.8656085934 0.0
370167.0245752037 6527822.8579477137 0.0
370165.7867879638 6527922.8502868339 0.0
370164.5490007239 6528022.8426259542 0.0
370163.3112134840 6528122.8349650754 0.0
370162.0734262440 6528222.8273041956 0.0
370160.8356390041 6528322.8196433159 0.0
370159.5978517642 6528422.8119824361 0.0
370158.3600645243 6528522.8043215564 0.0
370157.1222772844 6528622.7966606766 0.0
370155.8844900444 6528722.7889997968 0.0
370154.6467028045 6528822.7813389171 0.0
370153.4089155646 6528922.7736780373 0.0
370152.1711283247 6529022.7660171576 0.0
370150.9333410848 6529122.7583562778 0.0
370149.6955538449 6529222.7506953981 0.0
370148.4577666050 6529322.7430345183 0.0
370147.2199793650 6529422.7353736386 0.0
370145.9821921251 6529522.7277127588 0.0
370144.7444048852 6529622.7200518791 0.0
370143.5066176453 6529722.7123909993 0.0
370142.2688304054 6529822.7047301196 0.0
370157.1061328676 6529756.5137339570 0.0
370175.0566952447 6529658.1380392443 0.0
370070.4471168976 6544613.2112879436 0.0
370127.0279592500 6544530.7576144133 0.0
370183.6088016023 6544448.3039408820 0.0
370240.1896439547 6544365.8502673516 0.0
370300.1171258697 6544286.1088410486 0.0
370369.0624783752 6544213.6758487877 0.0
370438.0078308806 6544141.2428565258 0.0
370506.9531833860 6544068.8098642649 0.0
370575.8985358914 6543996.3768720040 0.0
370644.8438883969 6543923.9438797431 0.0
370713.7892409023 6543851.5108874813 0.0
370782.7345934077 6543779.0778952204 0.0
370854.4981571672 6543709.4681049706 0.0
370927.0530229384 6543640.6510180449 0.0
370999.6078887097 6543571.8339311192 0.0
371072.1627544810 6543503.0168441935 0.0
371144.7176202523 6543434.1997572687 0.0
371217.2724860235 6543365.3826703429 0.0
371289.8273517948 6543296.5655834172 0.0
371362.3822175661 6543227.7484964915 0.0
371434.9370833373 6543158.9314095667 0.0
371507.4919491087 6543090.1143226409 0.0
371580.0468148799 6543021.2972357152 0.0
371652.6016806512 6542952.4801487885 0.0
371725.1565464225 6542883.6630618647 0.0
371797.7114121937 6542814.8459749389 0.0
371870.2662779650 6542746.0288880132 0.0
371942.8211437363 6542677.2118010866 0.0
372016.4700066622 6542609.6318102721 0.0
372093.6448014106 6542546.0389564633 0.0
372170.8195961590 6542482.4461026546 0.0
372247.9943909075 6542418.8532488458 0.0
372325.1691856559 6542355.2603950370 0.0
372402.3439804043 6542291.6675412282 0.0
372479.5187751527 6542228.0746874195 0.0
372556.6935699012 6542164.4818336107 0.0
372633.8683646496 6542100.8889798019 0.0
372711.0431593980 6542037.2961259931 0.0
372788.2179541464 6541973.7032721844 0.0
372865.3927488949 6541910.1104183756 0.0
372942.5675436433 6541846.5175645668 0.0
373019.7423383917 6541782.9247107580 0.0
373096.9171331401 6541719.3318569502 0.0
373174.0919278886 6541655.7390031414 0.0
373251.2667226370 6541592.1461493326 0.0
373328.4415173854 6541528.5532955239 0.0
373405.6163121338 6541464.9604417151 0.0
373482.7911068823 6541401.3675879063 0.0
373559.9659016307 6541337.7747340985 0.0
373637.1406963791 6541274.1818802888 0.0
373714.3154911275 6541210.5890264800 0.0
373791.4902858760 6541146.9961726712 0.0
373868.6650806244 6541083.4033188624 0.0
373945.8398753728 6541019.8104650537 0.0
374023.0146701213 6540956.2176112449 0.0
374100.1894648697 6540892.6247574361 0.0
374177.3642596181 6540829.0319036273 0.0
374254.5390543665 6540765.4390498186 0.0
374331.7138491150 6540701.8461960098 0.0
374408.8886438634 6540638.2533422010 0.0
374486.0634386118 6540574.6604883922 0.0
374563.2382333602 6540511.0676345835 0.0
374640.4130281087 6540447.4747807747 0.0
374717.5878228571 6540383.8819269668 0.0
374794.7626176055 6540320.2890731581 0.0
374871.9374123539 6540256.6962193493 0.0
374949.1122071024 6540193.1033655414 0.0
375024.8329637419 6540127.8034915943 0.0
375099.8904931765 6540061.7249983056 0.0
375174.9480226111 6539995.6465050187 0.0
375250.0055520458 6539929.5680117309 0.0
375325.0630814804 6539863.4895184431 0.0
375400.1206109150 6539797.4110251553 0.0
375475.1781403496 6539731.3325318675 0.0
375550.2356697843 6539665.2540385798 0.0
375625.2931992189 6539599.1755452920 0.0
375700.3507286535 6539533.0970520051 0.0
375775.4082580882 6539467.0185587173 0.0
375850.4657875228 6539400.9400654295 0.0
375925.5233169575 6539334.8615721418 0.0
376000.5808463921 6539268.7830788540 0.0
376075.6383758267 6539202.7045855662 0.0
376150.6959052613 6539136.6260922784 0.0
376225.7534346960 6539070.5475989906 0.0
376300.8109641306 6539004.4691057038 0.0
376375.8684935652 6538938.3906124160 0.0
376450.9260229999 6538872.3121191282 0.0
376525.9835524345 6538806.2336258404 0.0
376601.0410818692 6538740.1551325526 0.0
376676.0986113038 6538674.0766392648 0.0
376751.1561407384 6538607.9981459770 0.0
376826.2136701731 6538541.9196526892 0.0
376901.2711996077 6538475.8411594024 0.0
376976.3287290423 6538409.7626661146 0.0
377051.3862584769 6538343.6841728268 0.0
377126.4437879116 6538277.6056795390 0.0
377201.5013173462 6538211.5271862512 0.0
377268.0743886709 6538137.3648713147 0.0
377330.4478516808 6538059.2012537420 0.0
377392.8213146906 6537981.0376361683 0.0
377455.1947777005 6537902.8740185946 0.0
377517.5682407104 6537824.7104010219 0.0
377579.9417037202 6537746.5467834482 0.0
377642.3151667300 6537668.3831658754 0.0
377704.6886297399 6537590.2195483018 0.0
377767.0620927498 6537512.0559307281 0.0
377829.4355557596 6537433.8923131544 0.0
377891.8090187695 6537355.7286955817 0.0
377949.4263963164 6537274.3208676223 0.0
377999.4382053369 6537187.7251462582 0.0
378049.4500143573 6537101.1294248942 0.0
378099.4618233778 6537014.5337035311 0.0
378149.4736323983 6536927.9379821671 0.0
378199.4854414188 6536841.3422608031 0.0
378249.4972504392 6536754.7465394400 0.0
378296.4450919936 6536666.5098341405 0.0
378340.8100190022 6536576.8897847580 0.0
378385.1749460107 6536487.2697353736 0.0
378429.5398730193 6536397.6496859910 0.0
378473.9048000278 6536308.0296366084 0.0
378518.2697270364 6536218.4095872240 0.0
378562.6346540449 6536128.7895378415 0.0
378606.9995810535 6536039.1694884561 0.0
378651.3645080621 6535949.5494390726 0.0
378695.7294350707 6535859.9293896891 0.0
378742.4164857175 6535771.6446222430 0.0
378797.5564805404 6535688.2205191851 0.0
378852.6964753632 6535604.7964161281 0.0
378907.8364701861 6535521.3723130710 0.0
378962.9764650090 6535437.9482100131 0.0
379018.1164598318 6535354.5241069561 0.0
379073.2564546547 6535271.1000038981 0.0
379128.3964494776 6535187.6759008411 0.0
379183.5364443005 6535104.2517977832 0.0
379238.6764391233 6535020.8276947262 0.0
379293.8164339463 6534937.4035916692 0.0
379363.4006254362 6534865.8350624302 0.0
379434.4733718350 6534795.4883160992 0.0
379505.5461182339 6534725.1415697690 0.0
379576.6188646327 6534654.7948234379 0.0
379647.6916110316 6534584.4480771068 0.0
379718.7643574305 6534514.1013307767 0.0
379789.8371038293 6534443.7545844456 0.0
379860.9098502282 6534373.4078381145 0.0
379931.9825966270 6534303.0610917844 0.0
380007.3810698587 6534237.5163859893 0.0
380084.7431655133 6534174.1515206778 0.0
380162.1052611679 6534110.7866553664 0.0
380239.4673568225 6534047.4217900550 0.0
380316.8294524771 6533984.0569247436 0.0
380394.1915481317 6533920.6920594322 0.0
380471.5536437863 6533857.3271941207 0.0
380548.9157394409 6533793.9623288093 0.0
380626.2778350955 6533730.5974634979 0.0
380689.0734487852 6533652.7941382593 0.0
380751.7529367795 6533574.8757079309 0.0
380814.4324247738 6533496.9572776034 0.0
380877.1119127682 6533419.0388472751 0.0
380939.7914007624 6533341.1204169467 0.0
381002.4708887568 6533263.2019866193 0.0
381057.2859570360 6533179.6076231878 0.0
381111.4914801007 6533095.5733369151 0.0
381165.6970031653 6533011.5390506433 0.0
381219.9025262300 6532927.5047643706 0.0
381274.1080492947 6532843.4704780988 0.0
381328.3135723593 6532759.4361918261 0.0
381375.4243774331 6532671.4458685769 0.0
381418.4198575328 6532581.1608272297 0.0
381461.4153376324 6532490.8757858844 0.0
381504.4108177320 6532400.5907445364 0.0
381547.4062978317 6532310.3057031892 0.0
381590.4017779313 6532220.0206618430 0.0
381633.3972580309 6532129.7356204959 0.0
381676.3927381306 6532039.4505791487 0.0
381719.3882182302 6531949.1655378034 0.0
381747.7841210322 6531853.4684266178 0.0
381774.0280322474 6531756.9735711897 0.0
381800.2719434627 6531660.4787157616 0.0
381826.5158546779 6531563.9838603335 0.0
381852.7597658932 6531467.4890049053 0.0
381862.9565493290 6531393.0149431974 0.0
381779.1382307846 6531447.5538236080 0.0
381695.3199122401 6531502.0927040176 0.0
381611.5015936955 6531556.6315844273 0.0
381527.6827688887 6531611.1696867486 0.0
381443.8620597364 6531665.7048929660 0.0
381360.0413505841 6531720.2400991842 0.0
381276.2206414317 6531774.7753054025 0.0
381192.3999322794 6531829.3105116189 0.0
381105.1147821366 6531877.7149884747 0.0
381017.4827800145 6531925.4223476602 0.0
380934.6338793803 6531981.4228803692 0.0
380849.1492237708 6532033.2683311440 0.0
380763.1830839468 6532084.3547559921 0.0
380677.2169441229 6532135.4411808401 0.0
380591.2508042988 6532186.5276056882 0.0
380505.2846644749 6532237.6140305363 0.0
380419.3184410917 6532288.7003147621 0.0
380333.3483046760 6532339.7800137103 0.0
380247.3781682603 6532390.8597126585 0.0
380161.4080318446 6532441.9394116076 0.0
380075.4378954289 6532493.0191105558 0.0
379989.4677590132 6532544.0988095040 0.0
379903.4976225975 6532595.1785084521 0.0
379817.5274861818 6532646.2582074013 0.0
379731.5573497661 6532697.3379063495 0.0
379645.5872133505 6532748.4176052976 0.0
379559.6145862666 6532799.4931119476 0.0
379473.6406183816 6532850.5663617570 0.0
379387.6666504966 6532901.6396115664 0.0
379301.6926826116 6532952.7128613759 0.0
379215.7187147266 6533003.7861111853 0.0
379124.2040990824 6533039.6523052370 0.0
379025.5257304242 6533055.8566120388 0.0
378936.5617059596 6533100.6938731512 0.0
378848.3948609881 6533147.8808146473 0.0
378760.2280160166 6533195.0677561434 0.0
378672.0611710451 6533242.2546976386 0.0
378583.8943260736 6533289.4416391356 0.0
378495.7274811022 6533336.6285806326 0.0
378407.5606361307 6533383.8155221287 0.0
378312.0122733514 6533412.6504494231 0.0
378215.7270979150 6533439.6535046427 0.0
378119.4419224787 6533466.6565598631 0.0
378023.1567470424 6533493.6596150827 0.0
377948.9362358496 6533545.1903552897 0.0
377886.5108150776 6533621.7846327173 0.0
377842.9259228049 6533711.7866169484 0.0
377799.3410305322 6533801.7886011796 0.0
377755.7561382595 6533891.7905854108 0.0
377712.1712459867 6533981.7925696429 0.0
377668.5863537140 6534071.7945538741 0.0
377625.0014614413 6534161.7965381052 0.0
377581.4165691686 6534251.7985223364 0.0
377537.8316768958 6534341.8005065676 0.0
377483.1074476345 6534420.7030670214 0.0
377393.2624914542 6534464.6107411683 0.0
377303.4175352739 6534508.5184153141 0.0
377213.5725790936 6534552.4260894610 0.0
377123.7276229133 6534596.3337636078 0.0
377033.8826667329 6534640.2414377537 0.0
376944.0377105526 6534684.1491118995 0.0
376854.1927543723 6534728.0567860473 0.0
376764.3477981920 6534771.9644601932 0.0
376674.2716554617 6534815.3187087970 0.0
376579.8911269000 6534848.3689104374 0.0
376485.5105983383 6534881.4191120761 0.0
376391.1300697767 6534914.4693137156 0.0
376300.2372985074 6534955.2741497522 0.0
376212.8887592194 6535003.9591852799 0.0
376125.5402199315 6535052.6442208067 0.0
376038.1916806435 6535101.3292563334 0.0
375950.8431413554 6535150.0142918602 0.0
375863.4946020675 6535198.6993273869 0.0
375776.1460627795 6535247.3843629137 0.0
375688.7975234915 6535296.0693984414 0.0
375601.4489842035 6535344.7544339681 0.0
375514.1004449155 6535393.4394694949 0.0
375426.7519056275 6535442.1245050216 0.0
375339.4033663396 6535490.8095405484 0.0
375252.0548270516 6535539.4945760751 0.0
375164.7062877636 6535588.1796116019 0.0
375077.3577484756 6535636.8646471296 0.0
374999.0730023289 6535694.9477196168 0.0
374947.2580897261 6535780.4767487943 0.0
374895.4431771233 6535866.0057779709 0.0
374843.6282645204 6535951.5348071484 0.0
374791.8133519176 6536037.0638363250 0.0
374739.9984393148 6536122.5928655025 0.0
374688.1835267119 6536208.1218946790 0.0
374636.3686141091 6536293.6509238575 0.0
374584.5537015063 6536379.1799530331 0.0
374532.7387889035 6536464.7089822106 0.0
374480.9238763006 6536550.2380113872 0.0
374429.1089636979 6536635.7670405637 0.0
374377.2940510950 6536721.2960697412 0.0
374325.8475537944 6536807.0357605452 0.0
374278.4171054048 6536895.0718472684 0.0
374230.9866570152 6536983.1079339916 0.0
374183.5562086256 6537071.1440207148 0.0
374136.1257602361 6537159.1801074380 0.0
374088.6953118465 6537247.2161941621 0.0
374041.2648634569 6537335.2522808854 0.0
373993.8344150673 6537423.2883676086 0.0
373946.4039666778 6537511.3244543318 0.0
373898.9735182882 6537599.3605410550 0.0
373851.5430698986 6537687.3966277782 0.0
373804.1126215090 6537775.4327145023 0.0
373756.6821731195 6537863.4688012255 0.0
373709.2517247299 6537951.5048879487 0.0
373661.8212763403 6538039.5409746720 0.0
373614.3908279507 6538127.5770613952 0.0
373560.2194016050 6538211.6034592269 0.0
373505.4977871294 6538295.3025924908 0.0
373450.7761726538 6538379.0017257556 0.0
373396.0545581781 6538462.7008590205 0.0
373341.3329437025 6538546.3999922834 0.0
373286.6113292269 6538630.0991255483 0.0
373231.8897147513 6538713.7982588122 0.0
373177.1681002756 6538797.4973920761 0.0
373122.4464858000 6538881.1965253409 0.0
373067.7248713244 6538964.8956586048 0.0
373013.0032568488 6539048.5947918687 0.0
372958.2816423732 6539132.2939251345 0.0
372903.5600278975 6539215.9930583974 0.0
372848.8384134219 6539299.6921916613 0.0
372794.1167989463 6539383.3913249262 0.0
372737.7271820846 6539465.9739304734 0.0
372681.2032713244 6539548.4666423472 0.0
372624.6793605642 6539630.9593542209 0.0
372568.1554498039 6539713.4520660955 0.0
372511.6315390436 6539795.9447779693 0.0
372455.0686678363 6539878.4105248367 0.0
372397.7735511030 6539960.3694755286 0.0
372340.4784343697 6540042.3284262205 0.0
372283.1833176363 6540124.2873769123 0.0
372225.8882009030 6540206.2463276042 0.0
372168.5930841697 6540288.2052782960 0.0
372111.2979674364 6540370.1642289879 0.0
372047.0280424383 6540446.5247269692 0.0
371979.4053623047 6540520.1940769833 0.0
371911.7826821711 6540593.8634269983 0.0
371844.1600020375 6540667.5327770123 0.0
371776.5373219039 6540741.2021270264 0.0
371708.9146417702 6540814.8714770414 0.0
371641.2919616366 6540888.5408270555 0.0
371573.6692815030 6540962.2101770705 0.0
371506.0466013694 6541035.8795270855 0.0
371438.4239212358 6541109.5488770986 0.0
371370.8012411022 6541183.2182271136 0.0
371303.1785609685 6541256.8875771277 0.0
371235.5558808349 6541330.5569271417 0.0
371167.9332007013 6541404.2262771567 0.0
371105.8808838418 6541482.5729425605 0.0
371045.0193675730 6541561.9194978587 0.0
370984.1578513042 6541641.2660531551 0.0
370923.2963350354 6541720.6126084523 0.0
370862.4348187665 6541799.9591637487 0.0
370801.5733024977 6541879.3057190450 0.0
370740.7117862289 6541958.6522743423 0.0
370679.8502699601 6542037.9988296386 0.0
370618.9887536913 6542117.3453849358 0.0
370558.1272374224 6542196.6919402322 0.0
370497.2657211536 6542276.0384955294 0.0
370436.4042048848 6542355.3850508258 0.0
370375.5426886160 6542434.7316061230 0.0
370312.2452976243 6542512.1100632818 0.0
370247.4539618056 6542588.2814673837 0.0
370182.6626259868 6542664.4528714856 0.0
370117.8712901681 6542740.6242755866 0.0
370053.0799543494 6542816.7956796885 0.0
369988.2886185307 6542892.9670837903 0.0
369980.3589956177 6542902.2894801209 0.0
369979.1212083778 6543002.2818192411 0.0
369977.8834211378 6543102.2741583614 0.0
369976.6456338979 6543202.2664974816 0.0
369975.4078466580 6543302.2588366019 0.0
369974.1700594181 6543402.2511757221 0.0
369972.9322721781 6543502.2435148424 0.0
369971.6944849382 6543602.2358539626 0.0
369970.4566976983 6543702.2281930828 0.0
369969.2189104584 6543802.2205322031 0.0
369967.9811232184 6543902.2128713243 0.0
369966.7433359785 6544002.2052104454 0.0
369965.5055487386 6544102.1975495648 0.0
369964.2677614987 6544202.1898886850 0.0
369963.0299742587 6544302.1822278053 0.0
369961.7921870188 6544402.1745669264 0.0
369960.5543997790 6544502.1669060457 0.0
369959.3166125390 6544602.1592451660 0.0
369958.0788252991 6544702.1515842862 0.0
369956.8410380592 6544802.1439234056 0.0
369955.6032508193 6544902.1362625267 0.0
369954.6961708087 6544975.4130334444 0.0
369985.1370957703 6544880.1588992169 0.0
370015.5780207319 6544784.9047649885 0.0
370046.0189456934 6544689.6506307609 0.0
388554.9505532709 6545394.6445203470 0.0
388454.9505532777 6545394.6433519460 0.0
388354.9505532846 6545394.6421835450 0.0
388255.1369028686 6545390.7845156509 0.0
388155.6026845308 6545381.1440084092 0.0
388056.0684661930 6545371.5035011666 0.0
387956.5342478552 6545361.8629939249 0.0
387857.0000295174 6545352.2224866832 0.0
387757.4658111796 6545342.5819794415 0.0
387657.9315928418 6545332.9414721988 0.0
387558.3973745040 6545323.3009649571 0.0
387458.8631561662 6545313.6604577154 0.0
387359.3289378284 6545304.0199504727 0.0
387259.7947194906 6545294.3794432310 0.0
387160.2605011528 6545284.7389359893 0.0
387060.7708785938 6545291.7415760783 0.0
386961.2897531780 6545301.9153505014 0.0
386861.8086277622 6545312.0891249236 0.0
386763.9987097649 6545330.3091599699 0.0
386668.6943012182 6545360.5923188478 0.0
386575.4608114618 6545394.9268975621 0.0
386495.0966581652 6545454.4382650889 0.0
386414.7325048686 6545513.9496326158 0.0
386334.3683515720 6545573.4610001426 0.0
386254.0041982754 6545632.9723676695 0.0
386173.6400449788 6545692.4837351963 0.0
386093.2758916822 6545751.9951027231 0.0
386012.9117383856 6545811.5064702500 0.0
385932.5475850890 6545871.0178377768 0.0
385852.1834317924 6545930.5292053036 0.0
385776.9282524566 6545996.3094738843 0.0
385702.4241188976 6546063.0113035636 0.0
385627.9199853387 6546129.7131332438 0.0
385553.4158517798 6546196.4149629232 0.0
385478.9117182209 6546263.1167926034 0.0
385404.4075846619 6546329.8186222827 0.0
385329.9034511030 6546396.5204519629 0.0
385256.6271247789 6546464.4620428523 0.0
385189.2065819129 6546538.3164293142 0.0
385127.3640761069 6546616.0489799129 0.0
385081.6140712248 6546704.9699394964 0.0
385035.8640663426 6546793.8908990799 0.0
384990.1140614605 6546882.8118586643 0.0
384944.3640565784 6546971.7328182478 0.0
384907.8886040202 6547064.2073705718 0.0
384882.5072745716 6547160.9326936034 0.0
384857.1259451230 6547257.6580166332 0.0
384831.7446156744 6547354.3833396640 0.0
384806.3632862258 6547451.1086626947 0.0
384780.9819567772 6547547.8339857254 0.0
384763.4860604241 6547645.9077392863 0.0
384755.2844349500 6547745.5708384737 0.0
384747.0828094759 6547845.2339376602 0.0
384833.6971013221 6547858.5624855347 0.0
384933.6905324149 6547859.7086697677 0.0
385033.6839635076 6547860.8548539998 0.0
385133.6773946004 6547862.0010382328 0.0
385233.6708256932 6547863.1472224658 0.0
385333.6642567860 6547864.2934066979 0.0
385433.6576878788 6547865.4395909309 0.0
385533.6511189715 6547866.5857751630 0.0
385633.6445500643 6547867.7319593960 0.0
385733.6379811571 6547868.8781436291 0.0
385833.6314122498 6547870.0243278611 0.0
385933.6248433426 6547871.1705120942 0.0
386033.6182744353 6547872.3166963272 0.0
386133.6117055282 6547873.4628805593 0.0
386233.6051366209 6547874.6090647923 0.0
386333.5985677137 6547875.7552490253 0.0
386433.5919988065 6547876.9014332574 0.0
386533.5854298992 6547878.0476174904 0.0
386633.5788609920 6547879.1938017216 0.0
386733.5722920847 6547880.3399859564 0.0
386833.5657231775 6547881.4861701895 0.0
386933.5591542703 6547882.6323544206 0.0
387033.5525853631 6547883.7785386536 0.0
387133.5460164559 6547884.9247228866 0.0
387233.5394475486 6547886.0709071187 0.0
387333.5328786414 6547887.2170913517 0.0
387433.5263097342 6547888.3632755848 0.0
387533.5197408269 6547889.5094598169 0.0
387633.5131719197 6547890.6556440499 0.0
387733.5066030125 6547891.8018282829 0.0
387833.5000341053 6547892.9480125150 0.0
387933.4934651980 6547894.0941967480 0.0
388033.4868962908 6547895.2403809801 0.0
388133.4803273836 6547896.3865652131 0.0
388233.4737584763 6547897.5327494461 0.0
388333.4671895691 6547898.6789336782 0.0
388433.4606206618 6547899.8251179112 0.0
388528.4271138045 6547900.9136803886 0.0
388529.4853383060 6547800.9192797411 0.0
388530.5435628076 6547700.9248790927 0.0
388531.6017873090 6547600.9304784453 0.0
388532.6600118106 6547500.9360777978 0.0
388533.7182363121 6547400.9416771494 0.0
388534.7764608136 6547300.9472765019 0.0
388535.8346853151 6547200.9528758544 0.0
388536.8929098166 6547100.9584752070 0.0
388537.9511343182 6547000.9640745586 0.0
388539.0093588197 6546900.9696739111 0.0
388540.0675833212 6546800.9752732636 0.0
388541.1258078227 6546700.9808726152 0.0
388542.1840323242 6546600.9864719678 0.0
388543.2422568258 6546500.9920713203 0.0
388544.3004813273 6546400.9976706719 0.0
388545.3587058288 6546301.0032700244 0.0
388546.4169303303 6546201.0088693770 0.0
388547.4751548318 6546101.0144687286 0.0
388548.5333793334 6546001.0200680811 0.0
388549.5916038349 6545901.0256674336 0.0
388550.6498283364 6545801.0312667852 0.0
388551.7080528379 6545701.0368661378 0.0
388552.7662773394 6545601.0424654903 0.0
388553.8245018410 6545501.0480648428 0.0
388554.8827263425 6545401.0536641944 0.0
388315.6093490119 6543371.6439582659 0.0
388232.4888016071 6543316.0474242093 0.0
388149.3682542024 6543260.4508901527 0.0
388066.2477067976 6543204.8543560952 0.0
387995.7845920253 6543134.6417016629 0.0
387928.8810304649 6543060.3186672088 0.0
387861.9774689045 6542985.9956327537 0.0
387802.7053826597 6542905.6610208107 0.0
387746.1154268899 6542823.2136017727 0.0
387689.5254711200 6542740.7661827356 0.0
387639.9391731946 6542654.0808581654 0.0
387593.1594738115 6542565.6972639542 0.0
387546.3797744283 6542477.3136697439 0.0
387499.6000750450 6542388.9300755328 0.0
387454.1602423215 6542299.9850042798 0.0
387423.9543930785 6542204.6560649620 0.0
387393.7485438354 6542109.3271256443 0.0
387363.5426945924 6542013.9981863257 0.0
387333.3368453493 6541918.6692470079 0.0
387309.9582036554 6541822.0299223335 0.0
387302.7237351552 6541722.2919533094 0.0
387295.4892666551 6541622.5539842816 0.0
387288.2547981549 6541522.8160152556 0.0
387303.8955494803 6541425.6866487237 0.0
387333.3997317492 6541330.1382147819 0.0
387362.9039140181 6541234.5897808410 0.0
387392.4080962870 6541139.0413468992 0.0
387427.3536439172 6541045.6329113310 0.0
387470.8417574764 6540955.5841246704 0.0
387514.3298710356 6540865.5353380097 0.0
387557.8179845949 6540775.4865513491 0.0
387593.4926245956 6540682.5486709839 0.0
387619.0486993270 6540585.8693710053 0.0
387644.6047740583 6540489.1900710268 0.0
387670.1608487897 6540392.5107710483 0.0
387695.7169235211 6540295.8314710697 0.0
387706.7210303087 6540196.6510386961 0.0
387714.9116353290 6540096.9870332107 0.0
387723.1022403492 6539997.3230277253 0.0
387727.4051310983 6539897.5721570048 0.0
387723.6741677810 6539797.6417816794 0.0
387719.9432044636 6539697.7114063539 0.0
387716.2122411462 6539597.7810310284 0.0
387712.4812778288 6539497.8506557029 0.0
387704.3273729922 6539398.2263341099 0.0
387694.2589419822 6539298.7344917459 0.0
387684.1905109722 6539199.2426493820 0.0
387674.1220799622 6539099.7508070180 0.0
387664.0536489522 6539000.2589646531 0.0
387653.9852179422 6538900.7671222892 0.0
387643.9167869321 6538801.2752799252 0.0
387633.8483559221 6538701.7834375612 0.0
387623.7799249121 6538602.2915951973 0.0
387613.7114939021 6538502.7997528333 0.0
387603.6430628921 6538403.3079104694 0.0
387593.5746318821 6538303.8160681054 0.0
387583.5062008721 6538204.3242257414 0.0
387573.4377698621 6538104.8323833765 0.0
387563.3693388521 6538005.3405410126 0.0
387569.2091673763 6537906.9861281412 0.0
387593.3300127192 6537809.9387952564 0.0
387617.4508580621 6537712.8914623726 0.0
387665.0342182462 6537626.4614380421 0.0
387722.0163102383 6537544.2845483935 0.0
387778.9984022304 6537462.1076587457 0.0
387733.1226554393 6537492.4357057596 0.0
387656.3696526453 6537556.5370049831 0.0
387579.6153799298 6537620.6367835803 0.0
387502.8598972755 6537684.7351133749 0.0
387426.1044146212 6537748.8334431704 0.0
387349.3489319669 6537812.9317729650 0.0
387272.5934493126 6537877.0301027596 0.0
387202.6699837598 6537946.9918430643 0.0
387150.9580169263 6538032.5831538746 0.0
387099.2460500929 6538118.1744646849 0.0
387047.5340832594 6538203.7657754952 0.0
386995.8221164260 6538289.3570863064 0.0
386944.1101495926 6538374.9483971158 0.0
386892.3981827591 6538460.5397079261 0.0
386843.2539635113 6538547.5393544193 0.0
386798.8721308238 6538637.1510329396 0.0
386754.4902981364 6538726.7627114607 0.0
386710.1084654490 6538816.3743899819 0.0
386665.7266327615 6538905.9860685030 0.0
386621.3448000741 6538995.5977470232 0.0
386577.7029557508 6539085.5327885849 0.0
386542.0921803165 6539178.9772783797 0.0
386506.4814048821 6539272.4217681736 0.0
386470.8706294477 6539365.8662579684 0.0
386435.2598540133 6539459.3107477631 0.0
386399.6490785790 6539552.7552375579 0.0
386364.0383031446 6539646.1997273518 0.0
386328.4275277102 6539739.6442171466 0.0
386292.8167522759 6539833.0887069413 0.0
386257.2059768414 6539926.5331967361 0.0
386221.5952014071 6540019.9776865300 0.0
386194.6055025822 6540116.0449124984 0.0
386172.1432869778 6540213.4895063452 0.0
386149.6810713735 6540310.9341001930 0.0
386127.2188557691 6540408.3786940407 0.0
386104.7566401647 6540505.8232878884 0.0
386082.2944245604 6540603.2678817362 0.0
386066.9500067570 6540701.9261782570 0.0
386055.8500139356 6540801.3082196899 0.0
386044.7500211142 6540900.6902611228 0.0
386033.6500282928 6541000.0723025557 0.0
386022.5500354714 6541099.4543439886 0.0
386011.4500426500 6541198.8363854215 0.0
386000.8650314062 6541298.2555777011 0.0
385997.5854548949 6541398.2017851230 0.0
385994.3058783836 6541498.1479925439 0.0
385991.0263018723 6541598.0941999648 0.0
385987.7467253610 6541698.0404073866 0.0
385984.4671488497 6541797.9866148084 0.0
385981.1875723385 6541897.9328222293 0.0
385977.9079958272 6541997.8790296502 0.0
385974.6284193159 6542097.8252370721 0.0
385971.3488428047 6542197.7714444930 0.0
385968.0692662934 6542297.7176519148 0.0
385964.7896897821 6542397.6638593357 0.0
385961.5101132708 6542497.6100667575 0.0
385958.2305367595 6542597.5562741784 0.0
385954.9509602482 6542697.5024815993 0.0
385951.6713837370 6542797.4486890212 0.0
385948.3918072257 6542897.3948964421 0.0
385945.1122307144 6542997.3411038639 0.0
385941.8326542032 6543097.2873112848 0.0
385938.5530776919 6543197.2335187066 0.0
385935.2735011806 6543297.1797261275 0.0
385931.9939246693 6543397.1259335494 0.0
385928.7143481580 6543497.0721409703 0.0
385925.4347716467 6543597.0183483921 0.0
385922.1551951355 6543696.9645558130 0.0
385918.8756186242 6543796.9107632348 0.0
385915.5960421129 6543896.8569706557 0.0
385912.3164656017 6543996.8031780766 0.0
385909.0368890904 6544096.7493854985 0.0
385905.7573125791 6544196.6955929194 0.0
385903.6719990917 6544296.6434057187 0.0
385906.6828605126 6544396.5980690094 0.0
385909.6937219336 6544496.5527323000 0.0
385912.7045833546 6544596.5073955907 0.0
385915.7154447756 6544696.4620588813 0.0
385918.7263061965 6544796.4167221710 0.0
385921.7371676175 6544896.3713854617 0.0
385924.6074959746 6544996.3220076831 0.0
385915.8579082713 6545095.9384958521 0.0
385907.1083205679 6545195.5549840201 0.0
385898.3587328646 6545295.1714721890 0.0
385889.6091451612 6545394.7879603570 0.0
385880.8595574579 6545494.4044485260 0.0
385872.1099697545 6545594.0209366940 0.0
385863.3603820511 6545693.6374248629 0.0
385854.6107943478 6545793.2539130310 0.0
385845.8612066444 6545892.8704011999 0.0
385885.7139080629 6545905.6991733201 0.0
385966.0780613595 6545846.1878057932 0.0
386046.4422146561 6545786.6764382664 0.0
386126.8063679527 6545727.1650707396 0.0
386207.1705212492 6545667.6537032127 0.0
386287.5346745459 6545608.1423356859 0.0
386367.8988278424 6545548.6309681591 0.0
386448.2629811391 6545489.1196006322 0.0
386528.6271344356 6545429.6082331054 0.0
386613.1539177768 6545378.2403823687 0.0
386708.4583263234 6545347.9572234908 0.0
386803.8341863378 6545318.0180776464 0.0
386903.3153117536 6545307.8443032233 0.0
387002.7964371694 6545297.6705288002 0.0
387102.2775625852 6545287.4967543781 0.0
387201.7893371969 6545288.7612616904 0.0
387301.3235555346 6545298.4017689331 0.0
387400.8577738725 6545308.0422761748 0.0
387500.3919922103 6545317.6827834155 0.0
387599.9262105481 6545327.3232906591 0.0
387699.4604288859 6545336.9637979008 0.0
387798.9946472237 6545346.6043051425 0.0
387898.5288655615 6545356.2448123852 0.0
387998.0630838993 6545365.8853196269 0.0
388097.5973022371 6545375.5258268686 0.0
388197.1315205749 6545385.1663341112 0.0
388296.6737282304 6545394.6415026383 0.0
388396.6737282235 6545394.6426710393 0.0
388496.6737282167 6545394.6438394403 0.0
388555.3923337693 6545352.9236843390 0.0
388556.4511709721 6545252.9292901773 0.0
388557.5100081748 6545152.9348960156 0.0
388558.5688453776 6545052.9405018538 0.0
388559.6276825803 6544952.9461076921 0.0
388560.6865197830 6544852.9517135303 0.0
388561.7453569858 6544752.9573193686 0.0
388562.8041941886 6544652.9629252069 0.0
388563.8630313913 6544552.9685310451 0.0
388564.9218685941 6544452.9741368834 0.0
388565.9807057968 6544352.9797427217 0.0
388567.0395429996 6544252.9853485599 0.0
388568.0983802023 6544152.9909543972 0.0
388569.1572174050 6544052.9965602364 0.0
388570.2160546078 6543953.0021660738 0.0
388571.2748918105 6543853.0077719120 0.0
388572.3337290133 6543753.0133777503 0.0
388573.3925662161 6543653.0189835886 0.0
388574.4514034188 6543553.0245894268 0.0
388575.5102406216 6543453.0301952651 0.0
388487.3469386335 6543419.9017111054 0.0
388391.0754998831 6543392.8497226210 0.0
388527.8934984864 6537395.8443545606 0.0
388427.8942283295 6537395.4622968603 0.0
388327.8949581726 6537395.0802391609 0.0
388227.8956880157 6537394.6981814606 0.0
388127.8964178588 6537394.3161237612 0.0
388125.9878088629 6537416.7468060805 0.0
388215.8932533293 6537460.5304908883 0.0
388305.7986977957 6537504.3141756952 0.0
388395.7041422621 6537548.0978605021 0.0
388485.6095867284 6537591.8815453099 0.0
388567.8867610465 6537648.3355811369 0.0
388636.6657155155 6537683.4019833086 0.0
388637.7264416825 6537583.4076091666 0.0
388638.7871678496 6537483.4132350245 0.0
388626.8612943151 6537396.2197767012 0.0
370615.9938840771 6547536.7138264533 0.0
370660.8214283518 6547447.3242785502 0.0
370705.6489726264 6547357.9347306471 0.0
370751.8518587967 6547269.4202054935 0.0
370813.8266642629 6547190.9401221117 0.0
370875.8014697291 6547112.4600387318 0.0
370937.7762751952 6547033.9799553510 0.0
371001.9200341466 6546957.5657530213 0.0
371077.2921432151 6546891.8463101257 0.0
371152.6642522837 6546826.1268672301 0.0
371228.5907715567 6546761.1416846355 0.0
371312.4352952855 6546706.6430989597 0.0
371397.0404518659 6546653.9284999352 0.0
371494.4143029912 6546631.1615695972 0.0
371591.7881541165 6546608.3946392592 0.0
371689.1620052418 6546585.6277089203 0.0
371786.5358563671 6546562.8607785823 0.0
371883.9097074925 6546540.0938482443 0.0
371981.2835586178 6546517.3269179054 0.0
372078.6574097431 6546494.5599875674 0.0
372176.0312608684 6546471.7930572294 0.0
372273.4051119937 6546449.0261268914 0.0
372370.7789631190 6546426.2591965524 0.0
372464.2118962911 6546393.9584589684 0.0
372526.9029915225 6546316.0493672080 0.0
372589.5940867538 6546238.1402754486 0.0
372639.7892858754 6546152.0941653736 0.0
372685.6849072987 6546063.2482767003 0.0
372731.5805287221 6545974.4023880269 0.0
372777.4761501454 6545885.5564993536 0.0
372823.3717715688 6545796.7106106803 0.0
372869.2673929922 6545707.8647220070 0.0
372919.3759563425 6545621.3859997643 0.0
372971.3900707507 6545535.9779679272 0.0
373023.4041851590 6545450.5699360901 0.0
373075.4182995672 6545365.1619042531 0.0
373134.7916101436 6545285.0079288799 0.0
373198.6787702984 6545208.0765908742 0.0
373262.5659304532 6545131.1452528695 0.0
373326.4530906079 6545054.2139148628 0.0
373390.3402507627 6544977.2825768571 0.0
373465.5959818150 6544911.8983837888 0.0
373543.5136164961 6544849.2179067191 0.0
373621.4312511772 6544786.5374296494 0.0
373699.3488858584 6544723.8569525797 0.0
373778.5071809979 6544663.7147777639 0.0
373875.8323925959 6544640.7408101615 0.0
373973.1576041940 6544617.7668425599 0.0
374070.4828157921 6544594.7928749574 0.0
374167.8080273902 6544571.8189073550 0.0
374265.1332389883 6544548.8449397534 0.0
374358.2007313960 6544518.1092085969 0.0
374429.8768992845 6544448.3773869025 0.0
374501.5530671731 6544378.6455652080 0.0
374561.4393690794 6544299.2101273937 0.0
374616.0849768644 6544215.4613509858 0.0
374670.7305846494 6544131.7125745779 0.0
374725.3761924343 6544047.9637981700 0.0
374780.0218002193 6543964.2150217621 0.0
374834.6674080042 6543880.4662453542 0.0
374889.3130157892 6543796.7174689462 0.0
374943.9586235742 6543712.9686925383 0.0
374984.7380608884 6543621.7169249542 0.0
375024.9511487106 6543530.1587054003 0.0
375065.1642365328 6543438.6004858473 0.0
375105.3773243550 6543347.0422662934 0.0
375149.9654382321 6543257.6866076449 0.0
375199.5621148901 6543170.8524573091 0.0
375249.1587915482 6543084.0183069743 0.0
375298.7554682063 6542997.1841566386 0.0
375348.3521448644 6542910.3500063028 0.0
375397.9488215225 6542823.5158559680 0.0
375447.5454981806 6542736.6817056322 0.0
375497.1421748386 6542649.8475552956 0.0
375546.7388514967 6542563.0134049617 0.0
375596.3355281548 6542476.1792546259 0.0
375645.9322048129 6542389.3451042902 0.0
375695.5288814710 6542302.5109539554 0.0
375739.1797041469 6542212.6835304601 0.0
375779.3902228329 6542121.1241825651 0.0
375819.6007415188 6542029.5648346702 0.0
375859.8112602048 6541938.0054867743 0.0
375901.4561687678 6541847.1778815547 0.0
375951.9785874485 6541760.8790680598 0.0
376002.5010061293 6541674.5802545650 0.0
376053.0234248101 6541588.2814410701 0.0
376103.5458434909 6541501.9826275744 0.0
376154.0682621716 6541415.6838140804 0.0
376204.5906808524 6541329.3850005846 0.0
376255.1130995332 6541243.0861870898 0.0
376305.6355182140 6541156.7873735949 0.0
376356.1579368948 6541070.4885601001 0.0
376406.6803555756 6540984.1897466052 0.0
376457.2027742564 6540897.8909331094 0.0
376507.7251929371 6540811.5921196146 0.0
376558.2476116179 6540725.2933061197 0.0
376608.7700302987 6540638.9944926249 0.0
376659.2924489795 6540552.6956791300 0.0
376709.8148676603 6540466.3968656352 0.0
376760.3372863411 6540380.0980521394 0.0
376810.8597050218 6540293.7992386445 0.0
376861.3821237026 6540207.5004251497 0.0
376911.9045423834 6540121.2016116548 0.0
376962.4269610642 6540034.9027981600 0.0
377012.9493797449 6539948.6039846651 0.0
377063.4717984257 6539862.3051711703 0.0
377113.9942171065 6539776.0063576736 0.0
377154.1273302992 6539684.6102596559 0.0
377191.4609090388 6539591.8406315520 0.0
377228.7944877784 6539499.0710034482 0.0
377266.1280665180 6539406.3013753444 0.0
377303.4616452576 6539313.5317472406 0.0
377349.5056626953 6539224.9777535759 0.0
377399.0972317422 6539138.1406861478 0.0
377448.6888007892 6539051.3036187207 0.0
377498.2803698361 6538964.4665512927 0.0
377547.8719388831 6538877.6294838646 0.0
377597.4635079300 6538790.7924164366 0.0
377649.3607101979 6538705.4414552888 0.0
377707.9665880231 6538624.4146011947 0.0
377766.5724658482 6538543.3877471006 0.0
377820.2023819477 6538460.2533215228 0.0
377837.6228983558 6538361.7823836384 0.0
377855.0434147639 6538263.3114457522 0.0
377884.7418913004 6538168.9478312358 0.0
377930.0797709226 6538079.8160374062 0.0
377975.4176505448 6537990.6842435757 0.0
378020.7555301669 6537901.5524497461 0.0
378066.0934097891 6537812.4206559164 0.0
378111.4312894113 6537723.2888620859 0.0
378156.7691690334 6537634.1570682554 0.0
378202.1070486556 6537545.0252744257 0.0
378247.4449282778 6537455.8934805952 0.0
378292.7828079000 6537366.7616867656 0.0
378338.1206875221 6537277.6298929350 0.0
378390.2499953466 6537192.6466318136 0.0
378448.8540503214 6537111.6184593020 0.0
378507.4581052962 6537030.5902867913 0.0
378566.0621602710 6536949.5621142797 0.0
378624.6662152458 6536868.5339417690 0.0
378692.0485802204 6536796.4655886143 0.0
378774.2590183173 6536739.5319090569 0.0
378856.4694564143 6536682.5982295005 0.0
378944.0821818394 6536636.4326579068 0.0
379038.8694648073 6536604.5677714711 0.0
379133.6567477753 6536572.7028850354 0.0
379228.4440307432 6536540.8379985997 0.0
379324.7143378637 6536529.5340001360 0.0
379423.0933986520 6536547.4661053782 0.0
379513.3475251800 6536590.2244199971 0.0
379603.2930271246 6536633.9257549876 0.0
379677.9452209065 6536692.9445765074 0.0
379721.7885907236 6536782.8209300330 0.0
379765.6319605408 6536872.6972835585 0.0
379829.3519317813 6536849.0707731796 0.0
379901.1278719477 6536779.4416527404 0.0
379972.9038121140 6536709.8125323001 0.0
380044.6797522804 6536640.1834118608 0.0
380116.4556924468 6536570.5542914206 0.0
380188.2316326132 6536500.9251709804 0.0
380260.0075727795 6536431.2960505411 0.0
380331.7835129459 6536361.6669301009 0.0
380403.5594531123 6536292.0378096607 0.0
380475.3353932787 6536222.4086892214 0.0
380547.1113334451 6536152.7795687811 0.0
380618.8872736114 6536083.1504483409 0.0
380690.6632137778 6536013.5213279016 0.0
380762.4391539442 6535943.8922074614 0.0
380834.2150941106 6535874.2630870212 0.0
380905.9910342769 6535804.6339665819 0.0
380977.7669744433 6535735.0048461417 0.0
381049.5429146097 6535665.3757257024 0.0
381124.3888504347 6535599.0844391771 0.0
381199.7648956375 6535533.3695108145 0.0
381275.1409408404 6535467.6545824530 0.0
381350.5169860432 6535401.9396540914 0.0
381425.8930312460 6535336.2247257298 0.0
381501.2690764488 6535270.5097973682 0.0
381576.6451216516 6535204.7948690066 0.0
381652.0211668544 6535139.0799406450 0.0
381727.3972120573 6535073.3650122834 0.0
381802.7732572601 6535007.6500839218 0.0
381878.1493024629 6534941.9351555603 0.0
381953.5253476657 6534876.2202271977 0.0
382031.1826139517 6534813.2639546404 0.0
382109.8825177895 6534751.5685323142 0.0
382188.5824216274 6534689.8731099889 0.0
382267.2823254652 6534628.1776876636 0.0
382345.9822293031 6534566.4822653383 0.0
382424.6821331410 6534504.7868430130 0.0
382503.3820369788 6534443.0914206877 0.0
382580.4340293859 6534379.4508056371 0.0
382654.2247301394 6534311.9605657328 0.0
382728.0154308929 6534244.4703258295 0.0
382801.8061316464 6534176.9800859243 0.0
382875.5968323999 6534109.4898460200 0.0
382949.3875331533 6534041.9996061167 0.0
383023.1782339069 6533974.5093662124 0.0
383096.9689346604 6533907.0191263082 0.0
383170.7581771266 6533839.5272920895 0.0
383244.5442432531 6533772.0319852494 0.0
383318.3303093796 6533704.5366784083 0.0
383392.1163755060 6533637.0413715672 0.0
383465.9024416325 6533569.5460647261 0.0
383539.6885077589 6533502.0507578850 0.0
383613.4680110954 6533434.5482775234 0.0
383687.2452570036 6533367.0433296589 0.0
383761.0225029119 6533299.5383817935 0.0
383834.7997488202 6533232.0334339300 0.0
383908.5769947285 6533164.5284860656 0.0
383982.3542406367 6533097.0235382011 0.0
384056.1314865450 6533029.5185903367 0.0
384129.9087324532 6532962.0136424722 0.0
384203.6859783615 6532894.5086946078 0.0
384277.4632242698 6532827.0037467424 0.0
384351.2404701781 6532759.4987988779 0.0
384425.0177160864 6532691.9938510126 0.0
384498.7949619946 6532624.4889031490 0.0
384572.5722079029 6532556.9839552846 0.0
384646.3494538112 6532489.4790074201 0.0
384720.1266997195 6532421.9740595557 0.0
384793.9039456277 6532354.4691116912 0.0
384867.6811915360 6532286.9641638268 0.0
384941.4584374443 6532219.4592159623 0.0
385015.2356833526 6532151.9542680979 0.0
385097.0115255102 6532097.3702842733 0.0
385190.3317670828 6532061.4351689564 0.0
385287.2222491495 6532062.8409385001 0.0
385350.3040633303 6532130.8671851186 0.0
385400.3992720858 6532217.4146868717 0.0
385465.2143393594 6532177.1462427964 0.0
385533.8021392814 6532104.3745882744 0.0
385602.3899392033 6532031.6029337524 0.0
385609.8386272228 6531945.0873888647 0.0
385578.9932561427 6531849.9634534810 0.0
385548.1478850626 6531754.8395180972 0.0
385517.3025139825 6531659.7155827126 0.0
385486.4571429024 6531564.5916473297 0.0
385443.1625813467 6531474.7202393254 0.0
385396.5465132480 6531386.2502320064 0.0
385349.9304451494 6531297.7802246874 0.0
385303.3143770507 6531209.3102173684 0.0
385256.6983089520 6531120.8402100494 0.0
385197.0030575928 6531041.0123385685 0.0
385133.9022957434 6530963.4346751980 0.0
385074.4172100122 6530884.6478845673 0.0
385078.1571789040 6530784.7178458767 0.0
385081.8971477958 6530684.7878071861 0.0
385085.6371166877 6530584.8577684956 0.0
385089.3770855795 6530484.9277298050 0.0
385062.1330792290 6530390.0729135266 0.0
385026.7065974395 6530296.5583992107 0.0
384991.2801156501 6530203.0438848929 0.0
384955.8536338606 6530109.5293705752 0.0
384897.0589322855 6530030.8505728589 0.0
384827.5029347272 6529959.0037691472 0.0
384756.2349011008 6529889.3895182852 0.0
384668.8047140132 6529840.8512613550 0.0
384581.3745269256 6529792.3130044248 0.0
384488.8416615712 6529756.2286589025 0.0
384392.4892269538 6529729.4665897880 0.0
384296.1367923363 6529702.7045206726 0.0
384198.1694692127 6529689.7497399068 0.0
384098.2418981003 6529693.5550692705 0.0
383998.3143269879 6529697.3603986362 0.0
383900.0391342619 6529711.4349126369 0.0
383803.9617039978 6529739.1680587586 0.0
383707.8842737337 6529766.9012048813 0.0
383611.8068434696 6529794.6343510039 0.0
383523.2438079345 6529840.3967490587 0.0
383435.9096345912 6529889.1075503910 0.0
383348.5754612479 6529937.8183517233 0.0
383261.2412879046 6529986.5291530564 0.0
383173.9071145614 6530035.2399543887 0.0
383086.5729412180 6530083.9507557210 0.0
383000.0315051461 6530133.9429672947 0.0
382917.4559905690 6530190.3458430404 0.0
382834.8804759920 6530246.7487187861 0.0
382752.3049614150 6530303.1515945308 0.0
382669.7294468380 6530359.5544702765 0.0
382587.1539322610 6530415.9573460212 0.0
382504.5784176840 6530472.3602217669 0.0
382422.0029031070 6530528.7630975125 0.0
382339.4273885299 6530585.1659732573 0.0
382256.8518739530 6530641.5688490029 0.0
382174.2717416106 6530697.9649634305 0.0
382091.6902572964 6530754.3590983087 0.0
382009.1087729823 6530810.7532331850 0.0
381926.5272886681 6530867.1473680614 0.0
381843.9458043539 6530923.5415029377 0.0
381761.3643200397 6530979.9356378140 0.0
381678.7828357255 6531036.3297726912 0.0
381596.2013514113 6531092.7239075676 0.0
381513.6198670972 6531149.1180424439 0.0
381431.0383827830 6531205.5121773202 0.0
381348.6700052022 6531262.2105715536 0.0
381267.4482798208 6531320.5460781176 0.0
381186.2265544395 6531378.8815846816 0.0
381105.0048290581 6531437.2170912456 0.0
381023.7831036767 6531495.5525978096 0.0
380942.5613782954 6531553.8881043736 0.0
380861.3396529140 6531612.2236109376 0.0
380780.1179275326 6531670.5591175016 0.0
380698.8962021512 6531728.8946240656 0.0
380617.6744767698 6531787.2301306296 0.0
380536.4527513884 6531845.5656371936 0.0
380455.2310260070 6531903.9011437576 0.0
380374.0093006257 6531962.2366503207 0.0
380292.7875752443 6532020.5721568847 0.0
380207.8378122000 6532073.1553567024 0.0
380121.4166744706 6532123.4682472330 0.0
380034.9955367412 6532173.7811377645 0.0
379948.5743990118 6532224.0940282950 0.0
379862.1532612824 6532274.4069188256 0.0
379775.7321235531 6532324.7198093561 0.0
379689.3109858236 6532375.0326998867 0.0
379602.8898480943 6532425.3455904173 0.0
379516.4687103649 6532475.6584809488 0.0
379430.0475726355 6532525.9713714793 0.0
379341.8212347810 6532572.9032986388 0.0
379251.9349688643 6532616.7263428001 0.0
379162.0487029476 6532660.5493869614 0.0
379072.1624370309 6532704.3724311218 0.0
378982.2761711142 6532748.1954752831 0.0
378892.3899051975 6532792.0185194444 0.0
378802.5036392809 6532835.8415636057 0.0
378712.6173733642 6532879.6646077670 0.0
378622.7311074475 6532923.4876519283 0.0
378532.8448415308 6532967.3106960896 0.0
378442.9585756141 6533011.1337402510 0.0
378350.1199308387 6533046.6755241817 0.0
378252.7830518626 6533069.6000087168 0.0
378155.4461728865 6533092.5244932519 0.0
378150.8508274110 6533035.2842832115 0.0
378187.6196500354 6532942.2893710779 0.0
378224.3884726597 6532849.2944589434 0.0
378296.5009056192 6532793.9677733127 0.0
378391.6464542344 6532763.1891349619 0.0
378486.7920028497 6532732.4104966121 0.0
378581.9375514649 6532701.6318582613 0.0
378676.4128834257 6532669.1694072736 0.0
378766.6843974408 6532626.1455330011 0.0
378856.9559114558 6532583.1216587285 0.0
378947.2274254708 6532540.0977844559 0.0
379037.4989394859 6532497.0739101833 0.0
379127.7704535009 6532454.0500359107 0.0
379218.0419675160 6532411.0261616381 0.0
379305.7880507052 6532363.6397601124 0.0
379388.0524243608 6532306.7840407258 0.0
379470.3167980165 6532249.9283213383 0.0
379552.5811716723 6532193.0726019517 0.0
379634.8455453280 6532136.2168825641 0.0
379717.1099189837 6532079.3611631766 0.0
379799.3742926394 6532022.5054437900 0.0
379881.6386662951 6531965.6497244025 0.0
379963.9030399508 6531908.7940050149 0.0
380046.1674136065 6531851.9382856283 0.0
380130.3743763758 6531798.0939666443 0.0
380216.0904823157 6531746.5891204402 0.0
380301.8065882557 6531695.0842742370 0.0
380387.5226941957 6531643.5794280330 0.0
380473.2388001357 6531592.0745818289 0.0
380558.9549060757 6531540.5697356248 0.0
380644.6710120157 6531489.0648894208 0.0
380730.3871179557 6531437.5600432176 0.0
380816.1032238957 6531386.0551970135 0.0
380901.8193298356 6531334.5503508085 0.0
380987.5354357756 6531283.0455046054 0.0
381060.4342068675 6531217.4545206670 0.0
381119.7774728481 6531136.9661563979 0.0
381179.1207388286 6531056.4777921280 0.0
381238.4640048092 6530975.9894278590 0.0
381297.8072707897 6530895.5010635899 0.0
381361.5165086077 6530819.2239209600 0.0
381439.8118373264 6530757.0158708310 0.0
381518.1071660452 6530694.8078207020 0.0
381596.4024947639 6530632.5997705739 0.0
381674.6978234826 6530570.3917204449 0.0
381752.9931522014 6530508.1836703159 0.0
381831.2884809201 6530445.9756201869 0.0
381909.5838096388 6530383.7675700579 0.0
381988.3342812595 6530322.2013206938 0.0
382072.9371589971 6530268.8875975218 0.0
382157.5400367347 6530215.5738743488 0.0
382242.1429144723 6530162.2601511767 0.0
382326.7457922099 6530108.9464280037 0.0
382411.3486699475 6530055.6327048317 0.0
382495.9515476851 6530002.3189816587 0.0
382580.5544254227 6529949.0052584866 0.0
382665.1573031603 6529895.6915353136 0.0
382749.7601808979 6529842.3778121416 0.0
382834.3630586354 6529789.0640889686 0.0
382918.9659363730 6529735.7503657956 0.0
383003.5688141107 6529682.4366426244 0.0
383088.1716918483 6529629.1229194514 0.0
383172.7745695859 6529575.8091962785 0.0
383258.0522595654 6529523.6823039139 0.0
383347.1322950746 6529478.2428136691 0.0
383436.2123305839 6529432.8033234254 0.0
383525.2923660932 6529387.3638331806 0.0
383614.3724016024 6529341.9243429368 0.0
383705.2062577689 6529301.2962631760 0.0
383802.6319124163 6529278.7520440388 0.0
383900.0575670637 6529256.2078249017 0.0
383997.4832217111 6529233.6636057636 0.0
384094.9088763585 6529211.1193866264 0.0
384192.8916378741 6529192.8997574169 0.0
384292.8500592604 6529190.0163576929 0.0
384392.8084806466 6529187.1329579698 0.0
384492.7669020329 6529184.2495582458 0.0
384590.7139233025 6529195.1736921649 0.0
384685.6954611631 6529226.4547961354 0.0
384780.6769990236 6529257.7359001068 0.0
384875.6585368842 6529289.0170040773 0.0
384972.0314382212 6529301.3435853058 0.0
385063.2948519408 6529261.0708123865 0.0
385153.9544429465 6529218.8708294630 0.0
385244.6140339522 6529176.6708465395 0.0
385335.2736249579 6529134.4708636170 0.0
385423.1876562199 6529088.1724542473 0.0
385496.7077381295 6529020.3875181926 0.0
385568.0159536605 6528950.9161783447 0.0
385613.9152200241 6528862.0721726529 0.0
385659.8144863877 6528773.2281669620 0.0
385705.7137527512 6528684.3841612702 0.0
385751.6130191148 6528595.5401555793 0.0
385777.3246363333 6528501.6372344773 0.0
385778.7461218985 6528401.6473380942 0.0
385767.8880641122 6528303.4920086600 0.0
385737.3039253678 6528208.2837608168 0.0
385706.7197866233 6528113.0755129755 0.0
385676.1356478788 6528017.8672651323 0.0
385645.5515091344 6527922.6590172891 0.0
385614.9673703899 6527827.4507694468 0.0
385584.3832316454 6527732.2425216036 0.0
385565.7347755408 6527634.3778351285 0.0
385553.0525348614 6527535.1852911972 0.0
385617.2502306786 6527459.4621121958 0.0
385700.4972438494 6527423.2387934504 0.0
385800.4869564885 6527424.6731456947 0.0
385880.8785450972 6527476.0228651650 0.0
385955.1336957650 6527543.0017618360 0.0
386029.3888464328 6527609.9806585070 0.0
386103.6439971005 6527676.9595551789 0.0
386177.8991477683 6527743.9384518499 0.0
386252.1542984361 6527810.9173485208 0.0
386326.4094491039 6527877.8962451927 0.0
386400.6645997717 6527944.8751418637 0.0
386471.4903623574 6528015.1182103604 0.0
386534.7242674698 6528092.5873864517 0.0
386584.3681067869 6528176.7442041971 0.0
386607.1700421252 6528274.1098641846 0.0
386629.9719774635 6528371.4755241722 0.0
386619.4710983135 6528468.5824516462 0.0
386580.0209801908 6528556.8796408689 0.0
386508.4325459002 6528626.7015290977 0.0
386424.1568189770 6528679.0223222636 0.0
386335.5329418766 6528725.3451935872 0.0
386246.9090647761 6528771.6680649109 0.0
386158.2851876757 6528817.9909362346 0.0
386069.6613105752 6528864.3138075592 0.0
385981.7490843322 6528911.6890471280 0.0
385905.7543177573 6528976.6874736724 0.0
385829.7595511823 6529041.6859002169 0.0
385753.7647846073 6529106.6843267595 0.0
385677.7700180323 6529171.6827533050 0.0
385601.7752514574 6529236.6811798494 0.0
385547.8027208056 6529320.1399723310 0.0
385497.0730216162 6529406.3171016639 0.0
385446.3433224269 6529492.4942309977 0.0
385414.1282090604 6529586.0891364040 0.0
385391.3227405810 6529683.4539689021 0.0
385368.5172721015 6529780.8188014003 0.0
385354.4601945474 6529879.0129665947 0.0
385358.5637951323 6529978.9287334299 0.0
385362.6673957172 6530078.8445002651 0.0
385380.6264288040 6530175.9833947429 0.0
385415.3429466717 6530269.7637945451 0.0
385450.0594645394 6530363.5441943482 0.0
385484.7759824071 6530457.3245941503 0.0
385519.4925002748 6530551.1049939534 0.0
385551.8343556654 6530645.5655640159 0.0
385572.0317055266 6530743.5046627382 0.0
385592.2290553879 6530841.4437614596 0.0
385612.4264052492 6530939.3828601837 0.0
385632.6237551104 6531037.3219589060 0.0
385652.8211049717 6531135.2610576283 0.0
385673.0184548330 6531233.2001563506 0.0
385693.2158046942 6531331.1392550739 0.0
385713.4131545554 6531429.0783537962 0.0
385733.6105044167 6531527.0174525185 0.0
385753.8078542780 6531624.9565512408 0.0
385774.0052041392 6531722.8956499640 0.0
385794.2025540005 6531820.8347486863 0.0
385859.9454846962 6531758.0358437076 0.0
385928.5182399962 6531685.2500124592 0.0
385997.0909952963 6531612.4641812099 0.0
386065.6637505963 6531539.6783499625 0.0
386134.2365058964 6531466.8925187131 0.0
386199.5163576911 6531391.2399991136 0.0
386262.1639017847 6531313.2958831144 0.0
386324.8114458784 6531235.3517671134 0.0
386387.4589899720 6531157.4076511133 0.0
386450.1065340656 6531079.4635351133 0.0
386512.7540781592 6531001.5194191132 0.0
386575.4016222528 6530923.5753031131 0.0
386638.0491663464 6530845.6311871130 0.0
386700.6967104400 6530767.6870711129 0.0
386763.3442545336 6530689.7429551128 0.0
386825.9917986272 6530611.7988391127 0.0
386888.6393427209 6530533.8547231127 0.0
386951.2868868145 6530455.9106071126 0.0
387013.9344309081 6530377.9664911116 0.0
387073.2283626689 6530297.5097691435 0.0
387130.4319004107 6530215.4868743531 0.0
387187.6354381525 6530133.4639795618 0.0
387244.8389758943 6530051.4410847714 0.0
387302.0425136361 6529969.4181899810 0.0
387359.2460513779 6529887.3952951906 0.0
387416.4495891197 6529805.3724004002 0.0
387473.6319758529 6529723.3347611278 0.0
387530.8019468662 6529641.2884667916 0.0
387587.9719178795 6529559.2421724554 0.0
387645.1418888927 6529477.1958781192 0.0
387699.7589939582 6529393.5107041774 0.0
387750.5581953733 6529307.3745263210 0.0
387760.7621654586 6529346.9213689948 0.0
387751.5765057426 6529446.4985935772 0.0
387742.3908460265 6529546.0758181605 0.0
387733.2051863105 6529645.6530427430 0.0
387724.0195265944 6529745.2302673254 0.0
387714.8338668784 6529844.8074919078 0.0
387705.6482071623 6529944.3847164912 0.0
387696.4625474462 6530043.9619410736 0.0
387687.2768877302 6530143.5391656561 0.0
387678.0912280141 6530243.1163902394 0.0
387668.9055682980 6530342.6936148209 0.0
387659.7199085820 6530442.2708394043 0.0
387650.5342488659 6530541.8480639867 0.0
387641.3485891498 6530641.4252885692 0.0
387632.1629294338 6530741.0025131516 0.0
387622.9772697177 6530840.5797377340 0.0
387613.7916100016 6530940.1569623174 0.0
387604.6059502856 6531039.7341868998 0.0
387595.4202905695 6531139.3114114823 0.0
387586.2346308535 6531238.8886360647 0.0
387577.0489711374 6531338.4658606481 0.0
387567.8633114214 6531438.0430852314 0.0
387558.6776517053 6531537.6203098129 0.0
387549.4919919892 6531637.1975343954 0.0
387540.3059131819 6531736.7747203149 0.0
387531.1184376901 6531836.3517773813 0.0
387521.9309621984 6531935.9288344486 0.0
387512.7434867067 6532035.5058915149 0.0
387546.2035858617 6532060.4740614546 0.0
387627.3450882433 6532002.0270205438 0.0
387708.4865906250 6531943.5799796330 0.0
387789.6280930066 6531885.1329387221 0.0
387879.0497004089 6531842.4014143459 0.0
387973.1368194207 6531808.5249618152 0.0
388067.2239384323 6531774.6485092836 0.0
388161.3110574441 6531740.7720567537 0.0
388255.3981764558 6531706.8956042230 0.0
388353.0279822072 6531685.7745726407 0.0
388451.1090459236 6531666.2782924762 0.0
388549.1901096401 6531646.7820123117 0.0
388647.2711733566 6531627.2857321473 0.0
388701.5496366452 6531571.4455848029 0.0
388702.6122696765 6531471.4512309069 0.0
388703.6749027078 6531371.4568770109 0.0
388704.7375357391 6531271.4625231158 0.0
388705.8001687704 6531171.4681692198 0.0
388706.8628018016 6531071.4738153238 0.0
388707.9254348329 6530971.4794614278 0.0
388708.9880678642 6530871.4851075327 0.0
388710.0507008954 6530771.4907536367 0.0
388711.1133339267 6530671.4963997407 0.0
388712.1759669580 6530571.5020458447 0.0
388713.2385999893 6530471.5076919487 0.0
388714.3012330206 6530371.5133380536 0.0
388715.3638660518 6530271.5189841576 0.0
388716.4264990831 6530171.5246302616 0.0
388717.4891321143 6530071.5302763656 0.0
388718.5517651456 6529971.5359224696 0.0
388719.6143981769 6529871.5415685736 0.0
388720.6770312082 6529771.5472146776 0.0
388721.7396642395 6529671.5528607816 0.0
388711.4171393737 6529574.5458661430 0.0
388661.3963688703 6529487.9553209422 0.0
388615.3907753370 6529399.4978931071 0.0
388581.4200913529 6529305.4447558401 0.0
388547.4494073688 6529211.3916185740 0.0
388513.4787233848 6529117.3384813080 0.0
388479.5080394007 6529023.2853440410 0.0
388445.5373554166 6528929.2322067749 0.0
388411.5666714326 6528835.1790695088 0.0
388377.5959874485 6528741.1259322418 0.0
388343.6253034644 6528647.0727949757 0.0
388309.6546194804 6528553.0196577087 0.0
388275.6839354963 6528458.9665204426 0.0
388303.1385924028 6528370.6749362331 0.0
388354.0067916745 6528284.5794874402 0.0
388398.5913803694 6528195.2008121302 0.0
388440.2172862955 6528104.2762062419 0.0
388481.8431922216 6528013.3516003545 0.0
388523.4690981477 6527922.4269944672 0.0
388565.0950040738 6527831.5023885788 0.0
388606.7209099999 6527740.5777826915 0.0
388648.3468159259 6527649.6531768041 0.0
388689.9727218520 6527558.7285709158 0.0
388731.5986277781 6527467.8039650284 0.0
388746.2021718175 6527370.8371667862 0.0
388746.5629162564 6527336.9191196896 0.0
388646.5688811460 6527335.8269006908 0.0
388546.5748460356 6527334.7346816910 0.0
388446.5808109253 6527333.6424626922 0.0
388346.5867758149 6527332.5502436915 0.0
388246.5927407045 6527331.4580246937 0.0
388146.5987055941 6527330.3658056939 0.0
388046.6046704837 6527329.2735866951 0.0
387946.6106353733 6527328.1813676953 0.0
387846.6166002629 6527327.0891486974 0.0
387746.6225651525 6527325.9969296968 0.0
387646.6285300421 6527324.9047106979 0.0
387546.6344949318 6527323.8124916982 0.0
387446.6404598214 6527322.7202726994 0.0
387346.6464247110 6527321.6280536996 0.0
387246.6523896006 6527320.5358347008 0.0
387146.6583544902 6527319.4436157010 0.0
387046.6643193798 6527318.3513967022 0.0
386946.6702842694 6527317.2591777015 0.0
386846.6762491590 6527316.1669587037 0.0
386746.6822140486 6527315.0747397039 0.0
386646.6881789383 6527313.9825207051 0.0
386546.6941438279 6527312.8903017053 0.0
386446.7001087175 6527311.7980827074 0.0
386346.7060736071 6527310.7058637068 0.0
386246.7120384967 6527309.6136447079 0.0
386146.7180033863 6527308.5214257082 0.0
386046.7239682759 6527307.4292067094 0.0
385946.7299331655 6527306.3369877096 0.0
385846.7358980551 6527305.2447687108 0.0
385746.7418629448 6527304.1525497120 0.0
385646.7478278344 6527303.0603307122 0.0
385546.7537927240 6527301.9681117134 0.0
385446.7597576136 6527300.8758927137 0.0
385346.7657225032 6527299.7836737148 0.0
385246.7716873928 6527298.6914547151 0.0
385146.7776522824 6527297.5992357163 0.0
385046.7836171720 6527296.5070167175 0.0
384946.7895820616 6527295.4147977177 0.0
384846.7955469513 6527294.3225787180 0.0
384746.8015118409 6527293.2303597191 0.0
384646.8074767305 6527292.1381407194 0.0
384546.8134416201 6527291.0459217206 0.0
384446.8194065097 6527289.9537027208 0.0
384346.8253713993 6527288.8614837220 0.0
384246.8313362889 6527287.7692647222 0.0
384146.8373011785 6527286.6770457234 0.0
384046.8432660681 6527285.5848267237 0.0
383946.8492309578 6527284.4926077249 0.0
383846.8551958474 6527283.4003887251 0.0
383746.8611607370 6527282.3081697263 0.0
383646.8671256266 6527281.2159507275 0.0
383546.8730905162 6527280.1237317277 0.0
383446.8790554059 6527279.0315127280 0.0
383346.8850202954 6527277.9392937291 0.0
383246.8909851850 6527276.8470747294 0.0
383146.8969500746 6527275.7548557306 0.0
383046.9029149643 6527274.6626367318 0.0
382946.9088798539 6527273.5704177320 0.0
382846.9148447435 6527272.4781987332 0.0
382746.9208096331 6527271.3859797334 0.0
382662.8360986399 6527324.9660150213 0.0
382579.0406127356 6527379.5399698168 0.0
382495.2451268312 6527434.1139246123 0.0
382411.4496409268 6527488.6878794087 0.0
382327.6541550225 6527543.2618342042 0.0
382243.8586691181 6527597.8357889997 0.0
382160.0631832137 6527652.4097437961 0.0
382076.2676973094 6527706.9836985916 0.0
381992.4722114050 6527761.5576533871 0.0
381908.6767255006 6527816.1316081826 0.0
381824.8812395962 6527870.7055629790 0.0
381741.0857536918 6527925.2795177735 0.0
381657.2902677875 6527979.8534725700 0.0
381573.4947818831 6528034.4274273664 0.0
381491.4805448322 6528091.2270537689 0.0
381419.8707356148 6528161.0270195566 0.0
381348.2609263974 6528230.8269853434 0.0
381278.5336271490 6528302.1686135484 0.0
381224.2197547125 6528386.1329110861 0.0
381169.9058822759 6528470.0972086228 0.0
381115.5920098394 6528554.0615061605 0.0
381061.2781374028 6528638.0258036982 0.0
381006.9642649662 6528721.9901012350 0.0
380952.6503925297 6528805.9543987727 0.0
380887.9874675495 6528881.1521682572 0.0
380814.0980358207 6528948.5343014877 0.0
380740.2086040919 6529015.9164347192 0.0
380664.6756280367 6529081.1367517803 0.0
380579.9874942017 6529134.3149426822 0.0
380495.2993603668 6529187.4931335831 0.0
380410.6112265318 6529240.6713244850 0.0
380325.9230926968 6529293.8495153859 0.0
380241.2349588618 6529347.0277062878 0.0
380156.5468250269 6529400.2058971897 0.0
380071.8586911919 6529453.3840880906 0.0
379987.1705573570 6529506.5622789916 0.0
379902.4824235220 6529559.7404698934 0.0
379817.7942896870 6529612.9186607953 0.0
379733.1061558520 6529666.0968516963 0.0
379648.4180220171 6529719.2750425981 0.0
379563.7298881821 6529772.4532334991 0.0
379479.0417543472 6529825.6314244010 0.0
379394.3536205122 6529878.8096153019 0.0
379309.6654866772 6529931.9878062038 0.0
379224.9773528422 6529985.1659971047 0.0
379140.2892190072 6530038.3441880066 0.0
379056.7112326840 6530093.1982128564 0.0
378974.7146442192 6530150.4394521872 0.0
378892.7180557544 6530207.6806915179 0.0
378810.7214672896 6530264.9219308486 0.0
378728.7248788248 6530322.1631701794 0.0
378646.7282903600 6530379.4044095101 0.0
378564.7317018952 6530436.6456488408 0.0
378482.7351134304 6530493.8868881715 0.0
378400.7385249656 6530551.1281275032 0.0
378318.7419365008 6530608.3693668339 0.0
378236.7453480360 6530665.6106061647 0.0
378154.7487595712 6530722.8518454954 0.0
378072.7521711064 6530780.0930848261 0.0
377990.7555826416 6530837.3343241578 0.0
377908.7589941768 6530894.5755634895 0.0
377826.7624057120 6530951.8168028193 0.0
377744.7658172472 6531009.0580421500 0.0
377662.7680026714 6531066.2975248965 0.0
377580.7649257267 6531123.5294685261 0.0
377498.7618487820 6531180.7614121558 0.0
377416.7587718372 6531237.9933557846 0.0
377334.7556948925 6531295.2252994142 0.0
377243.4464005802 6531306.0851667710 0.0
377174.6788605250 6531343.7827742537 0.0
377131.8261930252 6531434.1356872562 0.0
377088.9735255254 6531524.4886002596 0.0
377046.1208580255 6531614.8415132631 0.0
377003.2681905257 6531705.1944262655 0.0
376958.3059012974 6531794.4675430264 0.0
376910.0745801195 6531882.0674269143 0.0
376861.8432589417 6531969.6673108041 0.0
376813.6119377638 6532057.2671946939 0.0
376765.3806165860 6532144.8670785828 0.0
376717.1492954082 6532232.4669624725 0.0
376668.9179742303 6532320.0668463623 0.0
376620.6866530525 6532407.6667302512 0.0
376572.4553318746 6532495.2666141409 0.0
376524.2240106968 6532582.8664980298 0.0
376475.9926895189 6532670.4663819196 0.0
376427.7613683410 6532758.0662658093 0.0
376379.5300471632 6532845.6661496982 0.0
376331.2987259853 6532933.2660335880 0.0
376283.0674048075 6533020.8659174768 0.0
376234.8360836297 6533108.4658013666 0.0
376186.6047624518 6533196.0656852564 0.0
376138.3734412740 6533283.6655691452 0.0
376090.1421200961 6533371.2654530350 0.0
376041.9107989183 6533458.8653369239 0.0
375993.6794777404 6533546.4652208136 0.0
375945.4481565626 6533634.0651047034 0.0
375897.2168353847 6533721.6649885923 0.0
375848.9855142069 6533809.2648724820 0.0
375800.7541930291 6533896.8647563718 0.0
375752.5228718512 6533984.4646402607 0.0
375704.2915506734 6534072.0645241505 0.0
375656.0602294955 6534159.6644080393 0.0
375607.8289083177 6534247.2642919291 0.0
375559.5975871398 6534334.8641758189 0.0
375511.3662659620 6534422.4640597077 0.0
375463.1349447841 6534510.0639435966 0.0
375414.9036236063 6534597.6638274863 0.0
375378.8839057569 6534690.8678835500 0.0
375343.9183279799 6534784.5557075758 0.0
375308.9527502027 6534878.2435316024 0.0
375273.9871724256 6534971.9313556282 0.0
375239.0215946485 6535065.6191796539 0.0
375204.0560168714 6535159.3070036797 0.0
375169.0904390943 6535252.9948277054 0.0
375134.1248613172 6535346.6826517321 0.0
375099.1592835400 6535440.3704757579 0.0
375064.1937057629 6535534.0582997836 0.0
375029.2281279858 6535627.7461238094 0.0
375057.3240946776 6535648.0307084601 0.0
375144.6726339656 6535599.3456729334 0.0
375232.0211732536 6535550.6606374066 0.0
375319.3697125416 6535501.9756018799 0.0
375406.7182518296 6535453.2905663531 0.0
375494.0667911176 6535404.6055308264 0.0
375581.4153304056 6535355.9204952987 0.0
375668.7638696936 6535307.2354597719 0.0
375756.1124089815 6535258.5504242452 0.0
375843.4609482695 6535209.8653887184 0.0
375930.8094875575 6535161.1803531917 0.0
376018.1580268455 6535112.4953176649 0.0
376105.5065661335 6535063.8102821382 0.0
376192.8551054214 6535015.1252466096 0.0
376280.2036447095 6534966.4402110837 0.0
376369.4836077993 6534922.0494782263 0.0
376463.8641363610 6534888.9992765868 0.0
376558.2446649227 6534855.9490749473 0.0
376652.6251934844 6534822.8988733077 0.0
376743.7415835686 6534782.0348191271 0.0
376833.5865397489 6534738.1271449802 0.0
376923.4314959293 6534694.2194708334 0.0
377013.2764521096 6534650.3117966875 0.0
377103.1214082899 6534606.4041225407 0.0
377192.9663644702 6534562.4964483939 0.0
377282.8113206505 6534518.5887742480 0.0
377372.6562768308 6534474.6811001012 0.0
377462.5012330111 6534430.7734259544 0.0
377527.8353489694 6534362.4427360538 0.0
377571.4202412422 6534272.4407518217 0.0
377615.0051335149 6534182.4387675906 0.0
377658.5900257876 6534092.4367833594 0.0
377702.1749180604 6534002.4347991282 0.0
377745.7598103331 6533912.4328148970 0.0
377789.3447026058 6533822.4308306659 0.0
377832.9295948785 6533732.4288464338 0.0
377876.5144871512 6533642.4268622026 0.0
377938.5776116388 6533565.2918824768 0.0
378001.0734484974 6533499.8528481247 0.0
378097.3586239337 6533472.8497929052 0.0
378193.6437993700 6533445.8467376856 0.0
378289.9289748064 6533418.8436824661 0.0
378386.2141502427 6533391.8406272465 0.0
378475.5061464009 6533347.4510495299 0.0
378563.6729913724 6533300.2641080339 0.0
378651.8398363438 6533253.0771665378 0.0
378740.0066813153 6533205.8902250417 0.0
378828.1735262868 6533158.7032835446 0.0
378916.3403712583 6533111.5163420495 0.0
379004.5072162297 6533064.3294005524 0.0
379101.5719143755 6533043.3688124064 0.0
379196.0003230708 6533015.4999167444 0.0
379281.9742909558 6532964.4266669340 0.0
379367.9482588408 6532913.3534171246 0.0
379453.9222267258 6532862.2801673152 0.0
379539.8961946107 6532811.2069175057 0.0
379625.8697004538 6532760.1328899860 0.0
379711.8398368694 6532709.0531910378 0.0
379797.8099732852 6532657.9734920887 0.0
379883.7801097009 6532606.8937931405 0.0
379969.7502461165 6532555.8140941923 0.0
380055.7203825323 6532504.7343952432 0.0
380141.6905189480 6532453.6546962950 0.0
380227.6606553636 6532402.5749973468 0.0
380313.6307917793 6532351.4952983977 0.0
380399.6009281951 6532300.4155994495 0.0
380485.5680682088 6532249.3308578301 0.0
380571.5342080327 6532198.2444329821 0.0
380657.5003478567 6532147.1580081331 0.0
380743.4664876807 6532096.0715832850 0.0
380829.4326275046 6532044.9851584369 0.0
380915.3987673286 6531993.8987335889 0.0
380998.4811320605 6531938.2662405744 0.0
381084.4818167661 6531887.7304240707 0.0
381173.1753970789 6531841.8183274344 0.0
381256.9961062312 6531787.2831212170 0.0
381340.8168153835 6531732.7479149997 0.0
381424.6375245359 6531678.2127087805 0.0
381508.4582336882 6531623.6775025642 0.0
381592.2776067882 6531569.1402429314 0.0
381676.0959253327 6531514.6013625199 0.0
381759.9142438772 6531460.0624821102 0.0
381843.7325624217 6531405.5236017006 0.0
381858.7788869441 6531445.3576156143 0.0
381832.5349757288 6531541.8524710424 0.0
381806.2910645136 6531638.3473264705 0.0
381780.0471532983 6531734.8421818996 0.0
381753.8032420831 6531831.3370373277 0.0
381727.5593308678 6531927.8318927558 0.0
381686.2538825780 6532018.7434296506 0.0
381643.2584024784 6532109.0284709977 0.0
381600.2629223788 6532199.3135123448 0.0
381557.2674422791 6532289.5985536920 0.0
381514.2719621795 6532379.8835950382 0.0
381471.2764820799 6532470.1686363854 0.0
381428.2810019802 6532560.4536777316 0.0
381385.2855218806 6532650.7387190787 0.0
381340.7457743385 6532740.1626720624 0.0
381286.5402512738 6532824.1969583342 0.0
381232.3347282092 6532908.2312446069 0.0
381178.1292051445 6532992.2655308787 0.0
381123.9236820798 6533076.2998171514 0.0
381069.7181590152 6533160.3341034232 0.0
381015.5126359505 6533244.3683896959 0.0
380954.1671324341 6533323.2495873896 0.0
380891.4876444397 6533401.1680177180 0.0
380828.8081564454 6533479.0864480464 0.0
380766.1286684511 6533557.0048783738 0.0
380703.4491804568 6533634.9233087022 0.0
380640.7696924625 6533712.8417390296 0.0
380566.6589719444 6533779.4294037595 0.0
380489.2968762898 6533842.7942690719 0.0
380411.9347806352 6533906.1591343833 0.0
380334.5726849806 6533969.5239996947 0.0
380257.2105893260 6534032.8888650062 0.0
380179.8484936714 6534096.2537303176 0.0
380102.4863980168 6534159.6185956290 0.0
380025.1243023622 6534222.9834609404 0.0
379948.2833477035 6534286.9268510370 0.0
379877.2106013046 6534357.2735973671 0.0
379806.1378549057 6534427.6203436982 0.0
379735.0651085069 6534497.9670900293 0.0
379663.9923621080 6534568.3138363594 0.0
379592.9196157092 6534638.6605826896 0.0
379521.8468693103 6534709.0073290216 0.0
379450.7741229114 6534779.3540753517 0.0
379379.7013765126 6534849.7008216828 0.0
379308.6286301137 6534920.0475680139 0.0
379251.3229650494 6535001.6941223424 0.0
379196.1829702265 6535085.1182254003 0.0
379141.0429754036 6535168.5423284573 0.0
379085.9029805807 6535251.9664315153 0.0
379030.7629857578 6535335.3905345723 0.0
378975.6229909349 6535418.8146376293 0.0
378920.4829961121 6535502.2387406873 0.0
378865.3430012892 6535585.6628437443 0.0
378810.2030064663 6535669.0869468022 0.0
378755.0630116434 6535752.5110498592 0.0
378705.9046663418 6535839.3747581253 0.0
378661.5397393333 6535928.9948075088 0.0
378617.1748123248 6536018.6148568923 0.0
378572.8098853162 6536108.2349062767 0.0
378528.4449583076 6536197.8549556602 0.0
378484.0800312991 6536287.4750050437 0.0
378439.7151042905 6536377.0950544272 0.0
378395.3501772819 6536466.7151038107 0.0
378350.9852502734 6536556.3351531941 0.0
378306.6203232649 6536645.9552025776 0.0
378260.9676113164 6536734.8855467280 0.0
378210.9558022959 6536821.4812680921 0.0
378160.9439932755 6536908.0769894551 0.0
378110.9321842550 6536994.6727108192 0.0
378060.9203752345 6537081.2684321832 0.0
378010.9085662140 6537167.8641535463 0.0
377960.8967571936 6537254.4598749103 0.0
377906.1145626779 6537337.8016315820 0.0
377843.7410996680 6537415.9652491556 0.0
377781.3676366581 6537494.1288667284 0.0
377718.9941736483 6537572.2924843021 0.0
377656.6207106385 6537650.4561018758 0.0
377594.2472476286 6537728.6197194476 0.0
377531.8737846187 6537806.7833370222 0.0
377469.5003216089 6537884.9469545959 0.0
377407.1268585990 6537963.1105721695 0.0
377344.7533955892 6538041.2741897423 0.0
377282.3799325794 6538119.4378073160 0.0
377218.7159905609 6538196.3718823530 0.0
377143.6584611263 6538262.4503756398 0.0
377068.6009316916 6538328.5288689276 0.0
376993.5434022570 6538394.6073622154 0.0
376918.4858728223 6538460.6858555032 0.0
376843.4283433877 6538526.7643487910 0.0
376768.3708139531 6538592.8428420788 0.0
376693.3132845185 6538658.9213353666 0.0
376618.2557550839 6538724.9998286543 0.0
376543.1982256492 6538791.0783219421 0.0
376468.1406962146 6538857.1568152290 0.0
376393.0831667800 6538923.2353085168 0.0
376318.0256373453 6538989.3138018046 0.0
376242.9681079107 6539055.3922950923 0.0
376167.9105784760 6539121.4707883801 0.0
376092.8530490414 6539187.5492816679 0.0
376017.7955196068 6539253.6277749557 0.0
375942.7379901721 6539319.7062682426 0.0
375867.6804607375 6539385.7847615303 0.0
375792.6229313029 6539451.8632548181 0.0
375717.5654018683 6539517.9417481059 0.0
375642.5078724336 6539584.0202413937 0.0
375567.4503429990 6539650.0987346806 0.0
375492.3928135643 6539716.1772279693 0.0
375417.3352841297 6539782.2557212571 0.0
375342.2777546950 6539848.3342145449 0.0
375267.2202252604 6539914.4127078317 0.0
375192.1626958258 6539980.4912011186 0.0
375117.1051663912 6540046.5696944073 0.0
375042.0476369566 6540112.6481876951 0.0
374966.8124815720 6540178.5181506341 0.0
374889.6376868236 6540242.1110044429 0.0
374812.4628920751 6540305.7038582517 0.0
374735.2880973267 6540369.2967120605 0.0
374658.1133025783 6540432.8895658692 0.0
374580.9385078299 6540496.4824196780 0.0
374503.7637130814 6540560.0752734868 0.0
374426.5889183330 6540623.6681272956 0.0
374349.4141235846 6540687.2609811043 0.0
374272.2393288361 6540750.8538349131 0.0
374195.0645340877 6540814.4466887219 0.0
374117.8897393393 6540878.0395425307 0.0
374040.7149445909 6540941.6323963394 0.0
373963.5401498424 6541005.2252501482 0.0
373886.3653550940 6541068.8181039570 0.0
373809.1905603456 6541132.4109577658 0.0
373732.0157655972 6541196.0038115736 0.0
373654.8409708487 6541259.5966653824 0.0
373577.6661761003 6541323.1895191912 0.0
373500.4913813519 6541386.7823729999 0.0
373423.3165866035 6541450.3752268087 0.0
373346.1417918550 6541513.9680806166 0.0
373268.9669971066 6541577.5609344263 0.0
373191.7922023582 6541641.1537882350 0.0
373114.6174076098 6541704.7466420438 0.0
373037.4426128613 6541768.3394958526 0.0
372960.2678181129 6541831.9323496614 0.0
372883.0930233645 6541895.5252034701 0.0
372805.9182286161 6541959.1180572789 0.0
372728.7434338676 6542022.7109110877 0.0
372651.5686391192 6542086.3037648955 0.0
372574.3938443708 6542149.8966187052 0.0
372497.2190496224 6542213.4894725140 0.0
372420.0442548739 6542277.0823263228 0.0
372342.8694601255 6542340.6751801316 0.0
372265.6946653771 6542404.2680339403 0.0
372188.5198706287 6542467.8608877491 0.0
372111.3450758802 6542531.4537415570 0.0
372034.1702811318 6542595.0465953657 0.0
371959.4618234095 6542661.4283923889 0.0
371886.9069576383 6542730.2454793146 0.0
371814.3520918670 6542799.0625662394 0.0
371741.7972260957 6542867.8796531651 0.0
371669.2423603244 6542936.6967400908 0.0
371596.6874945532 6543005.5138270166 0.0
371524.1326287819 6543074.3309139414 0.0
371451.5777630106 6543143.1480008671 0.0
371379.0228972394 6543211.9650877928 0.0
371306.4680314680 6543280.7821747186 0.0
371233.9131656968 6543349.5992616434 0.0
371161.3582999255 6543418.4163485691 0.0
371088.8034341543 6543487.2334354948 0.0
371016.2485683830 6543556.0505224206 0.0
370943.6937026117 6543624.8676093454 0.0
370871.1388368404 6543693.6846962711 0.0
370798.5839710691 6543762.5017831968 0.0
370729.6020677032 6543834.8981598699 0.0
370660.6567151978 6543907.3311521308 0.0
370591.7113626923 6543979.7641443918 0.0
370522.7660101869 6544052.1971366527 0.0
370453.8206576814 6544124.6301289136 0.0
370384.8753051760 6544197.0631211754 0.0
370315.9299526706 6544269.4961134363 0.0
370253.1666326545 6544346.9392659375 0.0
370196.5857903021 6544429.3929394698 0.0
370140.0049479498 6544511.8466130001 0.0
370083.4241055974 6544594.3002865314 0.0
370046.9879108857 6544686.6185960714 0.0
370016.5469859241 6544781.8727302989 0.0
369986.1060609625 6544877.1268645264 0.0
369955.6651360009 6544972.3809987539 0.0
369953.4583835688 6545075.4053725647 0.0
369952.2205963288 6545175.3977116849 0.0
369950.9828090889 6545275.3900508052 0.0
369949.7450218490 6545375.3823899254 0.0
369948.5072346091 6545475.3747290457 0.0
369947.2694473692 6545575.3670681659 0.0
369946.0316601293 6545675.3594072862 0.0
369944.7938728894 6545775.3517464064 0.0
369943.5560856494 6545875.3440855267 0.0
369942.3182984095 6545975.3364246478 0.0
369941.0805111696 6546075.3287637681 0.0
369939.8427239297 6546175.3211028883 0.0
369938.6049366897 6546275.3134420086 0.0
369937.3671494498 6546375.3057811288 0.0
369936.1293622099 6546475.2981202491 0.0
369934.8915749700 6546575.2904593693 0.0
369933.6537877301 6546675.2827984896 0.0
369932.4160004901 6546775.2751376098 0.0
369931.1782132502 6546875.2674767300 0.0
369929.9404260103 6546975.2598158503 0.0
369928.7026387704 6547075.2521549705 0.0
369927.4648515305 6547175.2444940908 0.0
369926.2270642905 6547275.2368332110 0.0
369924.9892770507 6547375.2291723313 0.0
369923.7514898107 6547475.2215114525 0.0
369922.5137025708 6547575.2138505718 0.0
369921.2759153309 6547675.2061896920 0.0
369921.1221767564 6547687.6256743837 0.0
370566.7048431840 6547695.0257272180 0.0
370596.4315408921 6547599.5462873196 0.0
383690.9256953424 6532220.0779675897 0.0
383666.9801535115 6532311.8565708948 0.0
383603.7741683065 6532389.3485281179 0.0
383540.5681831015 6532466.8404853409 0.0
383477.3621978965 6532544.3324425640 0.0
383414.1562126915 6532621.8243997870 0.0
383350.9502274865 6532699.3163570110 0.0
383287.7442422815 6532776.8083142340 0.0
383224.5382570765 6532854.3002714571 0.0
383161.3322718715 6532931.7922286801 0.0
383098.1262866665 6533009.2841859031 0.0
383034.9203014615 6533086.7761431262 0.0
382971.7143162565 6533164.2681003492 0.0
382908.5083310515 6533241.7600575723 0.0
382878.9894714348 6533198.1737457570 0.0
382864.8883651950 6533099.1729437262 0.0
382850.7872589551 6533000.1721416945 0.0
382842.5114646524 6532901.4094697833 0.0
382864.6460313236 6532803.8899283661 0.0
382886.7805979949 6532706.3703869488 0.0
382908.9151646661 6532608.8508455306 0.0
382944.6195684415 6532517.9451645138 0.0
383007.7962446382 6532440.4293107502 0.0
383070.9729208347 6532362.9134569857 0.0
383134.1495970313 6532285.3976032222 0.0
383197.3262732279 6532207.8817494577 0.0
383260.5029494245 6532130.3658956941 0.0
383323.6796256211 6532052.8500419306 0.0
383386.8563018177 6531975.3341881661 0.0
383472.1695571638 6531927.3583066072 0.0
383564.3052768031 6531888.4866052484 0.0
383660.7261272458 6531863.8970931694 0.0
383759.0429282790 6531845.6267172946 0.0
383845.7779926895 6531878.7592393877 0.0
383906.5257765226 6531940.3533301493 0.0
383845.4787192997 6532019.5572240204 0.0
383784.4316620769 6532098.7611178923 0.0
383723.3846048539 6532177.9650117634 0.0
370352.4058126746 6542464.8956821896 0.0
370413.2673289434 6542385.5491268933 0.0
370474.1288452122 6542306.2025715960 0.0
370534.9903614810 6542226.8560162997 0.0
370595.8518777498 6542147.5094610024 0.0
370656.7133940186 6542068.1629057061 0.0
370717.5749102875 6541988.8163504088 0.0
370778.4364265563 6541909.4697951116 0.0
370839.2979428251 6541830.1232398152 0.0
370900.1594590939 6541750.7766845189 0.0
370961.0209753627 6541671.4301292216 0.0
371021.8824916315 6541592.0835739253 0.0
371082.7440079004 6541512.7370186290 0.0
371143.6055241692 6541433.3904633317 0.0
371209.8487072876 6541358.5627790578 0.0
371277.4713874212 6541284.8934290428 0.0
371345.0940675548 6541211.2240790287 0.0
371412.7167476884 6541137.5547290146 0.0
371480.3394278220 6541063.8853789996 0.0
371547.9621079557 6540990.2160289856 0.0
371615.5847880893 6540916.5466789706 0.0
371683.2074682229 6540842.8773289556 0.0
371750.8301483565 6540769.2079789424 0.0
371818.4528284901 6540695.5386289274 0.0
371886.0755086237 6540621.8692789134 0.0
371953.6981887573 6540548.1999288993 0.0
372021.3208688910 6540474.5305788843 0.0
372088.9435490246 6540400.8612288702 0.0
372146.8119967244 6540319.3624723777 0.0
372204.1071134577 6540237.4035216859 0.0
372261.4022301910 6540155.4445709931 0.0
372318.6973469243 6540073.4856203012 0.0
372375.9924636576 6539991.5266696094 0.0
372433.2875803909 6539909.5677189184 0.0
372490.1436302441 6539827.3048846126 0.0
372546.6675410044 6539744.8121727388 0.0
372603.1914517647 6539662.3194608651 0.0
372659.7153625249 6539579.8267489905 0.0
372716.2392732851 6539497.3340371167 0.0
372772.7631840454 6539414.8413252421 0.0
372828.0356585276 6539331.5109267421 0.0
372882.7572730032 6539247.8117934773 0.0
372937.4788874789 6539164.1126602134 0.0
372992.2005019545 6539080.4135269485 0.0
373046.9221164301 6538996.7143936846 0.0
373101.6437309057 6538913.0152604207 0.0
373156.3653453813 6538829.3161271568 0.0
373211.0869598570 6538745.6169938920 0.0
373265.8085743326 6538661.9178606281 0.0
373320.5301888082 6538578.2187273642 0.0
373375.2518032838 6538494.5195940994 0.0
373429.9734177594 6538410.8204608345 0.0
373484.6950322351 6538327.1213275716 0.0
373539.4166467107 6538243.4221943067 0.0
373594.1382611863 6538159.7230610428 0.0
373643.7903026231 6538073.0084290132 0.0
373691.2207510126 6537984.9723422900 0.0
373738.6511994022 6537896.9362555668 0.0
373786.0816477918 6537808.9001688436 0.0
373833.5120961813 6537720.8640821204 0.0
373880.9425445709 6537632.8279953972 0.0
373928.3729929605 6537544.7919086730 0.0
373975.8034413501 6537456.7558219498 0.0
374023.2338897397 6537368.7197352266 0.0
374070.6643381292 6537280.6836485034 0.0
374118.0947865188 6537192.6475617802 0.0
374165.5252349084 6537104.6114750570 0.0
374212.9556832979 6537016.5753883328 0.0
374260.3861316876 6536928.5393016096 0.0
374307.8165800771 6536840.5032148864 0.0
374357.5962966140 6536753.8104508929 0.0
374409.4112092168 6536668.2814217163 0.0
374461.2261218196 6536582.7523925388 0.0
374513.0410344225 6536497.2233633623 0.0
374564.8559470253 6536411.6943341857 0.0
374616.6708596281 6536326.1653050082 0.0
374668.4857722310 6536240.6362758316 0.0
374720.3006848338 6536155.1072466541 0.0
374772.1155974366 6536069.5782174775 0.0
374823.9305100394 6535984.0491883000 0.0
374875.7454226423 6535898.5201591235 0.0
374927.5603352451 6535812.9911299460 0.0
374979.3752478479 6535727.4621007694 0.0
375025.0440722011 6535638.9570091143 0.0
375060.0096499782 6535545.2691850886 0.0
375094.9752277553 6535451.5813610628 0.0
375129.9408055324 6535357.8935370361 0.0
375164.9063833095 6535264.2057130104 0.0
375199.8719610866 6535170.5178889846 0.0
375234.8375388638 6535076.8300649589 0.0
375269.8031166408 6534983.1422409331 0.0
375304.7686944180 6534889.4544169065 0.0
375339.7342721951 6534795.7665928807 0.0
375374.6998499722 6534702.0787688550 0.0
375409.6654277493 6534608.3909448292 0.0
375457.3634817851 6534520.5463329712 0.0
375505.5948029630 6534432.9464490814 0.0
375553.8261241408 6534345.3465651916 0.0
375602.0574453186 6534257.7466813028 0.0
375650.2887664965 6534170.1467974130 0.0
375698.5200876743 6534082.5469135242 0.0
375746.7514088522 6533994.9470296344 0.0
375794.9827300300 6533907.3471457446 0.0
375843.2140512079 6533819.7472618558 0.0
375891.4453723857 6533732.1473779660 0.0
375939.6766935636 6533644.5474940771 0.0
375987.9080147414 6533556.9476101873 0.0
376036.1393359192 6533469.3477262976 0.0
376084.3706570971 6533381.7478424087 0.0
376132.6019782749 6533294.1479585189 0.0
376180.8332994528 6533206.5480746292 0.0
376229.0646206306 6533118.9481907403 0.0
376277.2959418085 6533031.3483068515 0.0
376325.5272629863 6532943.7484229617 0.0
376373.7585841642 6532856.1485390719 0.0
376421.9899053421 6532768.5486551821 0.0
376470.2212265199 6532680.9487712933 0.0
376518.4525476977 6532593.3488874026 0.0
376566.6838688756 6532505.7490035146 0.0
376614.9151900534 6532418.1491196249 0.0
376663.1465112313 6532330.5492357351 0.0
376711.3778324091 6532242.9493518462 0.0
376759.6091535870 6532155.3494679565 0.0
376807.8404747648 6532067.7495840676 0.0
376856.0717959427 6531980.1497001778 0.0
376904.3031171205 6531892.5498162881 0.0
376952.5344382983 6531804.9499323992 0.0
376998.1403487240 6531716.0062489882 0.0
377040.9930162239 6531625.6533359857 0.0
377083.8456837237 6531535.3004229823 0.0
377126.6983512235 6531444.9475099789 0.0
377169.5510187233 6531354.5945969764 0.0
377212.0094892797 6531264.0576945702 0.0
377253.7439434804 6531173.1828612424 0.0
377295.4783976811 6531082.3080279119 0.0
377337.2128518817 6530991.4331945833 0.0
377378.9473060824 6530900.5583612537 0.0
377420.6817602831 6530809.6835279251 0.0
377462.4162144838 6530718.8086945964 0.0
377508.0690558545 6530629.8514677314 0.0
377554.2221945808 6530541.1390797254 0.0
377600.3753333072 6530452.4266917193 0.0
377646.5284720336 6530363.7143037133 0.0
377692.6816107599 6530275.0019157082 0.0
377738.8347494863 6530186.2895277021 0.0
377784.9878882127 6530097.5771396961 0.0
377834.1521471753 6530010.4986187201 0.0
377883.3694698833 6529923.4488907158 0.0
377932.5867925911 6529836.3991627134 0.0
377981.8041152990 6529749.3494347092 0.0
378031.0214380069 6529662.2997067058 0.0
378080.2387607148 6529575.2499787034 0.0
378125.7985573633 6529486.3436555127 0.0
378167.0168677815 6529395.2335524159 0.0
378208.2351781997 6529304.1234493200 0.0
378249.4534886180 6529213.0133462232 0.0
378290.6717990362 6529121.9032431263 0.0
378331.8901094544 6529030.7931400295 0.0
378373.1084198726 6528939.6830369337 0.0
378414.3267302908 6528848.5729338368 0.0
378455.5450407090 6528757.4628307400 0.0
378496.7633511272 6528666.3527276432 0.0
378537.9816615455 6528575.2426245473 0.0
378579.1999719637 6528484.1325214515 0.0
378620.4182823819 6528393.0224183537 0.0
378661.6365928001 6528301.9123152569 0.0
378702.8549032183 6528210.8022121610 0.0
378744.0732136365 6528119.6921090642 0.0
378785.2915240548 6528028.5820059674 0.0
378826.5098344730 6527937.4719028706 0.0
378867.7281448912 6527846.3617997747 0.0
378908.9464553094 6527755.2516966779 0.0
378950.1647657276 6527664.1415935811 0.0
378976.9220615569 6527567.9058989026 0.0
379002.2824687411 6527471.1750881588 0.0
379027.6428759253 6527374.4442774132 0.0
379053.0032831095 6527277.7134666676 0.0
379015.5252046178 6527228.8760007881 0.0
378915.5322948847 6527227.6852014307 0.0
378815.5393851516 6527226.4944020743 0.0
378715.5464754185 6527225.3036027178 0.0
378615.5535656854 6527224.1128033614 0.0
378515.5606559523 6527222.9220040049 0.0
378415.5677462192 6527221.7312046494 0.0
378315.5748364861 6527220.5404052921 0.0
378215.5819267530 6527219.3496059356 0.0
378115.5890170199 6527218.1588065792 0.0
378015.5961072868 6527216.9680072227 0.0
377915.6031975537 6527215.7772078663 0.0
377815.6102878206 6527214.5864085099 0.0
377715.6173780875 6527213.3956091534 0.0
377615.6244683544 6527212.2048097961 0.0
377515.6315586212 6527211.0140104396 0.0
377415.6386488882 6527209.8232110832 0.0
377315.6457391551 6527208.6324117268 0.0
377215.6528294220 6527207.4416123703 0.0
377115.6599196888 6527206.2508130139 0.0
377015.6670099557 6527205.0600136574 0.0
376915.6741002226 6527203.8692143010 0.0
376815.6811904896 6527202.6784149446 0.0
376715.6882807564 6527201.4876155881 0.0
376615.6953710233 6527200.2968162317 0.0
376515.7024612902 6527199.1060168752 0.0
376415.7095515571 6527197.9152175188 0.0
376315.7166418240 6527196.7244181624 0.0
376215.7237320909 6527195.5336188050 0.0
376115.7308223578 6527194.3428194486 0.0
376015.7379126247 6527193.1520200921 0.0
375915.7450028916 6527191.9612207357 0.0
375815.7520931585 6527190.7704213792 0.0
375715.7591834254 6527189.5796220228 0.0
375615.7662736923 6527188.3888226664 0.0
375515.7733639592 6527187.1980233099 0.0
375415.7804542261 6527186.0072239526 0.0
375315.7875444930 6527184.8164245971 0.0
375215.7946347599 6527183.6256252406 0.0
375115.8017250268 6527182.4348258842 0.0
375015.8088152937 6527181.2440265277 0.0
374915.8159055606 6527180.0532271713 0.0
374815.8229958275 6527178.8624278139 0.0
374715.8300860944 6527177.6716284566 0.0
374615.8371763612 6527176.4808291011 0.0
374515.8442666281 6527175.2900297446 0.0
374415.8513568951 6527174.0992303882 0.0
374315.8584471620 6527172.9084310317 0.0
374215.8655374289 6527171.7176316753 0.0
374115.8726276957 6527170.5268323189 0.0
374015.8797179626 6527169.3360329624 0.0
373915.8868082296 6527168.1452336060 0.0
373815.8938984965 6527166.9544342496 0.0
373715.9009887633 6527165.7636348931 0.0
373615.9080790302 6527164.5728355367 0.0
373515.9151692971 6527163.3820361793 0.0
373415.9222595640 6527162.1912368229 0.0
373315.9293498309 6527161.0004374664 0.0
373215.9364400978 6527159.8096381100 0.0
373115.9435303647 6527158.6188387536 0.0
373015.9506206316 6527157.4280393971 0.0
372915.9577108985 6527156.2372400407 0.0
372815.9648011654 6527155.0464406842 0.0
372715.9718914323 6527153.8556413278 0.0
372615.9789816992 6527152.6648419714 0.0
372515.9860719661 6527151.4740426149 0.0
372415.9931622330 6527150.2832432576 0.0
372316.0002524999 6527149.0924439020 0.0
372216.0073427668 6527147.9016445456 0.0
372116.0144330337 6527146.7108451882 0.0
372016.0215233006 6527145.5200458318 0.0
371916.0286135675 6527144.3292464754 0.0
371816.0357038344 6527143.1384471189 0.0
371765.6100695201 6527222.2807123140 0.0
371721.8251979720 6527312.1855788305 0.0
371678.0403264239 6527402.0904453490 0.0
371634.2554548759 6527491.9953118674 0.0
371590.4705833278 6527581.9001783840 0.0
371546.6857117798 6527671.8050449016 0.0
371502.9008402317 6527761.7099114191 0.0
371459.1159686837 6527851.6147779366 0.0
371415.3310971356 6527941.5196444541 0.0
371371.5462255875 6528031.4245109716 0.0
371327.7613540395 6528121.3293774882 0.0
371283.9764824914 6528211.2342440058 0.0
371240.1916109434 6528301.1391105233 0.0
371196.4067393953 6528391.0439770408 0.0
371152.6218678472 6528480.9488435583 0.0
371104.2019528743 6528568.4190264326 0.0
371055.0246830279 6528655.4913878934 0.0
371005.8474131816 6528742.5637493553 0.0
370956.6701433352 6528829.6361108162 0.0
370907.4928734889 6528916.7084722780 0.0
370858.3156036425 6529003.7808337389 0.0
370809.1383337962 6529090.8531952007 0.0
370759.9610639499 6529177.9255566616 0.0
370710.7837941035 6529264.9979181234 0.0
370661.6065242572 6529352.0702795843 0.0
370612.4292544108 6529439.1426410461 0.0
370563.2519845645 6529526.2150025079 0.0
370514.0747147182 6529613.2873639688 0.0
370464.8974448718 6529700.3597254306 0.0
370415.7201750254 6529787.4320868906 0.0
370366.5429051791 6529874.5044483533 0.0
370317.3656353327 6529961.5768098142 0.0
370268.1883654864 6530048.6491712760 0.0
370219.0110956400 6530135.7215327369 0.0
370169.8338257937 6530222.7938941987 0.0
370136.1865346244 6530314.0516779181 0.0
370134.9487473845 6530414.0440170383 0.0
370133.7109601445 6530514.0363561586 0.0
370132.4731729046 6530614.0286952788 0.0
370131.2353856647 6530714.0210343990 0.0
370129.9975984248 6530814.0133735193 0.0
370128.7598111849 6530914.0057126395 0.0
370127.5220239449 6531013.9980517598 0.0
370126.2842367050 6531113.9903908800 0.0
370125.0464494651 6531213.9827300003 0.0
370123.8086622252 6531313.9750691215 0.0
370122.5708749852 6531413.9674082417 0.0
370121.3330877454 6531513.9597473620 0.0
370120.0953005055 6531613.9520864822 0.0
370118.8575132655 6531713.9444256024 0.0
370117.6197260256 6531813.9367647227 0.0
370116.3819387857 6531913.9291038429 0.0
370115.1441515458 6532013.9214429632 0.0
370113.9063643058 6532113.9137820834 0.0
370112.6685770659 6532213.9061212037 0.0
370111.4307898260 6532313.8984603239 0.0
370110.1930025861 6532413.8907994442 0.0
370108.9552153462 6532513.8831385644 0.0
370107.7174281062 6532613.8754776847 0.0
370106.4796408663 6532713.8678168049 0.0
370105.2418536264 6532813.8601559252 0.0
370104.0040663865 6532913.8524950454 0.0
370102.7662791465 6533013.8448341656 0.0
370101.5284919066 6533113.8371732868 0.0
370100.2907046667 6533213.8295124071 0.0
370099.0529174268 6533313.8218515273 0.0
370097.8151301869 6533413.8141906476 0.0
370096.5773429470 6533513.8065297678 0.0
370095.3395557071 6533613.7988688881 0.0
370094.1017684671 6533713.7912080083 0.0
370092.8639812272 6533813.7835471286 0.0
370091.6261939873 6533913.7758862488 0.0
370090.3884067474 6534013.7682253690 0.0
370089.1506195074 6534113.7605644893 0.0
370087.9128322675 6534213.7529036095 0.0
370086.6750450276 6534313.7452427298 0.0
370085.4372577877 6534413.7375818500 0.0
370084.1994705478 6534513.7299209703 0.0
370082.9616833078 6534613.7222600915 0.0
370081.7238960679 6534713.7145992108 0.0
370080.4861088280 6534813.7069383310 0.0
370079.2483215881 6534913.6992774522 0.0
370078.0105343481 6535013.6916165724 0.0
370076.7727471082 6535113.6839556927 0.0
370075.5349598684 6535213.6762948129 0.0
370074.2971726284 6535313.6686339332 0.0
370073.0593853885 6535413.6609730534 0.0
370071.8215981486 6535513.6533121737 0.0
370070.5838109087 6535613.6456512939 0.0
370069.3460236687 6535713.6379904142 0.0
370068.1082364288 6535813.6303295344 0.0
370066.8704491889 6535913.6226686547 0.0
370065.6326619490 6536013.6150077749 0.0
370064.3948747091 6536113.6073468952 0.0
370063.1570874691 6536213.5996860154 0.0
370061.9193002292 6536313.5920251356 0.0
370060.6815129893 6536413.5843642559 0.0
370059.4437257494 6536513.5767033761 0.0
370058.2059385094 6536613.5690424964 0.0
370056.9681512695 6536713.5613816176 0.0
370055.7303640296 6536813.5537207378 0.0
370054.4925767897 6536913.5460598581 0.0
370053.2547895498 6537013.5383989783 0.0
370052.0170023098 6537113.5307380985 0.0
370050.7792150700 6537213.5230772188 0.0
370049.5414278300 6537313.5154163390 0.0
370048.3036405901 6537413.5077554593 0.0
370047.0658533502 6537513.5000945805 0.0
370045.8280661103 6537613.4924336998 0.0
370044.5902788703 6537713.4847728200 0.0
370043.3524916304 6537813.4771119403 0.0
370042.1147043905 6537913.4694510614 0.0
370040.8769171506 6538013.4617901808 0.0
370039.6391299107 6538113.4541293010 0.0
370038.4013426707 6538213.4464684213 0.0
370037.1635554308 6538313.4388075424 0.0
370035.9257681909 6538413.4311466618 0.0
370034.6879809510 6538513.4234857829 0.0
370033.4501937110 6538613.4158249032 0.0
370032.2124064711 6538713.4081640234 0.0
370030.9746192312 6538813.4005031437 0.0
370029.7368319913 6538913.3928422639 0.0
370028.4990447514 6539013.3851813842 0.0
370027.2612575114 6539113.3775205044 0.0
370026.0234702716 6539213.3698596247 0.0
370024.7856830316 6539313.3621987449 0.0
370023.5478957917 6539413.3545378651 0.0
370022.3101085518 6539513.3468769854 0.0
370021.0723213119 6539613.3392161056 0.0
370019.8345340719 6539713.3315552259 0.0
370018.5967468320 6539813.3238943461 0.0
370017.3589595921 6539913.3162334664 0.0
370016.1211723522 6540013.3085725866 0.0
370014.8833851123 6540113.3009117069 0.0
370013.6455978723 6540213.2932508271 0.0
370012.4078106324 6540313.2855899483 0.0
370011.1700233925 6540413.2779290685 0.0
370009.9322361526 6540513.2702681888 0.0
370008.6944489126 6540613.2626073090 0.0
370007.4566616727 6540713.2549464293 0.0
370006.2188744328 6540813.2472855505 0.0
370004.9810871929 6540913.2396246698 0.0
370003.7432999530 6541013.2319637900 0.0
370002.5055127130 6541113.2243029103 0.0
370001.2677254732 6541213.2166420314 0.0
370000.0299382332 6541313.2089811508 0.0
369998.7921509933 6541413.2013202710 0.0
369997.5543637534 6541513.1936593913 0.0
369996.3165765135 6541613.1859985124 0.0
369995.0787892736 6541713.1783376317 0.0
369993.8410020336 6541813.1706767520 0.0
369992.6032147937 6541913.1630158722 0.0
369991.3654275538 6542013.1553549916 0.0
369990.1276403139 6542113.1476941137 0.0
369988.8898530739 6542213.1400332339 0.0
369987.6520658340 6542313.1323723542 0.0
369986.4142785941 6542413.1247114744 0.0
369985.1764913542 6542513.1170505947 0.0
369983.9387041143 6542613.1093897149 0.0
369982.7009168743 6542713.1017288351 0.0
369982.2698389744 6542747.9255549079 0.0
369981.0320517345 6542847.9178940281 0.0
370045.1503314364 6542826.1180760190 0.0
370109.9416672551 6542749.9466719171 0.0
370174.7330030738 6542673.7752678161 0.0
370239.5243388925 6542597.6038637143 0.0
370304.3156747113 6542521.4324596124 0.0
371146.4723432732 6528493.5758575574 0.0
371190.2572148212 6528403.6709910398 0.0
371234.0420863693 6528313.7661245223 0.0
371277.8269579174 6528223.8612580048 0.0
371321.6118294654 6528133.9563914873 0.0
371365.3967010135 6528044.0515249697 0.0
371409.1815725615 6527954.1466584522 0.0
371452.9664441096 6527864.2417919356 0.0
371496.7513156576 6527774.3369254181 0.0
371540.5361872057 6527684.4320589006 0.0
371584.3210587538 6527594.5271923831 0.0
371628.1059303018 6527504.6223258656 0.0
371671.8908018499 6527414.7174593480 0.0
371715.6756733980 6527324.8125928314 0.0
371759.4605449460 6527234.9077263130 0.0
371803.2454164941 6527145.0028597945 0.0
371706.4595652628 6527141.7956612278 0.0
371606.4671241316 6527140.5661423700 0.0
371506.4746830004 6527139.3366235131 0.0
371406.4822418691 6527138.1071046554 0.0
371306.4898007379 6527136.8775857994 0.0
371206.4973596067 6527135.6480669416 0.0
371106.5049184755 6527134.4185480839 0.0
371006.5124773443 6527133.1890292270 0.0
370941.9848950908 6527187.2072505811 0.0
370901.4695415617 6527278.6321166102 0.0
370860.9541880325 6527370.0569826392 0.0
370825.2454041626 6527463.3668263014 0.0
370792.8104211577 6527557.9605463762 0.0
370760.3754381530 6527652.5542664500 0.0
370727.9404551482 6527747.1479865247 0.0
370695.5054721434 6527841.7417065986 0.0
370663.0704891386 6527936.3354266724 0.0
370630.6355061338 6528030.9291467471 0.0
370598.2005231290 6528125.5228668209 0.0
370565.7655401243 6528220.1165868957 0.0
370534.1683330811 6528314.9671634166 0.0
370508.0097480119 6528411.4851846723 0.0
370481.8511629428 6528508.0032059290 0.0
370455.6925778736 6528604.5212271847 0.0
370429.5339928045 6528701.0392484404 0.0
370403.3754077354 6528797.5572696971 0.0
370377.2168226662 6528894.0752909528 0.0
370351.0582375971 6528990.5933122085 0.0
370324.8996525279 6529087.1113334652 0.0
370298.7410674588 6529183.6293547209 0.0
370272.5824823896 6529280.1473759767 0.0
370246.4238973205 6529376.6653972333 0.0
370220.2653122513 6529473.1834184891 0.0
370194.1067271822 6529569.7014397448 0.0
370173.3586435750 6529667.4439879470 0.0
370155.4080811979 6529765.8196826614 0.0
370141.7500851318 6529864.6106018508 0.0
370140.5122978919 6529964.6029409710 0.0
370139.2745106520 6530064.5952800913 0.0
370138.0367234120 6530164.5876192125 0.0
370136.7989361722 6530264.5799583318 0.0
370177.3650396529 6530209.4592666877 0.0
370226.5423094992 6530122.3869052269 0.0
370275.7195793456 6530035.3145437650 0.0
370324.8968491919 6529948.2421823032 0.0
370374.0741190383 6529861.1698208423 0.0
370423.2513888846 6529774.0974593814 0.0
370472.4286587310 6529687.0250979196 0.0
370521.6059285773 6529599.9527364578 0.0
370570.7831984237 6529512.8803749969 0.0
370619.9604682700 6529425.8080135351 0.0
370669.1377381164 6529338.7356520742 0.0
370718.3150079627 6529251.6632906124 0.0
370767.4922778091 6529164.5909291524 0.0
370816.6695476554 6529077.5185676897 0.0
370865.8468175018 6528990.4462062288 0.0
370915.0240873481 6528903.3738447670 0.0
370964.2013571945 6528816.3014833061 0.0
371013.3786270408 6528729.2291218443 0.0
371062.5558968871 6528642.1567603834 0.0
371111.7331667335 6528555.0843989216 0.0
387103.1855435367 6533040.0763161480 0.0
387100.0622318746 6532940.1251034280 0.0
387096.9389202124 6532840.1738907071 0.0
387093.8156085502 6532740.2226779871 0.0
387101.4729929475 6532641.1204505041 0.0
387123.7512517643 6532544.1759311473 0.0
387172.2976263078 6532456.7502511749 0.0
387220.8440008513 6532369.3245712034 0.0
387287.8955632986 6532296.2588170432 0.0
387360.5286570071 6532227.5243009804 0.0
387433.1617507157 6532158.7897849185 0.0
387505.7948444242 6532090.0552688558 0.0
387516.8157319379 6531991.3694803594 0.0
387526.0032074297 6531891.7924232930 0.0
387535.1906829214 6531792.2153662257 0.0
387544.3777726822 6531692.6382735725 0.0
387553.5634323983 6531593.0610489910 0.0
387562.7490921144 6531493.4838244077 0.0
387571.9347518305 6531393.9065998252 0.0
387581.1204115465 6531294.3293752428 0.0
387590.3060712626 6531194.7521506604 0.0
387599.4917309787 6531095.1749260779 0.0
387608.6773906947 6530995.5977014946 0.0
387617.8630504108 6530896.0204769121 0.0
387627.0487101268 6530796.4432523297 0.0
387636.2343698429 6530696.8660277473 0.0
387645.4200295589 6530597.2888031639 0.0
387654.6056892750 6530497.7115785806 0.0
387663.7913489910 6530398.1343539990 0.0
387672.9770087071 6530298.5571294166 0.0
387682.1626684232 6530198.9799048342 0.0
387691.3483281393 6530099.4026802508 0.0
387700.5339878553 6529999.8254556684 0.0
387709.7196475714 6529900.2482310859 0.0
387718.9053072875 6529800.6710065044 0.0
387728.0909670035 6529701.0937819211 0.0
387737.2766267196 6529601.5165573377 0.0
387746.4622864356 6529501.9393327553 0.0
387755.6479461517 6529402.3621081728 0.0
387764.8336058678 6529302.7848835904 0.0
387728.0420204023 6529345.5534188608 0.0
387676.9719129272 6529431.5156814288 0.0
387619.8019419139 6529513.5619757650 0.0
387562.6319709007 6529595.6082701012 0.0
387505.4619998874 6529677.6545644375 0.0
387448.2920288742 6529759.7008587746 0.0
387424.6334143168 6529855.3038363159 0.0
387408.6767154087 6529954.0225465987 0.0
387392.7200165006 6530052.7412568824 0.0
387376.7633175926 6530151.4599671653 0.0
387360.8066186844 6530250.1786774481 0.0
387344.8499197764 6530348.8973877309 0.0
387328.8932208683 6530447.6160980146 0.0
387312.9365219602 6530546.3348082975 0.0
387296.9798230521 6530645.0535185803 0.0
387281.0231241440 6530743.7722288631 0.0
387265.0664252359 6530842.4909391468 0.0
387249.1097263278 6530941.2096494297 0.0
387233.1530274197 6531039.9283597115 0.0
387217.1963285116 6531138.6470699962 0.0
387201.2396296035 6531237.3657802790 0.0
387185.2829306955 6531336.0844905619 0.0
387169.3262317874 6531434.8032008456 0.0
387153.3695328793 6531533.5219111284 0.0
387137.4128339712 6531632.2406214112 0.0
387121.4561350631 6531730.9593316941 0.0
387105.4994361550 6531829.6780419778 0.0
387089.5427372469 6531928.3967522606 0.0
387073.5860383388 6532027.1154625434 0.0
387043.0432504753 6532121.9198081084 0.0
387007.4306661795 6532215.3636085438 0.0
386978.9483481672 6532310.5695704864 0.0
386966.9326255707 6532409.8450579457 0.0
386954.9169029742 6532509.1205454059 0.0
386942.9011803778 6532608.3960328670 0.0
386930.8854577813 6532707.6715203272 0.0
386918.8697351849 6532806.9470077874 0.0
386906.8540125884 6532906.2224952476 0.0
386886.7162843383 6533004.1598818637 0.0
386866.2500912944 6533102.0431538885 0.0
386845.7838982505 6533199.9264259133 0.0
386825.3177052067 6533297.8096979382 0.0
386804.8515121628 6533395.6929699630 0.0
386784.3853191189 6533493.5762419878 0.0
386763.9191260751 6533591.4595140126 0.0
386743.4529330312 6533689.3427860383 0.0
386722.9867399873 6533787.2260580631 0.0
386702.5205469434 6533885.1093300879 0.0
386682.0543538996 6533982.9926021127 0.0
386661.5881608557 6534080.8758741384 0.0
386645.1851751166 6534179.4250901137 0.0
386633.3345581794 6534278.7204217166 0.0
386621.4839412422 6534378.0157533186 0.0
386609.6333243050 6534477.3110849233 0.0
386597.7827073677 6534576.6064165263 0.0
386585.9320904305 6534675.9017481301 0.0
386570.6987857645 6534774.6390820257 0.0
386550.0304383733 6534872.4798680823 0.0
386529.3620909820 6534970.3206541389 0.0
386508.6937435907 6535068.1614401946 0.0
386488.0253961994 6535166.0022262512 0.0
386467.3570488082 6535263.8430123078 0.0
386446.6887014169 6535361.6837983644 0.0
386426.0203540256 6535459.5245844200 0.0
386405.3520066343 6535557.3653704766 0.0
386384.6836592431 6535655.2061565332 0.0
386364.0153118518 6535753.0469425889 0.0
386343.3469644606 6535850.8877286445 0.0
386322.6786170693 6535948.7285147021 0.0
386302.0102696780 6536046.5693007577 0.0
386281.3419222867 6536144.4100868143 0.0
386260.6735748955 6536242.2508728709 0.0
386237.8312670288 6536339.5513797849 0.0
386210.2925836167 6536435.6847294401 0.0
386182.7539002045 6536531.8180790953 0.0
386155.2152167923 6536627.9514287515 0.0
386127.6765333801 6536724.0847784057 0.0
386100.1378499679 6536820.2181280609 0.0
386072.5991665557 6536916.3514777161 0.0
386045.0604831435 6537012.4848273713 0.0
386017.5217997314 6537108.6181770274 0.0
385989.9831163192 6537204.7515266817 0.0
385962.4444329070 6537300.8848763369 0.0
385934.9057494949 6537397.0182259921 0.0
385907.3670660827 6537493.1515756473 0.0
385879.8283826705 6537589.2849253016 0.0
385852.2896992583 6537685.4182749577 0.0
385824.7510158461 6537781.5516246129 0.0
385797.2123324340 6537877.6849742681 0.0
385793.1356376969 6537971.4786612466 0.0
385846.4185618551 6538050.9417570997 0.0
385942.5391850871 6538051.2044147430 0.0
386026.0197875291 6538000.6273701768 0.0
386097.5956348515 6537930.7925788471 0.0
386160.5374820718 6537854.0404093452 0.0
386213.0795161386 6537768.9561296217 0.0
386265.6215502055 6537683.8718498973 0.0
386318.1635842724 6537598.7875701739 0.0
386352.9285617517 6537505.7400430152 0.0
386381.4363812761 6537409.8896166943 0.0
386409.9442008005 6537314.0391903734 0.0
386438.4520203249 6537218.1887640525 0.0
386466.9598398494 6537122.3383377306 0.0
386495.4676593738 6537026.4879114097 0.0
386523.9754788982 6536930.6374850878 0.0
386552.4832984227 6536834.7870587669 0.0
386580.9911179471 6536738.9366324460 0.0
386609.4989374715 6536643.0862061242 0.0
386638.0067569959 6536547.2357798032 0.0
386666.5145765204 6536451.3853534823 0.0
386691.7581662530 6536354.6445918027 0.0
386715.8651366972 6536257.5938114040 0.0
386739.9721071415 6536160.5430310052 0.0
386764.0790775857 6536063.4922506064 0.0
386788.1860480299 6535966.4414702076 0.0
386812.2930184741 6535869.3906898089 0.0
386836.3988611587 6535772.3396292944 0.0
386860.5034987914 6535675.2882694658 0.0
386884.6081364241 6535578.2369096372 0.0
386908.7127740568 6535481.1855498087 0.0
386932.8174116895 6535384.1341899801 0.0
386956.9220493222 6535287.0828301515 0.0
386981.0252704810 6535190.0311185298 0.0
387005.1276904228 6535092.9792079208 0.0
387029.2301103646 6534995.9272973109 0.0
387053.3325303063 6534898.8753867019 0.0
387077.4349502480 6534801.8234760920 0.0
387101.5373701898 6534704.7715654830 0.0
387141.4148940286 6534613.2065845132 0.0
387182.7422008639 6534522.1458700979 0.0
387224.0695076991 6534431.0851556836 0.0
387265.3968145344 6534340.0244412683 0.0
387306.7241213697 6534248.9637268540 0.0
387348.0514282049 6534157.9030124387 0.0
387351.4210537680 6534063.2630786793 0.0
387327.8439862797 6533966.0822066488 0.0
387304.2669187915 6533868.9013346182 0.0
387280.6898513033 6533771.7204625877 0.0
387257.1127838151 6533674.5395905562 0.0
387233.5357163268 6533577.3587185256 0.0
387209.9586488386 6533480.1778464951 0.0
387186.3815813503 6533382.9969744654 0.0
387162.8045138621 6533285.8161024339 0.0
387139.2274463739 6533188.6352304025 0.0
387115.6503788857 6533091.4543583719 0.0
374528.3697390115 6547025.6891730716 0.0
374431.8173650425 6546999.6576713677 0.0
374339.6098447252 6547004.9936002558 0.0
374253.7684390274 6547056.2893414814 0.0
374167.9270333296 6547107.5850827061 0.0
374069.5767132696 6547124.8477436360 0.0
373970.9484268102 6547141.3541396717 0.0
373871.8938142792 6547152.2330295434 0.0
373776.1212477122 6547136.3891091002 0.0
373691.1695438501 6547083.6329908678 0.0
373606.2178399879 6547030.8768726354 0.0
373549.9827826965 6546948.5266361786 0.0
373504.5940590322 6546863.2617744925 0.0
373524.3611851317 6546765.2349377293 0.0
373544.1283112312 6546667.2081009662 0.0
373595.1624919072 6546588.2590806214 0.0
373673.2913305667 6546525.8420591475 0.0
373765.4285122679 6546491.4612652455 0.0
373837.8677312121 6546423.0946578719 0.0
373928.1625441798 6546382.1741657183 0.0
374021.1836204222 6546345.4715857720 0.0
374114.2046966646 6546308.7690058257 0.0
374207.2257729070 6546272.0664258786 0.0
374266.8797716297 6546196.0821167296 0.0
374315.7869070901 6546109.4966211999 0.0
374321.6953209756 6546009.6713205716 0.0
374327.6037348610 6545909.8460199451 0.0
374333.5121487463 6545810.0207193177 0.0
374339.4205626318 6545710.1954186903 0.0
374345.3289765172 6545610.3701180629 0.0
374385.4026894382 6545521.7107531521 0.0
374439.5877535078 6545437.6632735236 0.0
374493.7728175774 6545353.6157938968 0.0
374501.6629635706 6545277.6549094617 0.0
374412.0122253626 6545241.9275084483 0.0
374313.0875420804 6545233.0913833845 0.0
374218.2058429550 6545264.6740237288 0.0
374123.3241438296 6545296.2566640722 0.0
374028.4424447042 6545327.8393044164 0.0
373933.5607455788 6545359.4219447598 0.0
373838.6790464535 6545391.0045851031 0.0
373743.7973473281 6545422.5872254474 0.0
373648.9156482027 6545454.1698657908 0.0
373557.3562095254 6545492.8356554238 0.0
373472.4092170442 6545545.5993595049 0.0
373387.4622245630 6545598.3630635869 0.0
373317.1329683712 6545669.3543683952 0.0
373247.1793914151 6545740.8141267980 0.0
373190.9427797471 6545822.1043491531 0.0
373145.7524078288 6545911.3110209089 0.0
373100.5620359104 6546000.5176926656 0.0
373055.3716639921 6546089.7243644223 0.0
373014.4438834370 6546180.5366205983 0.0
372989.5516606907 6546277.3889682563 0.0
372964.6594379445 6546374.2413159134 0.0
372930.0861385310 6546467.5162682766 0.0
372886.0181453487 6546557.2826983994 0.0
372841.9501521664 6546647.0491285212 0.0
372797.8821589841 6546736.8155586440 0.0
372753.8141658017 6546826.5819887659 0.0
372704.7942939213 6546913.2942799404 0.0
372644.3590131827 6546992.9659614973 0.0
372583.9237324442 6547072.6376430541 0.0
372523.4884517056 6547152.3093246100 0.0
372460.2876699452 6547229.2394010350 0.0
372381.1434481136 6547290.3638000153 0.0
372301.9992262820 6547351.4881989947 0.0
372219.5712772863 6547406.3450811813 0.0
372124.2644048106 6547436.6204847107 0.0
372029.9363325011 6547467.2005915884 0.0
372093.9944377649 6547543.8435505349 0.0
372162.7080886189 6547616.4963838337 0.0
372231.4217394729 6547689.1492171315 0.0
372255.2857068151 6547714.3812462790 0.0
372355.2791379079 6547715.5274305120 0.0
372455.2725690007 6547716.6736147441 0.0
372555.2660000934 6547717.8197989771 0.0
372655.2594311862 6547718.9659832092 0.0
372755.2528622790 6547720.1121674422 0.0
372855.2462933718 6547721.2583516743 0.0
372955.2397244645 6547722.4045359073 0.0
373055.2331555573 6547723.5507201403 0.0
373155.2265866501 6547724.6969043724 0.0
373255.2200177428 6547725.8430886054 0.0
373315.9308860693 6547726.5389927188 0.0
373415.9243171620 6547727.6851769518 0.0
373515.9177482548 6547728.8313611839 0.0
373615.9111793475 6547729.9775454169 0.0
373715.9046104404 6547731.1237296499 0.0
373815.8980415331 6547732.2699138820 0.0
373915.8914726259 6547733.4160981150 0.0
374015.8849037187 6547734.5622823471 0.0
374115.8783348114 6547735.7084665801 0.0
374215.8717659042 6547736.8546508132 0.0
374315.8651969970 6547738.0008350452 0.0
374362.7975613069 6547669.9083571946 0.0
374387.6897937927 6547573.0560120400 0.0
374412.5820262784 6547476.2036668863 0.0
374437.4742587642 6547379.3513217317 0.0
374462.3664912499 6547282.4989765780 0.0
374487.2587237358 6547185.6466314234 0.0
374512.1509562215 6547088.7942862688 0.0
385795.3840419293 6531826.5639093779 0.0
385775.1866920681 6531728.6248106556 0.0
385754.9893422068 6531630.6857119333 0.0
385734.7919923455 6531532.7466132101 0.0
385714.5946424843 6531434.8075144878 0.0
385694.3972926231 6531336.8684157655 0.0
385674.1999427618 6531238.9293170432 0.0
385654.0025929005 6531140.9902183199 0.0
385633.8052430393 6531043.0511195976 0.0
385613.6078931780 6530945.1120208753 0.0
385593.4105433167 6530847.1729221530 0.0
385573.2131934555 6530749.2338234298 0.0
385553.0158435943 6530651.2947247066 0.0
385521.5233185294 6530556.5908825016 0.0
385486.8068006617 6530462.8104826994 0.0
385452.0902827940 6530369.0300828973 0.0
385417.3737649263 6530275.2496830942 0.0
385382.6572470586 6530181.4692832921 0.0
385362.9074447627 6530084.6892904593 0.0
385358.8038441778 6529984.7735236241 0.0
385354.7002435929 6529884.8577567888 0.0
385367.1832165989 6529786.5143691394 0.0
385389.9886850784 6529689.1495366413 0.0
385412.7941535579 6529591.7847041432 0.0
385443.3757782868 6529497.5353496959 0.0
385494.1054774761 6529411.3582203630 0.0
385544.8351766655 6529325.1810910292 0.0
385597.3297722246 6529240.4834042443 0.0
385673.3245387996 6529175.4849776998 0.0
385749.3193053746 6529110.4865511553 0.0
385825.3140719496 6529045.4881246118 0.0
385901.3088385246 6528980.4896980673 0.0
385977.3036050995 6528915.4912715228 0.0
386064.4770640418 6528867.0235647140 0.0
386153.1009411422 6528820.7006933903 0.0
386241.7248182427 6528774.3778220657 0.0
386330.3486953431 6528728.0549507421 0.0
386418.9725724436 6528681.7320794184 0.0
386504.2448246625 6528630.7859123796 0.0
386575.8332589531 6528560.9640241507 0.0
386618.0489163480 6528474.2566559436 0.0
386631.3058262873 6528377.1711403178 0.0
386608.5038909490 6528279.8054803303 0.0
386585.7019556107 6528182.4398203427 0.0
386538.4232723441 6528097.1191144772 0.0
386475.1893672317 6528019.6499383859 0.0
386405.0083163865 6527948.7932181684 0.0
386330.7531657188 6527881.8143214975 0.0
386256.4980150510 6527814.8354248255 0.0
386182.2428643832 6527747.8565281546 0.0
386107.9877137154 6527680.8776314827 0.0
386033.7325630477 6527613.8987348117 0.0
385959.4774123799 6527546.9198381407 0.0
385885.2222617121 6527479.9409414688 0.0
385806.3360723034 6527424.7570512500 0.0
385706.3463596643 6527423.3226990057 0.0
385621.1062989678 6527455.0632562870 0.0
385555.1874195412 6527530.2610044917 0.0
385564.9929002761 6527628.5753514310 0.0
385582.5941458995 6527726.6731079770 0.0
385613.1782846440 6527821.8813558193 0.0
385643.7624233885 6527917.0896036616 0.0
385674.3465621329 6528012.2978515048 0.0
385704.9307008774 6528107.5060993470 0.0
385735.5148396219 6528202.7143471893 0.0
385766.0989783664 6528297.9225950316 0.0
385778.8292747897 6528395.7982115308 0.0
385777.4077892245 6528495.7881079139 0.0
385754.2979965759 6528590.3430321449 0.0
385708.3987302123 6528679.1870378358 0.0
385662.4994638488 6528768.0310435276 0.0
385616.6001974852 6528856.8750492185 0.0
385570.7009311216 6528945.7190549104 0.0
385501.0084552979 6529016.4222908607 0.0
385427.4883733884 6529084.2072269153 0.0
385340.5769550059 6529132.0022837901 0.0
385249.9173640002 6529174.2022667136 0.0
385159.2577729945 6529216.4022496361 0.0
385068.5981819888 6529258.6022325587 0.0
384977.7952366400 6529300.3446740247 0.0
384879.2081082106 6529317.0924230739 0.0
384780.5751547587 6529333.5709088463 0.0
384681.9422013068 6529350.0493946187 0.0
384583.3092478549 6529366.5278803920 0.0
384484.6762944030 6529383.0063661644 0.0
384386.0433409512 6529399.4848519368 0.0
384287.4103874993 6529415.9633377092 0.0
384188.7774340474 6529432.4418234834 0.0
384090.1444805955 6529448.9203092549 0.0
383991.5115271437 6529465.3987950273 0.0
383892.8785736918 6529481.8772807997 0.0
383794.2456202399 6529498.3557665730 0.0
383706.4528952969 6529546.1127422554 0.0
383618.7759934044 6529594.2039147764 0.0
383531.0990915119 6529642.2950872984 0.0
383443.4221896195 6529690.3862598203 0.0
383355.7452877270 6529738.4774323422 0.0
383268.0683858346 6529786.5686048642 0.0
383183.2129417214 6529839.3512815228 0.0
383099.6324041163 6529894.2538655568 0.0
383016.0518665111 6529949.1564495908 0.0
382932.4713289060 6530004.0590336258 0.0
382848.8907913008 6530058.9616176598 0.0
382765.3102536956 6530113.8642016938 0.0
382681.7297160905 6530168.7667857278 0.0
382598.1491784853 6530223.6693697618 0.0
382514.5686408801 6530278.5719537968 0.0
382430.9881032750 6530333.4745378308 0.0
382347.4075656698 6530388.3771218648 0.0
382263.8270280646 6530443.2797058988 0.0
382180.2464904595 6530498.1822899329 0.0
382096.6659528543 6530553.0848739678 0.0
382015.0470585697 6530610.7596363584 0.0
381935.4654738220 6530671.3135079853 0.0
381855.8838890743 6530731.8673796123 0.0
381776.3023043266 6530792.4212512393 0.0
381696.7207195789 6530852.9751228662 0.0
381612.8890221026 6530907.2598709613 0.0
381527.1745421317 6530958.7674230607 0.0
381441.4600621606 6531010.2749751601 0.0
381355.7455821896 6531061.7825272596 0.0
381270.0311022187 6531113.2900793599 0.0
381184.3166222477 6531164.7976314593 0.0
381098.6021422767 6531216.3051835587 0.0
381012.8873074715 6531267.8121451531 0.0
380927.1712015316 6531319.3169913571 0.0
380841.4550955916 6531370.8218375603 0.0
380755.7389896516 6531422.3266837643 0.0
380670.0228837116 6531473.8315299684 0.0
380584.3067777716 6531525.3363761716 0.0
380498.5906718316 6531576.8412223766 0.0
380412.8745658916 6531628.3460685797 0.0
380327.1584599517 6531679.8509147838 0.0
380241.4423540117 6531731.3557609878 0.0
380155.7262480717 6531782.8606071919 0.0
380070.4983817857 6531835.1223221952 0.0
379988.2340081300 6531891.9780415827 0.0
379905.9696344743 6531948.8337609693 0.0
379823.7052608185 6532005.6894803569 0.0
379741.4408871629 6532062.5451997444 0.0
379659.1765135071 6532119.4009191310 0.0
379576.9121398514 6532176.2566385185 0.0
379494.6477661957 6532233.1123579061 0.0
379412.3833925400 6532289.9680772927 0.0
379330.1190188843 6532346.8237966802 0.0
379244.7411720121 6532398.3011815604 0.0
379154.4696579971 6532441.3250558330 0.0
379064.1981439820 6532484.3489301056 0.0
378973.9266299670 6532527.3728043782 0.0
378883.6551159520 6532570.3966786508 0.0
378793.3836019370 6532613.4205529233 0.0
378703.1120879219 6532656.4444271959 0.0
378610.0783275126 6532692.5285971891 0.0
378514.9327788973 6532723.3072355399 0.0
378419.7872302821 6532754.0858738907 0.0
378324.6416816668 6532784.8645122414 0.0
378235.2634239115 6532821.7897670902 0.0
378198.4946012871 6532914.7846792238 0.0
378161.7257786627 6533007.7795913583 0.0
378126.6572767972 6533099.3047661567 0.0
378223.9941557733 6533076.3802816216 0.0
378321.3310347494 6533053.4557970855 0.0
378416.3733142357 6533024.0950872544 0.0
378506.2595801524 6532980.2720430931 0.0
378596.1458460691 6532936.4489989318 0.0
378686.0321119858 6532892.6259547696 0.0
378775.9183779025 6532848.8029106092 0.0
378865.8046438192 6532804.9798664479 0.0
378955.6909097359 6532761.1568222865 0.0
379045.5771756526 6532717.3337781262 0.0
379135.4634415692 6532673.5107339649 0.0
379225.3497074859 6532629.6876898035 0.0
379315.2359734026 6532585.8646456422 0.0
379404.4871768206 6532540.8521915004 0.0
379490.9083145501 6532490.5393009698 0.0
379577.3294522794 6532440.2264104383 0.0
379663.7505900088 6532389.9135199077 0.0
379750.1717277382 6532339.6006293772 0.0
379836.5928654676 6532289.2877388466 0.0
379923.0140031970 6532238.9748483161 0.0
380009.4351409263 6532188.6619577846 0.0
380095.8562786558 6532138.3490672540 0.0
380182.2774163851 6532088.0361767234 0.0
380268.6985541145 6532037.7232861929 0.0
380349.9867118926 6531979.4902838301 0.0
380431.2084372740 6531921.1547772661 0.0
380512.4301626554 6531862.8192707021 0.0
380593.6518880368 6531804.4837641381 0.0
380674.8736134182 6531746.1482575750 0.0
380756.0953387996 6531687.8127510110 0.0
380837.3170641810 6531629.4772444470 0.0
380918.5387895623 6531571.1417378830 0.0
380999.7605149437 6531512.8062313190 0.0
381080.9822403251 6531454.4707247550 0.0
381162.2039657065 6531396.1352181910 0.0
381243.4256910878 6531337.7997116270 0.0
381324.6474164692 6531279.4642050629 0.0
381406.6136241938 6531222.1916199541 0.0
381489.1951085079 6531165.7974850768 0.0
381571.7765928221 6531109.4033502014 0.0
381654.3580771363 6531053.0092153242 0.0
381736.9395614504 6530996.6150804479 0.0
381819.5210457647 6530940.2209455715 0.0
381902.1025300788 6530883.8268106952 0.0
381984.6840143930 6530827.4326758180 0.0
382067.2654987072 6530771.0385409417 0.0
382149.8469830214 6530714.6444060653 0.0
382232.4284673355 6530658.2502711890 0.0
382315.0043955834 6530601.8480011392 0.0
382397.5799101604 6530545.4451253936 0.0
382480.1554247374 6530489.0422496479 0.0
382562.7309393144 6530432.6393739032 0.0
382645.3064538914 6530376.2364981566 0.0
382727.8819684684 6530319.8336224128 0.0
382810.4574830454 6530263.4307466671 0.0
382893.0329976224 6530207.0278709214 0.0
382975.6085121994 6530150.6249951767 0.0
383060.7425009176 6530098.3577329405 0.0
383148.0766742609 6530049.6469316073 0.0
383235.4108476042 6530000.9361302750 0.0
383322.7450209474 6529952.2253289428 0.0
383410.0791942907 6529903.5145276114 0.0
383497.4133676340 6529854.8037262773 0.0
383584.7475409773 6529806.0929249451 0.0
383679.4678791924 6529775.1037142519 0.0
383775.5453094565 6529747.3705681302 0.0
383871.6227397206 6529719.6374220084 0.0
383968.7591933996 6529698.4858839903 0.0
384068.6867645120 6529694.6805546256 0.0
384168.6143356244 6529690.8752252599 0.0
384267.6390609797 6529694.7892224332 0.0
384363.9914955971 6529721.5512915477 0.0
384460.3439302146 6529748.3133606622 0.0
384555.5156890667 6529777.9570598966 0.0
384642.9458761543 6529826.4953168267 0.0
384730.3760632419 6529875.0335737569 0.0
384806.9306664651 6529937.7539593298 0.0
384876.4866640234 6530009.6007630425 0.0
384945.3757007917 6530081.8709982932 0.0
384980.8021825812 6530175.3855126109 0.0
385016.2286643707 6530268.9000269277 0.0
385051.6551461602 6530362.4145412454 0.0
385087.0816279497 6530455.9290555632 0.0
385086.7432706648 6530555.3019050825 0.0
385083.0033017730 6530655.2319437731 0.0
385079.2633328811 6530755.1619824637 0.0
385075.5233639893 6530855.0920211542 0.0
385115.2392638572 6530940.4898744896 0.0
385178.3400257066 6531018.0675378609 0.0
385241.4407875561 6531095.6452012314 0.0
385289.5269497703 6531183.1438365011 0.0
385336.1430178690 6531271.6138438201 0.0
385382.7590859676 6531360.0838511391 0.0
385429.3751540663 6531448.5538584581 0.0
385475.9912221649 6531537.0238657771 0.0
385508.1795156677 6531631.5811991151 0.0
385539.0248867479 6531726.7051344989 0.0
385569.8702578280 6531821.8290698826 0.0
385600.7156289081 6531916.9530052664 0.0
385634.9285910027 6531997.0694148913 0.0
385703.4604588248 6531924.2450845288 0.0
385771.9923266469 6531851.4207541663 0.0
370853.1277225110 6547619.7092087418 0.0
370905.4085927754 6547534.4642053433 0.0
370957.6894630398 6547449.2192019448 0.0
371009.9703333043 6547363.9741985463 0.0
371068.6574877838 6547283.2893863386 0.0
371132.0874133685 6547205.9806252560 0.0
371195.5173389530 6547128.6718641724 0.0
371259.0031461602 6547051.4180047959 0.0
371335.1777818692 6546986.6304683816 0.0
371418.7873475378 6546940.3738175929 0.0
371518.6173323255 6546934.5450838301 0.0
371615.2300142196 6546935.8272657907 0.0
371676.7551043713 6547014.6604014747 0.0
371738.2801945231 6547093.4935371587 0.0
371799.8052846749 6547172.3266728437 0.0
371861.3303748267 6547251.1598085277 0.0
371922.8554649784 6547329.9929442117 0.0
371984.3805551302 6547408.8260798967 0.0
372054.8842962223 6547458.6599319186 0.0
372150.1911686980 6547428.3845283892 0.0
372244.3849686511 6547395.9846485006 0.0
372323.5291904827 6547334.8602495203 0.0
372402.6734123143 6547273.7358505400 0.0
372479.4936564586 6547210.3075546883 0.0
372539.9289371971 6547130.6358731315 0.0
372600.3642179357 6547050.9641915746 0.0
372660.7994986742 6546971.2925100178 0.0
372721.2347794128 6546891.6208284618 0.0
372765.8021832925 6546802.1624167208 0.0
372809.8701764749 6546712.3959865989 0.0
372853.9381696572 6546622.6295564761 0.0
372898.0061628395 6546532.8631263543 0.0
372942.0741560218 6546443.0966962324 0.0
372971.4309830074 6546347.8941293526 0.0
372996.3232057536 6546251.0417816956 0.0
373022.4746353793 6546154.6637377590 0.0
373067.6650072976 6546065.4570660023 0.0
373112.8553792159 6545976.2503942465 0.0
373158.0457511342 6545887.0437224898 0.0
373203.2361230525 6545797.8370507332 0.0
373266.2091825069 6545721.3746022871 0.0
373336.1627594628 6545649.9148438834 0.0
373410.5707429709 6545584.0095121376 0.0
373495.5177354522 6545531.2458080556 0.0
373580.4647279334 6545478.4821039746 0.0
373674.7267502414 6545445.5782958660 0.0
373769.6084493668 6545413.9956555227 0.0
373864.4901484922 6545382.4130151793 0.0
373959.3718476176 6545350.8303748351 0.0
374054.2535467430 6545319.2477344917 0.0
374149.1352458684 6545287.6650941484 0.0
374244.0169449938 6545256.0824538041 0.0
374339.7561950690 6545233.0729736127 0.0
374439.0136970377 6545245.2363737514 0.0
374523.2813219687 6545294.1677723993 0.0
374606.1884580674 6545325.4944786280 0.0
374676.1478955172 6545389.8648512457 0.0
374717.5287703128 6545480.9012351874 0.0
374712.7006555980 6545576.3064601906 0.0
374689.1146251209 6545673.4851572718 0.0
374665.5285946440 6545770.6638543531 0.0
374641.9425641670 6545867.8425514325 0.0
374619.5708140273 6545965.1753281420 0.0
374618.1382074540 6546065.1650658082 0.0
374616.7056008808 6546165.1548034744 0.0
374615.2729943075 6546265.1445411388 0.0
374616.4316436489 6546365.0248451764 0.0
374626.2896237634 6546464.5377600566 0.0
374636.1476038779 6546564.0506749377 0.0
374646.0055839924 6546663.5635898188 0.0
374655.8635641069 6546763.0765046990 0.0
374665.7215442213 6546862.5894195801 0.0
374675.5795243359 6546962.1023344612 0.0
374617.7264498721 6547034.2094772980 0.0
374525.8212732423 6547035.6049123062 0.0
374500.9290407565 6547132.4572574599 0.0
374476.0368082707 6547229.3096026136 0.0
374451.1445757850 6547326.1619477691 0.0
374426.2523432992 6547423.0142929228 0.0
374401.3601108135 6547519.8666380774 0.0
374376.4678783276 6547616.7189832311 0.0
374351.5756458419 6547713.5713283857 0.0
374419.6348643915 6547739.1903047469 0.0
374519.6282954843 6547740.3364889789 0.0
374619.6217265771 6547741.4826732120 0.0
374719.6151576698 6547742.6288574450 0.0
374819.6085887626 6547743.7750416771 0.0
374919.6020198554 6547744.9212259101 0.0
375019.5954509482 6547746.0674101431 0.0
375119.5888820409 6547747.2135943752 0.0
375219.5823131337 6547748.3597786082 0.0
375319.5757442265 6547749.5059628412 0.0
375419.5691753192 6547750.6521470733 0.0
375519.5626064120 6547751.7983313063 0.0
375576.4015252494 6547688.0312683927 0.0
375614.0419384447 6547595.3857110543 0.0
375651.6823516401 6547502.7401537169 0.0
375692.4906798570 6547411.4506396744 0.0
375733.5404390146 6547320.2644714629 0.0
375774.5901981722 6547229.0783032514 0.0
375815.6399573298 6547137.8921350399 0.0
375856.6897164874 6547046.7059668284 0.0
375897.7394756450 6546955.5197986169 0.0
375938.7892348026 6546864.3336304054 0.0
375979.8389939602 6546773.1474621939 0.0
376020.8887531178 6546681.9612939823 0.0
376061.9385122753 6546590.7751257708 0.0
376102.9882714329 6546499.5889575593 0.0
376144.0380305905 6546408.4027893478 0.0
376185.0877897481 6546317.2166211363 0.0
376227.7525910650 6546226.7813017555 0.0
376271.0119271696 6546136.6223873887 0.0
376314.2712632741 6546046.4634730220 0.0
376357.5305993787 6545956.3045586552 0.0
376400.7899354832 6545866.1456442894 0.0
376444.0492715877 6545775.9867299218 0.0
376487.3086076923 6545685.8278155550 0.0
376530.5679437968 6545595.6689011883 0.0
376573.8272799014 6545505.5099868216 0.0
376617.0866160059 6545415.3510724548 0.0
376660.3459521104 6545325.1921580881 0.0
376703.6052882150 6545235.0332437214 0.0
376746.8646243195 6545144.8743293546 0.0
376790.1239604241 6545054.7154149879 0.0
376833.3832965286 6544964.5565006211 0.0
376876.6426326332 6544874.3975862544 0.0
376919.9019687377 6544784.2386718877 0.0
376963.1613048422 6544694.0797575209 0.0
377006.4206409468 6544603.9208431542 0.0
377049.6799770513 6544513.7619287875 0.0
377092.9393131558 6544423.6030144207 0.0
377136.1986492604 6544333.4441000530 0.0
377179.4579853649 6544243.2851856863 0.0
377222.7173214695 6544153.1262713196 0.0
377265.9766575740 6544062.9673569528 0.0
377309.2359936786 6543972.8084425861 0.0
377353.3433502290 6543883.0789750507 0.0
377400.4199819704 6543794.8531809542 0.0
377447.4966137118 6543706.6273868587 0.0
377494.5732454531 6543618.4015927622 0.0
377541.6498771945 6543530.1757986667 0.0
377588.7265089359 6543441.9500045702 0.0
377635.8031406772 6543353.7242104737 0.0
377682.8797724186 6543265.4984163782 0.0
377729.9564041600 6543177.2726222817 0.0
377777.0330359014 6543089.0468281861 0.0
377824.1096676427 6543000.8210340897 0.0
377871.1862993841 6542912.5952399932 0.0
377918.2629311255 6542824.3694458976 0.0
377965.3395628668 6542736.1436518012 0.0
378012.4161946082 6542647.9178577056 0.0
378059.4928263496 6542559.6920636091 0.0
378106.5694580909 6542471.4662695127 0.0
378153.6460898323 6542383.2404754171 0.0
378200.7227215737 6542295.0146813206 0.0
378247.7993533150 6542206.7888872251 0.0
378294.8759850564 6542118.5630931286 0.0
378341.9526167978 6542030.3372990321 0.0
378389.0292485392 6541942.1115049366 0.0
378436.1058802805 6541853.8857108401 0.0
378483.7544194190 6541765.9867149796 0.0
378535.8625424702 6541680.6360060666 0.0
378587.9706655215 6541595.2852971526 0.0
378640.0787885727 6541509.9345882386 0.0
378692.1869116240 6541424.5838793246 0.0
378744.2950346752 6541339.2331704115 0.0
378796.4031577265 6541253.8824614976 0.0
378848.5112807777 6541168.5317525836 0.0
378900.6194038290 6541083.1810436714 0.0
378952.7275268802 6540997.8303347575 0.0
379004.8356499315 6540912.4796258435 0.0
379056.9437729827 6540827.1289169285 0.0
379109.0518960340 6540741.7782080146 0.0
379161.1600190852 6540656.4274991006 0.0
379213.2681421365 6540571.0767901884 0.0
379265.3762651877 6540485.7260812744 0.0
379317.4843882390 6540400.3753723605 0.0
379369.5925112902 6540315.0246634455 0.0
379421.7006343415 6540229.6739545316 0.0
379473.8087573927 6540144.3232456194 0.0
379525.9168804440 6540058.9725367054 0.0
379578.0250034952 6539973.6218277914 0.0
379630.1331265465 6539888.2711188775 0.0
379682.2412495977 6539802.9204099644 0.0
379734.3493726490 6539717.5697010504 0.0
379786.4574957002 6539632.2189921364 0.0
379838.5656187515 6539546.8682832234 0.0
379890.6737418027 6539461.5175743094 0.0
379942.7818648540 6539376.1668653954 0.0
379994.8899879052 6539290.8161564814 0.0
380046.9981109565 6539205.4654475683 0.0
380099.1062340077 6539120.1147386543 0.0
380151.2143570590 6539034.7640297404 0.0
380203.3224801102 6538949.4133208273 0.0
380255.4306031615 6538864.0626119133 0.0
380307.5387262127 6538778.7119029993 0.0
380359.6468492640 6538693.3611940853 0.0
380411.7549723152 6538608.0104851723 0.0
380463.8630953665 6538522.6597762583 0.0
380515.9712184177 6538437.3090673443 0.0
380568.0793414690 6538351.9583584312 0.0
380620.1874645202 6538266.6076495172 0.0
380672.2955875715 6538181.2569406033 0.0
380724.4037106227 6538095.9062316893 0.0
380776.5118336740 6538010.5555227762 0.0
380828.6199567252 6537925.2048138622 0.0
380880.7280797765 6537839.8541049482 0.0
380932.8362028277 6537754.5033960352 0.0
380986.1933322111 6537669.9882108513 0.0
381045.1923914222 6537589.2471988918 0.0
381104.1914506333 6537508.5061869323 0.0
381163.1905098444 6537427.7651749738 0.0
381222.1895690555 6537347.0241630143 0.0
381281.1886282666 6537266.2831510548 0.0
381340.1876874777 6537185.5421390962 0.0
381399.1867466889 6537104.8011271367 0.0
381458.1858059000 6537024.0601151772 0.0
381517.1848651111 6536943.3191032177 0.0
381576.1839243222 6536862.5780912591 0.0
381635.1829835333 6536781.8370792996 0.0
381694.1820427444 6536701.0960673401 0.0
381753.1811019555 6536620.3550553806 0.0
381812.1801611666 6536539.6140434220 0.0
381871.1792203778 6536458.8730314625 0.0
381930.1782795889 6536378.1320195030 0.0
381993.6115280600 6536300.8311750162 0.0
382057.1577444521 6536223.6179741872 0.0
382120.7039608440 6536146.4047733583 0.0
382184.2501772360 6536069.1915725293 0.0
382247.7963936280 6535991.9783717003 0.0
382311.3426100200 6535914.7651708713 0.0
382374.8888264120 6535837.5519700423 0.0
382438.4350428040 6535760.3387692133 0.0
382501.9812591959 6535683.1255683843 0.0
382565.5274755879 6535605.9123675553 0.0
382629.0736919799 6535528.6991667263 0.0
382692.6199083719 6535451.4859658973 0.0
382756.1661247639 6535374.2727650683 0.0
382819.7123411559 6535297.0595642393 0.0
382883.2585575479 6535219.8463634104 0.0
382946.8047739398 6535142.6331625814 0.0
383010.3509903318 6535065.4199617524 0.0
383073.8972067238 6534988.2067609234 0.0
383137.4434231158 6534910.9935600944 0.0
383200.9896395078 6534833.7803592645 0.0
383264.5358558997 6534756.5671584345 0.0
383328.0820722918 6534679.3539576055 0.0
383391.6282886837 6534602.1407567766 0.0
383455.4376115865 6534525.1481084554 0.0
383520.3684275731 6534449.0955665167 0.0
383585.2992435598 6534373.0430245781 0.0
383650.2300595464 6534296.9904826405 0.0
383715.1608755330 6534220.9379407009 0.0
383780.0916915197 6534144.8853987623 0.0
383845.0225075062 6534068.8328568237 0.0
383909.9533234929 6533992.7803148851 0.0
383974.8841394795 6533916.7277729474 0.0
384039.8149554661 6533840.6752310088 0.0
384104.7457714528 6533764.6226890702 0.0
384169.6765874394 6533688.5701471316 0.0
384234.6074034260 6533612.5176051930 0.0
384299.5382194127 6533536.4650632543 0.0
384364.4690353993 6533460.4125213157 0.0
384429.3998513859 6533384.3599793771 0.0
384494.3306673726 6533308.3074374394 0.0
384559.2614833592 6533232.2548954999 0.0
384624.1922993459 6533156.2023535622 0.0
384689.1231153324 6533080.1498116236 0.0
384754.0539313191 6533004.0972696850 0.0
384818.9847473057 6532928.0447277464 0.0
384883.9155632923 6532851.9921858078 0.0
384948.8463792790 6532775.9396438692 0.0
385013.7771952656 6532699.8871019306 0.0
385078.7080112522 6532623.8345599920 0.0
385143.6388272389 6532547.7820180533 0.0
385208.5696432255 6532471.7294761147 0.0
385273.5004592121 6532395.6769341761 0.0
385338.4312751988 6532319.6243922384 0.0
385403.3620911854 6532243.5718502998 0.0
385366.1232478562 6532158.1973616863 0.0
385316.0280391008 6532071.6498599332 0.0
385219.8686158715 6532050.7982841684 0.0
385126.4804140149 6532086.0226078331 0.0
385038.5332380655 6532130.6373946238 0.0
384964.7559921572 6532198.1423424883 0.0
384890.9787462489 6532265.6472903527 0.0
384817.2015003407 6532333.1522382172 0.0
384743.4242544324 6532400.6571860816 0.0
384669.6470085241 6532468.1621339461 0.0
384595.8697626158 6532535.6670818115 0.0
384522.0925167075 6532603.1720296759 0.0
384448.3152707993 6532670.6769775404 0.0
384374.5380248910 6532738.1819254048 0.0
384300.7607789827 6532805.6868732693 0.0
384226.9835330744 6532873.1918211337 0.0
384153.2062871662 6532940.6967689982 0.0
384079.4290412579 6533008.2017168626 0.0
384005.6517953497 6533075.7066647271 0.0
383931.8745494414 6533143.2116125925 0.0
383858.0973035331 6533210.7165604560 0.0
383784.3200576248 6533278.2215083204 0.0
383710.5428117166 6533345.7264561849 0.0
383636.7655658083 6533413.2314040493 0.0
383562.9883199000 6533480.7363519138 0.0
383489.2027816149 6533548.2322357176 0.0
383415.4167154885 6533615.7275425587 0.0
383341.6306493620 6533683.2228493998 0.0
383267.8445832356 6533750.7181562409 0.0
383194.0585171091 6533818.2134630820 0.0
383120.2707381764 6533885.7068973491 0.0
383046.4800374229 6533953.1971372534 0.0
382972.6893366694 6534020.6873771576 0.0
382898.8986359159 6534088.1776170619 0.0
382825.1079351624 6534155.6678569652 0.0
382751.3172344089 6534223.1580968685 0.0
382677.5265336554 6534290.6483367737 0.0
382603.7358329019 6534358.1385766780 0.0
382528.2340803560 6534423.6090930477 0.0
382449.5341765182 6534485.3045153730 0.0
382370.8342726803 6534546.9999376982 0.0
382292.1343688425 6534608.6953600245 0.0
382213.4344650046 6534670.3907823488 0.0
382134.7345611667 6534732.0862046741 0.0
382056.0346573289 6534793.7816270003 0.0
381977.3347534910 6534855.4770493256 0.0
381901.9517298311 6534921.1835387154 0.0
381826.5756846283 6534986.8984670769 0.0
381751.1996394254 6535052.6133954395 0.0
381675.8235942227 6535118.3283238001 0.0
381600.4475490198 6535184.0432521617 0.0
381525.0715038170 6535249.7581805233 0.0
381449.6954586142 6535315.4731088849 0.0
381374.3194134114 6535381.1880372455 0.0
381298.9433682085 6535446.9029656081 0.0
381223.5673230058 6535512.6178939706 0.0
381148.1912778029 6535578.3328223322 0.0
381072.8152326001 6535644.0477506937 0.0
381000.4325520548 6535713.0171963852 0.0
380928.6566118884 6535782.6463168235 0.0
380856.8806717221 6535852.2754372647 0.0
380785.1047315557 6535921.9045577049 0.0
380713.3287913893 6535991.5336781442 0.0
380641.5528512229 6536061.1627985844 0.0
380569.7769110565 6536130.7919190247 0.0
380498.0009708902 6536200.4210394640 0.0
380426.2250307238 6536270.0501599042 0.0
380354.4490905574 6536339.6792803435 0.0
380282.6731503910 6536409.3084007837 0.0
380210.8972102246 6536478.9375212239 0.0
380139.1212700583 6536548.5666416632 0.0
380067.3453298919 6536618.1957621034 0.0
379995.5693897256 6536687.8248825436 0.0
379923.7934495592 6536757.4540029829 0.0
379852.0175093928 6536827.0831234232 0.0
379780.2415692264 6536896.7122438634 0.0
379735.6335546355 6536811.2022993565 0.0
379691.7901848184 6536721.3259458290 0.0
379631.6962322990 6536647.7258668030 0.0
379541.7507303544 6536604.0245318124 0.0
379451.8052284097 6536560.3231968218 0.0
379355.7807123685 6536535.1966431076 0.0
379258.3761850795 6536530.7756287456 0.0
379163.5889021116 6536562.6405151812 0.0
379068.8016191436 6536594.5054016169 0.0
378974.0143361757 6536626.3702880526 0.0
378882.4300646745 6536664.6195763508 0.0
378800.2196265775 6536721.5532559082 0.0
378718.0091884806 6536778.4869354647 0.0
378643.1723435293 6536842.9466721565 0.0
378584.5682885545 6536923.9748446671 0.0
378525.9642335796 6537005.0030171778 0.0
378467.3601786048 6537086.0311896894 0.0
378408.7561236300 6537167.0593622001 0.0
378352.4375913054 6537249.4836424515 0.0
378307.0997116833 6537338.6154362801 0.0
378261.7618320611 6537427.7472301107 0.0
378216.4239524389 6537516.8790239403 0.0
378171.0860728167 6537606.0108177708 0.0
378125.7481931946 6537695.1426116005 0.0
378080.4103135724 6537784.2744054310 0.0
378035.0724339502 6537873.4061992606 0.0
377989.7345543281 6537962.5379930912 0.0
377944.3966747059 6538051.6697869208 0.0
377899.0587950837 6538140.8015807513 0.0
377860.5445069930 6538232.2160580782 0.0
377843.1239905849 6538330.6869959636 0.0
377825.7034741767 6538429.1579338498 0.0
377785.0791697557 6538517.8008938208 0.0
377726.4732919305 6538598.8277479149 0.0
377667.8674141053 6538679.8546020091 0.0
377613.1236519073 6538763.3708001291 0.0
377563.5320828604 6538850.2078675572 0.0
377513.9405138134 6538937.0449349852 0.0
377464.3489447664 6539023.8820024133 0.0
377414.7573757195 6539110.7190698404 0.0
377365.1658066726 6539197.5561372684 0.0
377315.5742376256 6539284.3932046955 0.0
377277.9173530739 6539377.0063608754 0.0
377240.5837743343 6539469.7759889783 0.0
377203.2501955947 6539562.5456170822 0.0
377165.9166168551 6539655.3152451860 0.0
377128.5830381155 6539748.0848732889 0.0
377079.4258883210 6539835.0535259731 0.0
377028.9034696402 6539921.3523394689 0.0
376978.3810509594 6540007.6511529638 0.0
376927.8586322786 6540093.9499664586 0.0
376877.3362135979 6540180.2487799535 0.0
376826.8137949171 6540266.5475934483 0.0
376776.2913762363 6540352.8464069432 0.0
376725.7689575555 6540439.1452204380 0.0
376675.2465388748 6540525.4440339338 0.0
376624.7241201939 6540611.7428474287 0.0
376574.2017015131 6540698.0416609244 0.0
376523.6792828324 6540784.3404744184 0.0
376473.1568641516 6540870.6392879132 0.0
376422.6344454708 6540956.9381014081 0.0
376372.1120267900 6541043.2369149039 0.0
376321.5896081093 6541129.5357283987 0.0
376271.0671894285 6541215.8345418936 0.0
376220.5447707477 6541302.1333553884 0.0
376170.0223520669 6541388.4321688833 0.0
376119.4999333861 6541474.7309823781 0.0
376068.9775147053 6541561.0297958730 0.0
376018.4550960246 6541647.3286093688 0.0
375967.9326773438 6541733.6274228636 0.0
375917.4102586630 6541819.9262363575 0.0
375872.5090337200 6541909.0926574757 0.0
375832.2985150341 6542000.6520053716 0.0
375792.0879963482 6542092.2113532666 0.0
375751.8774776622 6542183.7707011616 0.0
375711.1906383419 6542275.0902588144 0.0
375661.5939616838 6542361.9244091492 0.0
375611.9972850257 6542448.7585594850 0.0
375562.4006083676 6542535.5927098207 0.0
375512.8039317096 6542622.4268601555 0.0
375463.2072550515 6542709.2610104913 0.0
375413.6105783934 6542796.0951608270 0.0
375364.0139017353 6542882.9293111619 0.0
375314.4172250772 6542969.7634614976 0.0
375264.8205484191 6543056.5976118334 0.0
375215.2238717611 6543143.4317621682 0.0
375165.6271951030 6543230.2659125039 0.0
375118.0759091582 6543318.1297933059 0.0
375077.8628213360 6543409.6880128589 0.0
375037.6497335138 6543501.2462324128 0.0
374997.4366456916 6543592.8044519657 0.0
374957.2235578694 6543684.3626715196 0.0
374906.5691361759 6543770.2710805451 0.0
374851.9235283909 6543854.0198569531 0.0
374797.2779206060 6543937.7686333600 0.0
374742.6323128210 6544021.5174097680 0.0
374687.9867050360 6544105.2661861759 0.0
374633.3410972511 6544189.0149625838 0.0
374578.6954894661 6544272.7637389917 0.0
374524.0498816812 6544356.5125153996 0.0
374452.5109705682 6544426.3573058983 0.0
374380.8348026797 6544496.0891275927 0.0
374295.8668264818 6544541.5901654577 0.0
374198.5416148837 6544564.5641330602 0.0
374101.2164032856 6544587.5381006626 0.0
374003.8911916876 6544610.5120682642 0.0
373906.5659800895 6544633.4860358667 0.0
373809.2407684913 6544656.4600034691 0.0
373723.9539024151 6544704.0635620030 0.0
373646.0362677340 6544766.7440390727 0.0
373568.1186330529 6544829.4245161423 0.0
373490.2009983718 6544892.1049932120 0.0
373412.2833636906 6544954.7854702817 0.0
373346.6275304483 6545029.9203534229 0.0
373282.7403702934 6545106.8516914304 0.0
373218.8532101387 6545183.7830294352 0.0
373154.9660499839 6545260.7143674409 0.0
373091.8434406979 6545338.1915522134 0.0
373039.8293262896 6545423.5995840495 0.0
372987.8152118814 6545509.0076158876 0.0
372935.8010974731 6545594.4156477256 0.0
372883.7869830648 6545679.8236795627 0.0
372837.8648003886 6545768.6546440078 0.0
372791.9691789653 6545857.5005326811 0.0
372746.0735575419 6545946.3464213545 0.0
372700.1779361185 6546035.1923100278 0.0
372654.2823146952 6546124.0381987011 0.0
372608.3866932718 6546212.8840873744 0.0
372546.6997351279 6546291.4470483558 0.0
372484.0086398966 6546369.3561401153 0.0
372401.2345715382 6546418.0091119586 0.0
372304.1540589931 6546441.8367313175 0.0
372206.7802078678 6546464.6036616554 0.0
372109.4063567425 6546487.3705919934 0.0
372012.0325056172 6546510.1375223314 0.0
371914.6586544919 6546532.9044526704 0.0
371817.2848033666 6546555.6713830084 0.0
371719.9109522413 6546578.4383133464 0.0
371622.5371011160 6546601.2052436844 0.0
371525.1632499907 6546623.9721740233 0.0
371427.7893988654 6546646.7391043613 0.0
371338.9119190047 6546689.4334055651 0.0
371255.0673952759 6546743.9319912409 0.0
371176.4654366900 6546805.3738247743 0.0
371101.0933276215 6546871.0932676708 0.0
371025.7212185529 6546936.8127105664 0.0
370957.3468271100 6547009.1973274024 0.0
370895.3720216438 6547087.6774107823 0.0
370833.3972161776 6547166.1574941631 0.0
370771.4224107114 6547244.6375775440 0.0
370719.8047214962 6547329.7070859661 0.0
370674.9771772216 6547419.0966338692 0.0
370630.1496329469 6547508.4861817723 0.0
370595.6543538861 6547602.0425410476 0.0
370843.7490926677 6547698.2013733285 0.0
372068.3278164317 6547516.7055257345 0.0
372006.9563733378 6547437.7528565256 0.0
371945.4312831860 6547358.9197208416 0.0
371883.9061930342 6547280.0865851576 0.0
371822.3811028824 6547201.2534494726 0.0
371760.8560127307 6547122.4203137886 0.0
371699.3309225789 6547043.5871781046 0.0
371637.8058324271 6546964.7540424205 0.0
371555.2486250659 6546932.4063070565 0.0
371455.4186402782 6546938.2350408193 0.0
371363.1290570896 6546962.8575386619 0.0
371286.9544213806 6547027.6450750763 0.0
371218.7921113326 6547100.3044366436 0.0
371155.3621857480 6547177.6131977271 0.0
371091.9322601634 6547254.9219588106 0.0
371029.1541072721 6547332.6946718516 0.0
370976.8732370076 6547417.9396752501 0.0
370924.5923667432 6547503.1846786486 0.0
370872.3114964788 6547588.4296820471 0.0
370845.6169957608 6547682.5684120674 0.0
370943.7425237604 6547699.3475575605 0.0
371043.7359548531 6547700.4937417936 0.0
371143.7293859459 6547701.6399260266 0.0
371243.7228170387 6547702.7861102587 0.0
371343.7162481315 6547703.9322944917 0.0
371443.7096792242 6547705.0784787247 0.0
371543.7031103170 6547706.2246629568 0.0
371643.6965414098 6547707.3708471898 0.0
371743.6899725025 6547708.5170314228 0.0
371843.6834035953 6547709.6632156549 0.0
371943.6768346881 6547710.8093998879 0.0
372043.6702657809 6547711.9555841200 0.0
372143.6636968736 6547713.1017683530 0.0
372243.6571279664 6547714.2479525860 0.0
372186.5720559613 6547641.7284129802 0.0
372117.8584051072 6547569.0755796824 0.0
374627.9767000978 6547035.1868549287 0.0
374674.5644735527 6546951.8557463149 0.0
374664.7064934382 6546852.3428314347 0.0
374654.8485133237 6546752.8299165536 0.0
374644.9905332092 6546653.3170016725 0.0
374635.1325530948 6546553.8040867923 0.0
374625.2745729802 6546454.2911719112 0.0
374615.4165928658 6546354.7782570301 0.0
374615.4205061109 6546254.8488557804 0.0
374616.8531126841 6546154.8591181152 0.0
374618.2857192574 6546054.8693804499 0.0
374620.7851264066 6545955.0150087541 0.0
374644.3711568836 6545857.8363116737 0.0
374667.9571873606 6545760.6576145925 0.0
374691.5432178376 6545663.4789175121 0.0
374715.1292483147 6545566.3002204308 0.0
374713.2678883795 6545471.5274535669 0.0
374671.8870135839 6545380.4910696251 0.0
374597.1317868220 6545320.5955396937 0.0
374519.5817388215 6545313.5830871034 0.0
374465.3966747519 6545397.6305667311 0.0
374411.2116106824 6545481.6780463587 0.0
374357.0265466128 6545565.7255259864 0.0
374342.2348028891 6545662.6475682585 0.0
374336.3263890036 6545762.4728688849 0.0
374330.4179751182 6545862.2981695123 0.0
374324.5095612328 6545962.1234701397 0.0
374318.6011473474 6546061.9487707671 0.0
374291.2983070844 6546155.1864793682 0.0
374240.0323167092 6546241.0456561102 0.0
374158.5116227892 6546291.2871773634 0.0
374065.4905465468 6546327.9897573097 0.0
373972.4694703044 6546364.6923372559 0.0
373879.4483940619 6546401.3949172013 0.0
373800.3374001200 6546459.6183482306 0.0
373714.7223521215 6546504.5529050389 0.0
373632.3760871753 6546558.5291906754 0.0
373554.2472485158 6546620.9462121502 0.0
373533.7764771404 6546718.5437147273 0.0
373514.0093510409 6546816.5705514904 0.0
373523.6483350935 6546908.8376591392 0.0
373578.9367261545 6546992.1634883517 0.0
373650.7061454545 6547058.5046916958 0.0
373735.6578493167 6547111.2608099282 0.0
373824.2678267648 6547151.5378013235 0.0
373923.9707269332 6547149.2163113346 0.0
374022.5990133926 6547132.7099152990 0.0
374121.2272998519 6547116.2035192633 0.0
374212.8812662025 6547080.7220475813 0.0
374298.7226719003 6547029.4263063567 0.0
374385.8284443225 6546987.2585907569 0.0
374482.3808182915 6547013.2900924599 0.0
374580.5022213416 6547030.6600880176 0.0
388500.4974424432 6537599.1318868874 0.0
388410.5919979768 6537555.3482020795 0.0
388320.6865535105 6537511.5645172726 0.0
388230.7811090441 6537467.7808324657 0.0
388140.8756645777 6537423.9971476579 0.0
388047.7762054502 6537395.1026145797 0.0
387947.8228894817 6537398.1578767449 0.0
387851.6268621729 6537419.0359703908 0.0
387771.7374604880 6537472.5790469917 0.0
387714.7553684959 6537554.7559366394 0.0
387657.7732765038 6537636.9328262871 0.0
387614.3772599072 6537725.2577165002 0.0
387590.2564145643 6537822.3050493849 0.0
387566.1355692214 6537919.3523822688 0.0
387564.6523084385 6538018.0182867041 0.0
387574.7207394486 6538117.5101290680 0.0
387584.7891704586 6538217.0019714320 0.0
387594.8576014686 6538316.4938137969 0.0
387604.9260324786 6538415.9856561609 0.0
387614.9944634886 6538515.4774985248 0.0
387625.0628944986 6538614.9693408888 0.0
387635.1313255086 6538714.4611832527 0.0
387645.1997565186 6538813.9530256167 0.0
387655.2681875287 6538913.4448679807 0.0
387665.3366185387 6539012.9367103446 0.0
387675.4050495487 6539112.4285527105 0.0
387685.4734805587 6539211.9203950725 0.0
387695.5419115687 6539311.4122374374 0.0
387705.6103425787 6539410.9040798014 0.0
387712.9566957424 6539510.5842814464 0.0
387716.6876590598 6539610.5146567719 0.0
387720.4186223772 6539710.4450320983 0.0
387724.1495856947 6539810.3754074238 0.0
387727.8805490120 6539910.3057827493 0.0
387722.0585526957 6540010.0227112984 0.0
387713.8679476754 6540109.6867167838 0.0
387705.6773426551 6540209.3507222692 0.0
387692.4604412948 6540308.1508286139 0.0
387666.9043665634 6540404.8301285924 0.0
387641.3482918321 6540501.5094285710 0.0
387615.7922171007 6540598.1887285504 0.0
387590.2361423694 6540694.8680285281 0.0
387552.2765127394 6540786.9610158876 0.0
387508.7883991802 6540877.0098025491 0.0
387465.3002856210 6540967.0585892098 0.0
387421.8121720618 6541057.1073758705 0.0
387388.6485265499 6541151.2166038649 0.0
387359.1443442810 6541246.7650378058 0.0
387329.6401620121 6541342.3134717476 0.0
387300.1359797433 6541437.8619056884 0.0
387289.1766501347 6541535.5251236316 0.0
387296.4111186349 6541635.2630926576 0.0
387303.6455871350 6541735.0010616845 0.0
387310.8800556352 6541834.7390307104 0.0
387337.1858249842 6541930.8165348759 0.0
387367.3916742273 6542026.1454741936 0.0
387397.5975234703 6542121.4744135123 0.0
387427.8033727133 6542216.8033528300 0.0
387458.7812777641 6542311.8087587506 0.0
387505.5609771473 6542400.1923529627 0.0
387552.3406765305 6542488.5759471729 0.0
387599.1203759137 6542576.9595413841 0.0
387645.9000752969 6542665.3431355953 0.0
387696.7364449134 6542751.2720431834 0.0
387753.3264006833 6542833.7194622196 0.0
387809.9163564531 6542916.1668812577 0.0
387870.5026536750 6542995.4662436852 0.0
387937.4062152355 6543069.7892781394 0.0
388004.3097767959 6543144.1123125944 0.0
388076.8393406109 6543211.9387431499 0.0
388159.9598880157 6543267.5352772074 0.0
388243.0804354204 6543323.1318112640 0.0
388327.8767348481 6543375.0910572670 0.0
388424.1481735985 6543402.1430457514 0.0
388520.4196123488 6543429.1950342348 0.0
388576.0508541967 6543402.0184139861 0.0
388577.1107492310 6543302.0240310309 0.0
388578.1706442652 6543202.0296480767 0.0
388579.2305392994 6543102.0352651216 0.0
388580.2904343337 6543002.0408821655 0.0
388581.3503293679 6542902.0464992123 0.0
388582.4102244021 6542802.0521162571 0.0
388583.4701194364 6542702.0577333020 0.0
388584.5300144706 6542602.0633503478 0.0
388585.5899095049 6542502.0689673927 0.0
388586.6498045391 6542402.0745844385 0.0
388587.7096995733 6542302.0802014833 0.0
388588.7695946076 6542202.0858185282 0.0
388589.8294896418 6542102.0914355731 0.0
388590.8893846761 6542002.0970526189 0.0
388591.9492797103 6541902.1026696637 0.0
388593.0091747445 6541802.1082867086 0.0
388594.0690697788 6541702.1139037544 0.0
388595.1289648130 6541602.1195207993 0.0
388596.1888598473 6541502.1251378441 0.0
388597.2487548815 6541402.1307548899 0.0
388598.3086499157 6541302.1363719348 0.0
388599.3685449500 6541202.1419889797 0.0
388600.4284399842 6541102.1476060254 0.0
388601.4883350184 6541002.1532230703 0.0
388602.5482300526 6540902.1588401152 0.0
388603.6081250869 6540802.1644571610 0.0
388604.6680201211 6540702.1700742058 0.0
388605.7279151554 6540602.1756912507 0.0
388606.7878101896 6540502.1813082974 0.0
388607.8477052238 6540402.1869253414 0.0
388608.9076002581 6540302.1925423862 0.0
388609.9674952923 6540202.1981594320 0.0
388611.0273903265 6540102.2037764769 0.0
388612.0872853608 6540002.2093935218 0.0
388613.1471803950 6539902.2150105676 0.0
388614.2070754293 6539802.2206276124 0.0
388615.2669704635 6539702.2262446573 0.0
388616.3268654977 6539602.2318617031 0.0
388617.3867605320 6539502.2374787480 0.0
388618.4466555662 6539402.2430957928 0.0
388619.5065506005 6539302.2487128386 0.0
388620.5664456347 6539202.2543298826 0.0
388621.6263406689 6539102.2599469284 0.0
388622.6862357032 6539002.2655639742 0.0
388623.7461307374 6538902.2711810190 0.0
388624.8060257717 6538802.2767980639 0.0
388625.8659208059 6538702.2824151097 0.0
388626.9258158401 6538602.2880321546 0.0
388627.9857108744 6538502.2936491994 0.0
388629.0456059086 6538402.2992662452 0.0
388630.1055009429 6538302.3048832901 0.0
388631.1653959771 6538202.3105003349 0.0
388632.2252910113 6538102.3161173807 0.0
388633.2851860456 6538002.3217344256 0.0
388634.3450810798 6537902.3273514695 0.0
388635.4049761140 6537802.3329685163 0.0
388636.4648711483 6537702.3385855611 0.0
388558.8938002128 6537641.7694530850 0.0
388266.0286596013 6531703.0680552293 0.0
388171.9415405896 6531736.9445077600 0.0
388077.8544215778 6531770.8209602907 0.0
387983.7673025661 6531804.6974128215 0.0
387889.6801835544 6531838.5738653522 0.0
387798.7959087770 6531878.5292687416 0.0
387717.6544063953 6531936.9763096524 0.0
387636.5129040137 6531995.4233505642 0.0
387555.3714016320 6532053.8703914750 0.0
387477.7598536471 6532116.5854829149 0.0
387405.1267599385 6532185.3199989777 0.0
387332.4936662300 6532254.0545150395 0.0
387259.8605725215 6532322.7890311023 0.0
387202.1060249081 6532403.0692185322 0.0
387153.5596503646 6532490.4948985064 0.0
387112.9736928305 6532580.8052136656 0.0
387094.2434922747 6532679.0354513070 0.0
387095.0211473642 6532778.8019423923 0.0
387098.1444590263 6532878.7531551132 0.0
387101.2677706885 6532978.7043678332 0.0
387112.2858425304 6533077.5862818127 0.0
387135.8629100187 6533174.7671538433 0.0
387159.4399775069 6533271.9480258739 0.0
387183.0170449951 6533369.1288979044 0.0
387206.5941124834 6533466.3097699350 0.0
387230.1711799716 6533563.4906419665 0.0
387253.7482474598 6533660.6715139970 0.0
387277.3253149480 6533757.8523860276 0.0
387300.9023824363 6533855.0332580581 0.0
387324.4794499245 6533952.2141300887 0.0
387348.0565174128 6534049.3950021202 0.0
387371.6372013580 6534146.5749964993 0.0
387395.2275416350 6534243.7526474576 0.0
387394.5513693695 6534343.6604850497 0.0
387393.1440580300 6534443.6505819326 0.0
387381.9553278122 6534542.5347307306 0.0
387361.0015159003 6534640.3147786260 0.0
387340.0477039883 6534738.0948265204 0.0
387319.0938920763 6534835.8748744158 0.0
387298.1400801644 6534933.6549223103 0.0
387277.1862682525 6535031.4349702056 0.0
387256.2324563405 6535129.2150181010 0.0
387235.2786444286 6535226.9950659946 0.0
387214.3248325166 6535324.7751138909 0.0
387193.3710206047 6535422.5551617863 0.0
387172.4172086928 6535520.3352096807 0.0
387184.5805479126 6535619.2762192274 0.0
387198.6357410627 6535718.2835499942 0.0
387212.6909342128 6535817.2908807611 0.0
387226.7461273628 6535916.2982115271 0.0
387272.1619520246 6536004.1546519082 0.0
387323.7673123681 6536089.8102809340 0.0
387375.3726727117 6536175.4659099597 0.0
387447.5022354392 6536244.1112525463 0.0
387521.8027018607 6536311.0398763893 0.0
387606.6772228522 6536361.8370921034 0.0
387699.3456526426 6536398.2621406075 0.0
387797.1189537117 6536419.2474115863 0.0
387894.8922547808 6536440.2326825652 0.0
387992.6655558499 6536461.2179535441 0.0
388090.4388569190 6536482.2032245230 0.0
388188.2121579881 6536503.1884955019 0.0
388285.9854590572 6536524.1737664798 0.0
388383.7587601262 6536545.1590374587 0.0
388474.4704146839 6536583.6199247474 0.0
388559.3748345436 6536636.4521070626 0.0
388642.8806324349 6536691.2865883252 0.0
388648.1595852085 6536600.0522549963 0.0
388649.2212431536 6536500.0578907430 0.0
388650.2829010988 6536400.0635264898 0.0
388651.3445590439 6536300.0691622375 0.0
388652.4062169891 6536200.0747979833 0.0
388653.4678749343 6536100.0804337300 0.0
388654.5295328794 6536000.0860694768 0.0
388655.5911908246 6535900.0917052235 0.0
388656.6528487697 6535800.0973409703 0.0
388657.7145067149 6535700.1029767171 0.0
388658.7761646601 6535600.1086124638 0.0
388659.8378226052 6535500.1142482106 0.0
388660.8994805503 6535400.1198839573 0.0
388661.9611384955 6535300.1255197041 0.0
388663.0227964406 6535200.1311554508 0.0
388664.0844543858 6535100.1367911976 0.0
388665.1461123310 6535000.1424269443 0.0
388666.2077702761 6534900.1480626911 0.0
388667.2694282213 6534800.1536984378 0.0
388668.3310861664 6534700.1593341846 0.0
388669.3927441116 6534600.1649699314 0.0
388670.4544020568 6534500.1706056781 0.0
388671.5160600019 6534400.1762414249 0.0
388672.5777179471 6534300.1818771716 0.0
388673.6393758922 6534200.1875129184 0.0
388674.7010338374 6534100.1931486651 0.0
388675.7626917826 6534000.1987844128 0.0
388676.8243497277 6533900.2044201596 0.0
388677.8860076728 6533800.2100559063 0.0
388678.9476656180 6533700.2156916531 0.0
388680.0093235631 6533600.2213273998 0.0
388681.0709815083 6533500.2269631466 0.0
388682.1326394535 6533400.2325988933 0.0
388683.1942973986 6533300.2382346401 0.0
388684.2559553438 6533200.2438703869 0.0
388685.3176132889 6533100.2495061336 0.0
388686.3792712341 6533000.2551418804 0.0
388687.4409291793 6532900.2607776271 0.0
388688.5025871244 6532800.2664133739 0.0
388689.5642450696 6532700.2720491206 0.0
388690.6259030147 6532600.2776848674 0.0
388691.6875609599 6532500.2833206141 0.0
388692.7492189050 6532400.2889563609 0.0
388693.8108768502 6532300.2945921076 0.0
388694.8725347953 6532200.3002278544 0.0
388695.9341927405 6532100.3058636012 0.0
388696.9958506856 6532000.3114993479 0.0
388698.0575086308 6531900.3171350947 0.0
388699.1191665760 6531800.3227708414 0.0
388700.1808245211 6531700.3284065882 0.0
388685.1232132917 6531619.7616092702 0.0
388587.0421495753 6531639.2578894347 0.0
388488.9610858588 6531658.7541695992 0.0
388390.8800221423 6531678.2504497636 0.0
388292.7989584259 6531697.7467299271 0.0
383791.6743057274 6531839.5627737464 0.0
383693.3575046943 6531857.8331496213 0.0
383595.0407036611 6531876.1035254961 0.0
383502.7494317371 6531914.4567765966 0.0
383410.6137120977 6531953.3284779554 0.0
383344.6479844900 6532027.1225054786 0.0
383281.4713082935 6532104.6383592421 0.0
383218.2946320968 6532182.1542130066 0.0
383155.1179559003 6532259.6700667702 0.0
383091.9412797037 6532337.1859205337 0.0
383028.7646035071 6532414.7017742982 0.0
382965.5879273105 6532492.2176280618 0.0
382916.2616343653 6532576.4840788022 0.0
382894.1270676940 6532674.0036202194 0.0
382871.9925010228 6532771.5231616367 0.0
382849.8579343515 6532869.0427030539 0.0
382846.1070973213 6532967.3137440979 0.0
382860.2082035612 6533066.3145461287 0.0
382874.3093098010 6533165.3153481605 0.0
382888.4104160409 6533264.3161501912 0.0
382950.7362297184 6533189.9877055325 0.0
383013.9422149234 6533112.4957483076 0.0
383077.1482001283 6533035.0037910854 0.0
383140.3541853334 6532957.5118338624 0.0
383203.5601705384 6532880.0198766394 0.0
383266.7661557434 6532802.5279194163 0.0
383329.9721409483 6532725.0359621933 0.0
383393.1781261534 6532647.5440049702 0.0
383456.3841113584 6532570.0520477472 0.0
383519.5900965634 6532492.5600905232 0.0
383582.7960817684 6532415.0681333002 0.0
383646.0020669734 6532337.5761760771 0.0
383690.4680571754 6532253.2648441046 0.0
383731.7112149093 6532167.1618712172 0.0
383792.7582721321 6532087.9579773452 0.0
383853.8053293551 6532008.7540834742 0.0
383914.8523865780 6531929.5501896022 0.0
383834.7323983542 6531870.7570442846 0.0
388624.7440427849 6536677.1284102919 0.0
388539.8396229252 6536624.2962279757 0.0
388454.9352030655 6536571.4640456596 0.0
388361.2626152828 6536540.3306467803 0.0
388263.4893142137 6536519.3453758014 0.0
388165.7160131446 6536498.3601048226 0.0
388067.9427120755 6536477.3748338437 0.0
387970.1694110064 6536456.3895628648 0.0
387872.3961099373 6536435.4042918868 0.0
387774.6228088682 6536414.4190209080 0.0
387676.8495077991 6536393.4337499291 0.0
387585.7366184041 6536352.3039407497 0.0
387504.7072981434 6536295.6406211769 0.0
387430.4068317218 6536228.7119973339 0.0
387374.0380081510 6536311.1305608507 0.0
387317.6837172669 6536393.7392400857 0.0
387261.3283697166 6536476.3471985552 0.0
387204.9730221662 6536558.9551570248 0.0
387148.6176746159 6536641.5631154943 0.0
387092.2623270656 6536724.1710739639 0.0
387035.9069795153 6536806.7790324315 0.0
386979.5516319650 6536889.3869909020 0.0
386923.1962844146 6536971.9949493716 0.0
386866.8409368643 6537054.6029078411 0.0
386810.4855893140 6537137.2108663106 0.0
386754.1302417637 6537219.8188247802 0.0
386697.7748942134 6537302.4267832497 0.0
386641.4195466630 6537385.0347417183 0.0
386585.0641991127 6537467.6427001879 0.0
386528.7088515623 6537550.2506586574 0.0
386472.3535040120 6537632.8586171269 0.0
386415.9981564617 6537715.4665755956 0.0
386359.6428089114 6537798.0745340660 0.0
386303.2874613610 6537880.6824925356 0.0
386246.9321138107 6537963.2904510042 0.0
386190.5767662604 6538045.8984094737 0.0
386134.2214187101 6538128.5063679432 0.0
386077.8660711598 6538211.1143264128 0.0
386021.5107236094 6538293.7222848823 0.0
385965.1553760591 6538376.3302433519 0.0
385908.8000285088 6538458.9382018195 0.0
385858.6701966167 6538545.3111616494 0.0
385811.6820111820 6538633.5840931144 0.0
385764.6938257473 6538721.8570245802 0.0
385717.7056403125 6538810.1299560461 0.0
385670.7174548778 6538898.4028875120 0.0
385623.7292694431 6538986.6758189779 0.0
385593.4919816812 6539081.8697178978 0.0
385564.4697632955 6539177.5656469651 0.0
385535.4475449098 6539273.2615760323 0.0
385506.4253265241 6539368.9575050985 0.0
385477.4031081384 6539464.6534341658 0.0
385448.3808897526 6539560.3493632330 0.0
385419.3586713669 6539656.0452922992 0.0
385390.3364529812 6539751.7412213665 0.0
385364.7194305047 6539848.2669755528 0.0
385346.4613916057 6539946.5860683862 0.0
385328.2033527068 6540044.9051612187 0.0
385309.9453138079 6540143.2242540522 0.0
385291.6872749089 6540241.5433468856 0.0
385273.4292360101 6540339.8624397190 0.0
385261.0508634790 6540439.0023522396 0.0
385251.6843144137 6540538.5627246704 0.0
385242.3177653483 6540638.1230971012 0.0
385232.9512162830 6540737.6834695330 0.0
385223.5846672176 6540837.2438419638 0.0
385214.2181181522 6540936.8042143947 0.0
385204.8515690869 6541036.3645868246 0.0
385195.4850200216 6541135.9249592572 0.0
385186.1184709562 6541235.4853316881 0.0
385176.7519218908 6541335.0457041189 0.0
385167.3853728255 6541434.6060765497 0.0
385158.0188237601 6541534.1664489806 0.0
385150.9405668692 6541633.9028215893 0.0
385144.9719746981 6541733.7245422089 0.0
385139.0033825270 6541833.5462628286 0.0
385133.0347903559 6541933.3679834483 0.0
385127.0661981849 6542033.1897040680 0.0
385121.0976060138 6542133.0114246877 0.0
385115.1290138427 6542232.8331453074 0.0
385109.1604216716 6542332.6548659280 0.0
385103.1918295006 6542432.4765865477 0.0
385097.2232373295 6542532.2983071674 0.0
385091.2546451584 6542632.1200277871 0.0
385085.2860529874 6542731.9417484067 0.0
385079.3174608163 6542831.7634690264 0.0
385073.3488686452 6542931.5851896461 0.0
385067.3802764742 6543031.4069102658 0.0
385061.4116843031 6543131.2286308846 0.0
385055.4430921320 6543231.0503515061 0.0
385049.4744999609 6543330.8720721258 0.0
385043.5059077899 6543430.6937927445 0.0
385037.5373156188 6543530.5155133652 0.0
385031.5687234477 6543630.3372339848 0.0
385025.6001312766 6543730.1589546055 0.0
385019.6315391056 6543829.9806752242 0.0
385013.6629469345 6543929.8023958439 0.0
385007.6943547634 6544029.6241164654 0.0
385001.7257625923 6544129.4458370842 0.0
384995.7571704212 6544229.2675577039 0.0
384989.7885782502 6544329.0892783236 0.0
384983.8199860791 6544428.9109989433 0.0
384977.8513939080 6544528.7327195629 0.0
384971.8828017369 6544628.5544401826 0.0
384965.9142095659 6544728.3761608023 0.0
384959.9456173948 6544828.1978814220 0.0
384953.9770252237 6544928.0196020426 0.0
384948.0084330526 6545027.8413226623 0.0
384945.4691577883 6545127.7890799632 0.0
384944.0941081424 6545227.7796257092 0.0
384942.7190584965 6545327.7701714542 0.0
384941.3440088507 6545427.7607172001 0.0
384939.9689592048 6545527.7512629451 0.0
384938.5939095589 6545627.7418086911 0.0
384937.2188599131 6545727.7323544361 0.0
384935.8438102672 6545827.7229001820 0.0
384934.4687606213 6545927.7134459270 0.0
384933.0937109754 6546027.7039916730 0.0
384931.7186613295 6546127.6945374180 0.0
384930.3436116837 6546227.6850831630 0.0
384928.9685620378 6546327.6756289089 0.0
384927.5935123919 6546427.6661746539 0.0
384926.2184627461 6546527.6567203999 0.0
384924.8434131002 6546627.6472661449 0.0
384923.4683634543 6546727.6378118908 0.0
384922.0933138084 6546827.6283576358 0.0
384920.7182641625 6546927.6189033817 0.0
384922.8517311527 6547013.5447617574 0.0
384968.6017360349 6546924.6238021739 0.0
385014.3517409170 6546835.7028425904 0.0
385060.1017457992 6546746.7818830069 0.0
385105.8517506813 6546657.8609234234 0.0
385157.5044506838 6546573.0438484643 0.0
385224.9249935498 6546499.1894620024 0.0
385294.8705113077 6546427.8846336771 0.0
385369.3746448666 6546361.1828039978 0.0
385443.8787784255 6546294.4809743185 0.0
385518.3829119845 6546227.7791446382 0.0
385592.8870455433 6546161.0773149580 0.0
385667.3911791023 6546094.3754852777 0.0
385741.8953126612 6546027.6736555984 0.0
385816.3994462201 6545960.9718259182 0.0
385847.6403984639 6545872.6138077639 0.0
385856.3899861673 6545772.9973195959 0.0
385865.1395738706 6545673.3808314269 0.0
385873.8891615740 6545573.7643432589 0.0
385882.6387492773 6545474.1478550900 0.0
385891.3883369807 6545374.5313669220 0.0
385900.1379246840 6545274.9148787530 0.0
385908.8875123874 6545175.2983905850 0.0
385917.6371000908 6545075.6819024161 0.0
385924.1357830457 6544976.0006888295 0.0
385921.1249216247 6544876.0460255388 0.0
385918.1140602038 6544776.0913622482 0.0
385915.1031987828 6544676.1366989585 0.0
385912.0923373618 6544576.1820356678 0.0
385909.0814759409 6544476.2273723772 0.0
385906.0706145199 6544376.2727090865 0.0
385903.1446241428 6544276.3181598838 0.0
385906.4242006541 6544176.3719524620 0.0
385909.7037771653 6544076.4257450411 0.0
385912.9833536766 6543976.4795376193 0.0
385916.2629301879 6543876.5333301984 0.0
385919.5425066992 6543776.5871227765 0.0
385922.8220832105 6543676.6409153556 0.0
385926.1016597218 6543576.6947079347 0.0
385929.3812362330 6543476.7485005129 0.0
385932.6608127443 6543376.8022930920 0.0
385935.9403892556 6543276.8560856702 0.0
385939.2199657668 6543176.9098782493 0.0
385942.4995422781 6543076.9636708274 0.0
385945.7791187894 6542977.0174634065 0.0
385949.0586953007 6542877.0712559847 0.0
385952.3382718120 6542777.1250485638 0.0
385955.6178483233 6542677.1788411420 0.0
385958.8974248345 6542577.2326337211 0.0
385962.1770013458 6542477.2864263002 0.0
385965.4565778571 6542377.3402188784 0.0
385968.7361543683 6542277.3940114575 0.0
385972.0157308796 6542177.4478040356 0.0
385975.2953073909 6542077.5015966147 0.0
385978.5748839022 6541977.5553891929 0.0
385981.8544604135 6541877.6091817720 0.0
385985.1340369247 6541777.6629743502 0.0
385988.4136134360 6541677.7167669293 0.0
385991.6931899473 6541577.7705595074 0.0
385994.9727664586 6541477.8243520875 0.0
385998.2523429698 6541377.8781446656 0.0
386002.6071866325 6541278.0095071746 0.0
386013.7071794539 6541178.6274657426 0.0
386024.8071722753 6541079.2454243097 0.0
386035.9071650967 6540979.8633828769 0.0
386047.0071579181 6540880.4813414440 0.0
386058.1071507395 6540781.0993000111 0.0
386069.2071435609 6540681.7172585782 0.0
386086.8620215267 6540583.4529338675 0.0
386109.3242371311 6540486.0083400188 0.0
386131.7864527355 6540388.5637461711 0.0
386154.2486683399 6540291.1191523233 0.0
386176.7108839442 6540193.6745584756 0.0
386199.1730995486 6540096.2299646279 0.0
386228.8365026531 6540000.9761429774 0.0
386264.4472780875 6539907.5316531826 0.0
386300.0580535219 6539814.0871633878 0.0
386335.6688289563 6539720.6426735930 0.0
386371.2796043906 6539627.1981837992 0.0
386406.8903798250 6539533.7536940044 0.0
386442.5011552594 6539440.3092042096 0.0
386478.1119306937 6539346.8647144148 0.0
386513.7227061281 6539253.4202246210 0.0
386549.3334815625 6539159.9757348262 0.0
386585.9878261947 6539066.9872680251 0.0
386630.3696588821 6538977.3755895048 0.0
386674.7514915696 6538887.7639109837 0.0
386719.1333242570 6538798.1522324625 0.0
386763.5151569445 6538708.5405539423 0.0
386807.8969896319 6538618.9288754212 0.0
386852.2788223193 6538529.3171969010 0.0
386902.9135934823 6538443.1350752534 0.0
386954.6255603158 6538357.5437644431 0.0
387006.3375271492 6538271.9524536328 0.0
387058.0494939827 6538186.3611428225 0.0
387109.7614608161 6538100.7698320122 0.0
387161.4734276496 6538015.1785212019 0.0
387213.1853944830 6537929.5872103916 0.0
387288.2013535327 6537863.9959772807 0.0
387364.9568361870 6537799.8976474861 0.0
387441.7123188414 6537735.7993176905 0.0
387518.4678014957 6537671.7009878960 0.0
387595.2232841500 6537607.6026581014 0.0
387671.9770525963 6537543.5022756839 0.0
387748.7300553903 6537479.4009764604 0.0
387832.3992147679 6537426.8270900231 0.0
387927.0863949899 6537398.7917269226 0.0
388027.0397109584 6537395.7364647565 0.0
388127.0148394720 6537394.3127555978 0.0
388227.0141096289 6537394.6948132981 0.0
388327.0133797858 6537395.0768709984 0.0
388427.0126499427 6537395.4589286977 0.0
388527.0119200996 6537395.8409863980 0.0
388627.0112005306 6537396.2203453518 0.0
388640.6377158934 6537308.9739127960 0.0
388641.6985799666 6537208.9795401171 0.0
388642.7594440397 6537108.9851674382 0.0
388643.8203081128 6537008.9907947602 0.0
388644.8811721859 6536908.9964220813 0.0
388645.9420362590 6536809.0020494023 0.0
388647.0029003322 6536709.0076767234 0.0
379065.6507472079 6527229.4729377506 0.0
378106.9515998868 6529528.0034960378 0.0
377785.7871412625 6530096.0408704709 0.0
377467.1415206144 6530708.5195602281 0.0
377197.2970955918 6531296.0932476847 0.0
376977.2232455328 6531760.1090158680 0.0
375411.0710024818 6534604.6248054840 0.0
375012.2897689042 6535673.1312741721 0.0
374329.8330129352 6536799.6383135784 0.0
373610.8117475415 6538134.2202251013 0.0
372790.0393456396 6539389.6279703714 0.0
372457.9631518577 6539874.2700520232 0.0
372092.6975977828 6540396.7715014089 0.0
371156.0232501278 6541417.2011890607 0.0
378850.7498221410 6527883.8911579764 0.0
378644.6582700499 6528339.4416734586 0.0
378438.5667179588 6528794.9921889426 0.0
378232.4751658678 6529250.5427044248 0.0
377983.9082931171 6529745.6278160466 0.0
377670.4042944466 6530317.8218404856 0.0
377362.8053851127 6530935.7066435507 0.0
377090.1654268423 6531521.9755301923 0.0
376856.6449425882 6531979.1087255916 0.0
376736.0666396436 6532198.1084353151 0.0
376615.4883366990 6532417.1081450386 0.0
376494.9100337544 6532636.1078547621 0.0
376374.3317308098 6532855.1075644856 0.0
376253.7534278652 6533074.1072742091 0.0
376133.1751249205 6533293.1069839327 0.0
376012.5968219759 6533512.1066936562 0.0
375892.0185190313 6533731.1064033797 0.0
375771.4402160867 6533950.1061131032 0.0
375650.8619131420 6534169.1058228267 0.0
375323.6570580390 6534838.8443655483 0.0
375236.2431135962 6535073.0639256136 0.0
375148.8291691535 6535307.2834856780 0.0
374882.7524873971 6535886.9538471149 0.0
374753.2152058900 6536100.7764200568 0.0
374623.6779243830 6536314.5989929996 0.0
374494.1406428759 6536528.4215659415 0.0
374211.2568919613 6537019.7285303865 0.0
374092.6807709874 6537239.8187471954 0.0
373974.1046500134 6537459.9089640034 0.0
373855.5285290395 6537679.9991808124 0.0
373736.9524080656 6537900.0893976204 0.0
373474.0077113524 6538343.4680582620 0.0
373337.2036751634 6538552.7158914227 0.0
373200.3996389743 6538761.9637245834 0.0
373063.5956027853 6538971.2115577431 0.0
372648.7295687390 6539595.8597500566 0.0
372314.7253600244 6540079.1674287533 0.0
371923.6408974488 6540580.9448764455 0.0
371754.5841971147 6540765.1182514811 0.0
371585.5274967807 6540949.2916265167 0.0
371416.4707964466 6541133.4650015533 0.0
371003.8694594558 6541615.5675773025 0.0
370851.7156687837 6541813.9339655442 0.0
370699.5618781117 6542012.3003537860 0.0
370547.4080874396 6542210.6667420287 0.0
370190.4274731277 6542655.3241924439 0.0
388745.4936650225 6527437.4526547771 0.0
388266.3088233058 6528433.0100600384 0.0
387679.4029679766 6529428.0268033585 0.0
387437.6081333249 6529775.0336291669 0.0
387037.9898862141 6530348.0374455936 0.0
386164.7003299822 6531434.5570124406 0.0
385628.7585511098 6532003.5178177599 0.0
385410.6193557881 6532235.0715194140 0.0
383443.0992283440 6534539.5998813882 0.0
382480.6063097906 6535709.1999283973 0.0
381931.6440307784 6536376.1261191396 0.0
380975.4995459341 6537684.6228022706 0.0
380924.7702642345 6537767.7520589866 0.0
378477.8315191921 6541775.6881531356 0.0
377342.8851751123 6543902.6785251955 0.0
376979.7185323903 6544659.6909351461 0.0
376196.1331212430 6546292.6809971444 0.0
375654.3478365935 6547496.1795100328 0.0
375550.3505527308 6547752.1512410752 0.0
388641.4289002073 6527664.7641694956 0.0
388537.3641353921 6527892.0756842159 0.0
388139.2963339792 6528648.3419609610 0.0
388012.2838446525 6528863.6738618854 0.0
387885.2713553259 6529079.0057628071 0.0
387294.5992889704 6529980.0908661429 0.0
386881.3710259801 6530542.8977355938 0.0
386724.7521657461 6530737.7580255941 0.0
386568.1333055120 6530932.6183155943 0.0
386411.5144452780 6531127.4786055936 0.0
385993.2829741609 6531616.5352807129 0.0
385821.8656183397 6531798.5135489842 0.0
385248.2923158215 6532425.2028742600 0.0
385085.9652758550 6532615.3342291070 0.0
384923.6382358884 6532805.4655839531 0.0
384761.3111959218 6532995.5969387991 0.0
384598.9841559552 6533185.7282936452 0.0
384436.6571159887 6533375.8596484922 0.0
384274.3300760221 6533565.9910033382 0.0
384112.0030360555 6533756.1223581843 0.0
383949.6759960889 6533946.2537130304 0.0
383787.3489561224 6534136.3850678774 0.0
383625.0219161558 6534326.5164227234 0.0
383284.2419693165 6534732.6396991834 0.0
383125.3847102890 6534925.6795169776 0.0
382966.5274512614 6535118.7193347728 0.0
382807.6701922339 6535311.7591525679 0.0
382648.8129332063 6535504.7989703622 0.0
382321.7262467250 6535902.2209779238 0.0
382162.8461836593 6536095.2420274504 0.0
381784.1463827507 6536577.9786490379 0.0
381636.6487347229 6536779.8311789362 0.0
381489.1510866951 6536981.6837088345 0.0
381341.6534386673 6537183.5362387318 0.0
381194.1557906395 6537385.3887686301 0.0
380794.4990799081 6537981.1282960288 0.0
380664.2278955816 6538194.5045330701 0.0
380533.9567112552 6538407.8807701124 0.0
380403.6855269288 6538621.2570071546 0.0
380273.4143426024 6538834.6332441969 0.0
380143.1431582760 6539048.0094812382 0.0
380012.8719739496 6539261.3857182804 0.0
379882.6007896232 6539474.7619553227 0.0
379752.3296052968 6539688.1381923640 0.0
379622.0584209703 6539901.5144294063 0.0
379491.7872366440 6540114.8906664494 0.0
379361.5160523175 6540328.2669034908 0.0
379231.2448679911 6540541.6431405321 0.0
379100.9736836647 6540755.0193775743 0.0
378970.7024993383 6540968.3956146166 0.0
378840.4313150119 6541181.7718516579 0.0
378710.1601306855 6541395.1480887001 0.0
378360.1399398387 6541996.2526383754 0.0
378242.4483604853 6542216.8171236161 0.0
378124.7567811318 6542437.3816088559 0.0
378007.0652017784 6542657.9460940966 0.0
377889.3736224250 6542878.5105793364 0.0
377771.6820430715 6543099.0750645772 0.0
377653.9904637181 6543319.6395498170 0.0
377536.2988843647 6543540.2040350577 0.0
377234.7506443349 6544128.0824365485 0.0
377126.6161135574 6544353.4863479026 0.0
376871.5637908186 6544885.0851495247 0.0
376763.4090492470 6545110.4793639043 0.0
376655.2543076753 6545335.8735782830 0.0
376547.0995661037 6545561.2677926626 0.0
376438.9448245321 6545786.6620070413 0.0
376330.7900829605 6546012.0562214209 0.0
376093.5087233490 6546520.6464176737 0.0
375990.8843254550 6546748.6118382020 0.0
375888.2599275610 6546976.5772587312 0.0
375785.6355296671 6547204.5426792596 0.0
378440.3158591132 6538701.4073318047 0.0
378466.9664278779 6538659.7758057816 0.0
378493.1140001407 6538616.7345666979 0.0
378520.6633659347 6538571.1638424899 0.0
378549.4743459074 6538530.4221353456 0.0
378573.0821981268 6538497.2988774898 0.0
378608.3744117098 6538449.0586966369 0.0
378629.4425438875 6538420.2445616722 0.0
378653.5616384562 6538388.0111226952 0.0
378678.1919753645 6538355.0078404164 0.0
378693.2818704279 6538332.4024416804 0.0
378704.4632352923 6538312.8664181828 0.0
378736.3169318116 6538254.5982784927 0.0
378753.2044209277 6538229.4633946270 0.0
378785.0663632855 6538184.5325401714 0.0
378823.1456722459 6538130.7134948839 0.0
378849.1695568433 6538096.1905219350 0.0
378882.8043557284 6538053.6691770321 0.0
378904.8949725982 6538024.3551438162 0.0
378930.2839271858 6537991.6018106639 0.0
378967.7365519771 6537946.5509806275 0.0
378994.6427419168 6537913.7976474743 0.0
379019.6523876639 6537882.8339500464 0.0
379047.5810622954 6537846.6613128800 0.0
379063.9573090671 6537823.8159629870 0.0
379073.0937045498 6537811.3784945980 0.0
379085.9159924306 6537796.9014413608 0.0
379086.5839058168 6537794.1819948955 0.0
379101.4264255493 6537774.8659266233 0.0
379115.6999820270 6537756.8195999023 0.0
379138.1946452679 6537734.7440933064 0.0
379143.6698858781 6537728.9452736406 0.0
379148.6916050552 6537723.6363542546 0.0
379208.2266008722 6537657.6197917350 0.0
379237.3179395479 6537626.9460352911 0.0
379279.3387620800 6537580.9553965516 0.0
379319.2568943166 6537535.0147476383 0.0
379350.4509232902 6537498.5321735591 0.0
379372.4425900260 6537473.9971675910 0.0
379384.9680275152 6537463.3793288190 0.0
379396.0999173151 6537453.1514106831 0.0
379414.1995455424 6537437.6645629853 0.0
379426.9806042002 6537426.9167506713 0.0
379444.6926777516 6537411.1899518166 0.0
379463.7982989837 6537393.0236495156 0.0
379482.5163655372 6537374.9973187223 0.0
379504.1369692788 6537352.7618446853 0.0
379515.7636097377 6537339.4745492795 0.0
379532.7005739216 6537320.0585013609 0.0
379548.6315451023 6537303.5718571674 0.0
379562.2866632542 6537288.6149016134 0.0
379579.7266239423 6537269.1988536911 0.0
379589.6216370952 6537258.0111309215 0.0
379606.9956310276 6537240.4747004118 0.0
379612.3471839760 6537235.1957749203 0.0
379630.4220746743 6537215.2698307876 0.0
379647.7383476918 6537195.8437849041 0.0
379659.3649881519 6537182.4365139166 0.0
379670.1010774273 6537170.5489335982 0.0
379682.1070267209 6537157.1316646431 0.0
379700.1819174180 6537137.0757469703 0.0
379711.1818737123 6537125.1881666519 0.0
379726.2222937050 6537108.0716506699 0.0
379740.6195378456 6537090.0653158063 0.0
379758.6861826994 6537068.4797094967 0.0
379770.0572019833 6537054.6825178731 0.0
379785.4686849723 6537035.6563905869 0.0
379802.0098486295 6537013.6908616070 0.0
379813.2489344071 6536999.5137473159 0.0
379827.2668697081 6536981.2574633304 0.0
379841.2683133228 6536960.8316209503 0.0
379857.1663011279 6536937.0964521766 0.0
379865.8739127028 6536923.9491282757 0.0
379877.2201944533 6536905.4528931323 0.0
379890.4630203955 6536884.9070751714 0.0
379905.0993940195 6536863.4614403704 0.0
379917.5918481305 6536845.4651034744 0.0
379927.3136985542 6536832.3177795727 0.0
379943.5909951963 6536808.3226637077 0.0
379956.2153828102 6536791.5960683599 0.0
379968.0811527522 6536774.9994465532 0.0
379977.6710696694 6536762.2320453199 0.0
379989.4049061041 6536744.6256290535 0.0
379999.1185106856 6536730.1985656414 0.0
380009.8381082672 6536713.1020455891 0.0
380016.6409298148 6536700.9845120776 0.0
380025.4639832089 6536686.6974201743 0.0
380029.6281345776 6536680.4386941204 0.0
380051.2652300117 6536643.8361444622 0.0
380099.9322030491 6536566.3419181891 0.0
380151.0399459923 6536485.5583614456 0.0
380182.9761009519 6536435.9784532944 0.0
385479.9607209787 6531544.5573537657 0.0
385247.0680718772 6531102.5635260809 0.0
385074.2149004914 6530890.0534905558 0.0
384918.9322844289 6530656.8363265311 0.0
384752.3377958023 6530520.1598664448 0.0
384622.0256400648 6530423.9991219584 0.0
384374.5232885049 6530293.1346261399 0.0
384331.9344820683 6530272.1560674533 0.0
384143.2650097845 6530268.5885460395 0.0
383880.9360169410 6530297.6177334730 0.0
383625.5527543374 6530354.1960778553 0.0
383399.7151991307 6530430.1299887113 0.0
382968.6108390373 6530705.2935288083 0.0
382457.5317476455 6531062.5336084822 0.0
382238.6223735745 6531203.5718604652 0.0
381875.1773018150 6531385.0631473381 0.0
381155.8675226768 6531853.0791305136 0.0
381044.6179307165 6531907.0807295721 0.0
380921.8371591375 6531990.0726408977 0.0
379167.2397441274 6533032.5852772221 0.0
379018.0420987211 6533057.0855243709 0.0
378399.5586894766 6533388.0981681589 0.0
377962.7092993662 6533510.6120250467 0.0
377942.5942031126 6533561.1125139389 0.0
377888.7714177991 6533617.1165305404 0.0
377504.7419452785 6534410.1301810937 0.0
377405.2761642616 6534458.7446257845 0.0
376679.0824063327 6534813.6340786219 0.0
376343.5608152291 6534931.1271294598 0.0
383188.9825505179 6530564.6355678104 0.0
382763.7058496806 6530848.5204303898 0.0
381665.6282686636 6531521.4053737586 0.0
381456.0792355122 6531657.7476001792 0.0
380706.9122221844 6532117.7725683674 0.0
380491.9872852312 6532245.4724958362 0.0
380277.0623482781 6532373.1724233059 0.0
380062.1374113250 6532500.8723507756 0.0
379847.2124743719 6532628.5722782454 0.0
379632.2875374188 6532756.2722057141 0.0
379417.3626004657 6532883.9721331839 0.0
378797.6249862924 6533175.0528781116 0.0
377779.8091871173 6533842.1214911183 0.0
377670.8469564355 6534067.1264516972 0.0
377180.6631605752 6534568.5125563229 0.0
376956.0501568887 6534678.2804868631 0.0
376125.1894670091 6535052.8397182766 0.0
375906.8181187892 6535174.5523070944 0.0
375688.4467705692 6535296.2648959113 0.0
375470.0754223492 6535417.9774847291 0.0
375251.7040741292 6535539.6900735460 0.0
370136.5875153692 6530281.6591945207 0.0
371585.4437833323 6527592.2601827299 0.0
371804.2216628033 6527142.9977555266 0.0
370259.5306899851 6530063.9782908671 0.0
370382.4738646010 6529846.2973872134 0.0
370505.4170392168 6529628.6164835608 0.0
370628.3602138327 6529410.9355799071 0.0
370751.3033884486 6529193.2546762535 0.0
370874.2465630645 6528975.5737725999 0.0
370997.1897376803 6528757.8928689463 0.0
371255.9382833960 6528268.8155230833 0.0
371365.4042235187 6528044.0551886084 0.0
371474.8701636415 6527819.2948541343 0.0
$EndNodes
$Elements
9 13734 1 13734
1 1 1 110
1 6760 6761
2 6719 6720
3 6664 6665
4 6696 6697
5 6701 6702
6 6756 6757
7 6687 6688
8 6697 6698
9 6734 6735
10 6668 6669
11 6693 6694
12 6665 6666
13 6675 6676
14 6730 6731
15 6725 6726
16 6767 6768
17 6661 6662
18 6726 6727
19 6671 6672
20 6666 6667
21 6763 6764
22 6758 6759
23 6667 6668
24 6662 6663
25 6759 6760
26 6699 6700
27 6695 6696
28 6750 6751
29 6732 6733
30 6691 6692
31 6728 6729
32 6673 6674
33 6738 6739
34 6724 6725
35 6669 6670
36 6706 6707
37 6761 6762
38 6685 6687
39 6702 6703
40 6757 6758
41 6762 6763
42 6729 6730
43 6739 6740
44 6698 6699
45 6686 6688
46 6670 6671
47 6680 6681
48 6735 6736
49 6731 6732
50 6676 6677
51 6703 6704
52 6736 6737
53 6713 6714
54 6672 6673
55 6709 6710
56 6687 6689
57 6704 6705
58 6746 6747
59 6765 6782
60 6705 6706
61 6700 6701
62 6677 6678
63 6742 6743
64 6737 6738
65 6766 6783
66 6678 6679
67 6733 6734
68 6710 6711
69 6743 6744
70 6674 6675
71 6766 6767
72 6711 6712
73 6592 6593
74 6707 6708
75 6717 6718
76 6684 6685
77 6744 6745
78 6571 6591
79 6685 6686
80 6740 6741
81 6681 6682
82 6708 6709
83 6718 6719
84 6714 6715
85 6741 6742
86 6751 6752
87 6682 6683
88 6692 6693
89 6747 6748
90 6591 6592
91 6764 6782
92 6688 6689
93 6683 6684
94 6715 6716
95 6720 6721
96 6679 6680
97 6721 6722
98 6716 6717
99 6748 6749
100 6765 6783
101 6712 6713
102 6689 6690
103 6694 6695
104 6690 6691
105 6745 6746
106 6722 6723
107 6727 6728
108 6686 6687
109 6663 6664
110 6723 6724
2 2 2 2
111 2038 6588 5463
112 2102 5462 6588
2 3 2 4242
113 4283 4282 646
114 4286 4283 646
115 4282 4281 646
116 4279 4278 646
117 5371 5874 5895
118 3818 3819 2456
119 3819 3820 2456
120 4284 4286 4285
121 4284 4283 4286
122 4280 4279 646
123 4281 4280 646
124 4278 4277 646
125 645 3204 646
126 4275 645 4276
127 645 4277 4276
128 4277 645 646
129 3813 2456 3812
130 3813 3814 2456
131 3815 3816 2456
132 3814 3815 2456
133 3816 3817 2456
134 3817 3818 2456
135 3825 3826 2456
136 3824 3825 2456
137 3822 3823 2456
138 3823 3824 2456
139 3821 3822 2456
140 3820 3821 2456
141 3826 3827 2456
142 3827 3828 2456
143 3831 3832 4545
144 3835 4542 3834
145 5369 5876 5897
146 3204 5873 646
147 645 4274 4273
148 4274 645 4275
149 609 6017 3001
150 754 5266 755
151 6767 843 6766
152 844 6767 6766
153 4540 3836 3837
154 3839 3838 5159
155 4547 3829 3830
156 3833 4544 3832
157 3836 4541 3835
158 4538 3838 3839
159 3840 4537 3839
160 3840 3640 3841
161 3849 895 3850
162 4527 3849 3850
163 2555 4184 714
164 2556 4183 714
165 4184 2556 714
166 2557 4182 714
167 2558 723 714
168 4182 2558 714
169 723 2558 4181
170 722 723 4181
171 5877 5878 4286
172 5877 5898 5878
173 5877 4286 646
174 5875 5896 5370
175 3203 5874 646
176 5873 3203 646
177 5874 3203 5895
178 3203 5873 5895
179 2604 5735 3341
180 2519 677 668
181 4221 2519 668
182 5894 5372 3204
183 5871 5374 5893
184 652 3210 653
185 3821 931 3822
186 931 3823 3822
187 931 3821 3820
188 3823 931 3824
189 931 3820 3819
190 926 3829 3828
191 3827 926 3828
192 926 3827 3826
193 3825 926 3826
194 926 3825 3824
195 931 926 3824
196 3901 2213 400
197 839 3881 838
198 6018 609 3001
199 6018 3000 609
200 3003 6016 609
201 727 4436 3963
202 727 4439 737
203 743 744 3948
204 3377 5699 1428
205 5699 3377 824
206 837 5696 823
207 3866 3865 864
208 3865 3864 864
209 3831 920 3832
210 920 3833 3832
211 3833 920 3834
212 920 3831 3830
213 3829 920 3830
214 926 920 3829
215 3836 914 3837
216 914 3836 3835
217 914 3835 3834
218 920 914 3834
219 895 3853 3852
220 3853 895 3854
221 3853 4524 3852
222 4523 3853 3854
223 3851 895 3852
224 895 3851 3850
225 3851 4526 3850
226 4525 3851 3852
227 895 885 3854
228 3844 3845 4532
229 3640 5161 3841
230 3831 4546 3830
231 4543 3833 3834
232 3838 4539 3837
233 4536 3840 3841
234 3842 4535 3841
235 3849 904 895
236 3848 3849 4528
237 3848 4529 3847
238 904 3848 3847
239 3848 904 3849
240 631 630 3175
241 1455 6027 2992
242 6027 623 2992
243 623 6027 1455
244 630 634 3175
245 2554 4185 714
246 4185 2555 714
247 5775 733 732
248 5876 3200 646
249 3200 5876 5369
250 3201 5876 646
251 5875 3201 646
252 5876 3201 5897
253 3201 5370 5897
254 3201 5875 5370
255 5875 3202 5896
256 5371 3202 5874
257 5896 3202 5371
258 5874 3202 646
259 3202 5875 646
260 5871 3205 653
261 3206 5871 653
262 3206 5374 5871
263 2604 4135 5735
264 4135 772 3342
265 772 4135 2605
266 4272 4271 644
267 645 4272 644
268 4272 645 4273
269 4269 4268 644
270 4268 4267 644
271 706 4190 2550
272 4190 706 2549
273 706 2551 715
274 715 2551 714
275 4225 2515 668
276 2513 4226 668
277 4227 2513 668
278 2516 4223 668
279 2518 4221 668
280 4222 2518 668
281 4223 2517 668
282 2517 4222 668
283 5079 5071 5080
284 736 4441 3958
285 4440 736 737
286 2303 3783 3784
287 3813 2322 3814
288 3818 940 3819
289 940 931 3819
290 3817 940 3818
291 940 3817 3816
292 3815 940 3816
293 2372 806 805
294 2213 802 3902
295 3901 802 2213
296 802 3901 2214
297 806 3564 795
298 922 3653 921
299 5147 3653 922
300 3871 3870 851
301 3870 3871 2244
302 838 2239 851
303 2239 3875 851
304 2359 3582 2387
305 3582 2359 829
306 884 894 3414
307 3034 1457 5985
308 1457 3033 5985
309 3198 6098 3197
310 638 3198 3197
311 6097 3198 6503
312 3096 6441 597
313 6441 596 597
314 582 3089 6448
315 6017 1453 3001
316 1453 6018 3001
317 3002 6017 609
318 4437 3963 1209
319 4437 727 3963
320 727 3961 4439
321 4035 763 5269
322 736 3954 735
323 3532 763 5266
324 3533 5266 754
325 5265 3533 754
326 3533 3532 5266
327 5268 763 3531
328 832 4082 2658
329 4082 832 2657
330 4083 832 2656
331 832 4083 2657
332 5246 776 786
333 5246 3552 776
334 3378 824 823
335 3378 5699 824
336 863 862 6243
337 837 836 5691
338 5312 843 6767
339 830 5310 6767
340 858 6765 870
341 858 844 6766
342 6233 860 4312
343 4303 862 848
344 4296 873 6248
345 3864 2251 3863
346 3650 920 921
347 3650 921 5150
348 5158 3838 3837
349 4764 4570 4763
350 1258 4764 4763
351 4764 1258 1254
352 2445 4769 1254
353 1256 2434 1251
354 4743 1256 4590
355 4762 1258 4763
356 1258 4762 4761
357 4571 4762 4763
358 4762 4572 4761
359 874 3862 3861
360 3862 874 3863
361 3864 874 864
362 874 3864 3863
363 5161 3639 3841
364 3639 3842 3841
365 5160 3840 3839
366 3840 5160 3640
367 5160 3635 3640
368 3635 5160 1300
369 3829 4548 3828
370 4533 3843 3844
371 3843 3842 3638
372 3846 904 3847
373 3845 3846 4531
374 4530 3846 3847
375 3167 3168 2973
376 628 2876 616
377 2991 623 1455
378 624 2986 6033
379 742 5775 732
380 3296 734 733
381 4287 5877 646
382 3200 4287 646
383 5872 5894 3204
384 3205 5872 653
385 5872 645 653
386 645 5872 3204
387 5872 5373 5894
388 5375 5870 3207
389 3207 5870 653
390 739 4010 729
391 722 4175 732
392 2566 731 732
393 4135 527 2605
394 4271 4270 644
395 4270 4269 644
396 643 4266 4265
397 4266 643 4267
398 4267 643 644
399 5407 1282 5054
400 706 4191 2549
401 4188 2552 714
402 2551 4188 714
403 4189 706 2550
404 4189 2551 706
405 2552 4187 714
406 4187 2553 714
407 4186 2554 714
408 2553 4186 714
409 669 2512 668
410 2512 4227 668
411 2515 4224 668
412 4224 2516 668
413 4228 661 2511
414 661 2512 669
415 4226 2514 668
416 2514 4225 668
417 434 2514 4226
418 2516 434 4223
419 5079 5077 5913
420 5077 5911 5913
421 5081 1278 5082
422 5869 5375 3207
423 5869 3207 653
424 5401 5059 1277
425 1282 5059 5402
426 5850 675 674
427 5060 3225 5401
428 4439 3960 737
429 3960 4440 737
430 3960 4439 1209
431 4440 3960 1209
432 3785 2302 3784
433 3808 940 3815
434 6593 928 933
435 928 6593 929
436 6592 6593 933
437 934 6593 943
438 6593 6592 943
439 792 3903 803
440 5148 3652 921
441 3653 5148 921
442 5148 3653 3652
443 3886 2228 407
444 2229 3886 407
445 3900 2215 802
446 2242 3871 851
447 3873 2242 851
448 2242 3873 2244
449 2233 3881 839
450 2358 829 828
451 3587 2392 2354
452 3587 2354 842
453 842 3584 828
454 3584 2357 828
455 4849 936 3736
456 1816 372 1826
457 5666 3410 884
458 894 5662 3414
459 894 893 5661
460 6426 599 600
461 6478 604 3059
462 6099 3196 3197
463 3196 638 3197
464 3196 3195 638
465 3195 3196 6100
466 583 3092 596
467 6452 1524 3084
468 2991 6028 623
469 3087 6450 595
470 582 3087 595
471 6449 3087 582
472 6447 595 3090
473 6447 582 595
474 4125 2615 780
475 4124 2616 780
476 2616 779 780
477 779 2616 4123
478 787 2629 798
479 779 639 788
480 639 787 788
481 781 5731 772
482 3962 4437 1209
483 727 3962 6537
484 4437 3962 727
485 720 3971 729
486 4423 3976 720
487 4420 3979 721
488 763 2705 4034
489 3955 4445 736
490 4442 736 3958
491 763 5267 3531
492 3532 5267 763
493 3533 5267 3532
494 753 5263 754
495 5263 753 761
496 762 5263 761
497 4452 743 3948
498 2654 4085 833
499 2655 832 833
500 4085 2655 833
501 5246 3513 3552
502 3552 5247 776
503 5247 3551 776
504 801 6752 790
505 3377 5700 824
506 5700 3376 824
507 5676 3400 6243
508 3400 863 6243
509 5315 3483 843
510 3484 5315 843
511 5315 3484 2387
512 5216 5315 2387
513 3483 5315 5216
514 5217 2359 2387
515 3484 5217 2387
516 6783 858 6766
517 858 6783 6765
518 843 6783 6766
519 3482 6783 843
520 880 6761 890
521 6764 6763 880
522 868 6763 6764
523 6765 869 870
524 869 6764 880
525 834 4089 833
526 4089 834 820
527 6236 847 846
528 860 6236 846
529 860 4311 6234
530 4311 860 6233
531 862 4302 6243
532 4296 872 873
533 872 5669 873
534 5670 3406 873
535 5668 884 3409
536 3407 5670 873
537 5669 3407 873
538 3868 3867 864
539 3867 3866 864
540 3869 2246 3868
541 3870 3869 851
542 2245 3869 3870
543 851 3869 864
544 3869 3868 864
545 2250 3864 3865
546 3862 2253 3861
547 3650 5151 920
548 3838 3642 5159
549 5158 3642 3838
550 3642 5158 1300
551 4759 4760 4574
552 4760 1258 4761
553 4573 4760 4761
554 4768 2447 1254
555 4765 4764 1254
556 2447 4765 1254
557 4765 2447 4766
558 2449 4765 4766
559 4765 2449 4568
560 4764 4765 4569
561 1256 4819 4591
562 4743 4819 1256
563 3857 885 3858
564 3857 3856 885
565 2257 3857 3858
566 3855 4522 3854
567 4522 3855 2260
568 885 3855 3854
569 3856 3855 885
570 2259 3855 3856
571 3860 874 3861
572 874 3859 885
573 885 3859 3858
574 3860 3859 874
575 3859 2256 3858
576 3859 3860 2255
577 897 2331 887
578 3641 5160 3839
579 3842 5162 3638
580 3639 5162 3842
581 5164 3845 3844
582 5166 3635 1300
583 3635 5166 904
584 3828 4549 2456
585 3843 4534 3842
586 905 5169 3631
587 5169 1303 3631
588 636 3168 3167
589 2880 3146 561
590 3146 2880 616
591 2990 6029 624
592 2983 629 625
593 624 6034 625
594 3168 3169 2972
595 3169 636 632
596 636 3169 3168
597 781 3347 5730
598 5728 781 790
599 3279 718 717
600 3273 719 718
601 719 3273 5804
602 5775 3301 733
603 3301 5776 733
604 3301 5775 1356
605 5776 3301 1356
606 5777 1356 3299
607 733 5777 3299
608 5770 1366 3306
609 742 5770 3306
610 725 724 3290
611 676 2520 4219
612 4009 730 729
613 750 749 5758
614 4175 2565 732
615 4264 643 4265
616 655 2503 4236
617 2495 4244 648
618 648 2496 4243
619 4244 2496 648
620 4246 2494 648
621 4247 2493 648
622 2495 422 4244
623 2498 4242 426
624 1281 5407 5053
625 1281 1282 5407
626 2548 706 4192
627 661 4229 2511
628 4229 661 2510
629 2521 676 4219
630 2521 4218 676
631 676 2522 4217
632 4218 2522 676
633 5077 5078 5912
634 5078 5077 5079
635 5391 1278 5081
636 1280 5088 5087
637 5088 1280 1284
638 5092 5091 1284
639 5091 5090 1284
640 1280 5955 1284
641 5868 3208 653
642 3208 5869 653
643 5869 3208 5891
644 5865 3211 660
645 3212 5865 660
646 5862 660 667
647 5857 3219 667
648 675 5857 667
649 3225 5851 5401
650 5851 5059 5401
651 5059 5851 5402
652 675 5851 3225
653 4440 6536 736
654 3721 930 929
655 4863 3721 929
656 6592 3794 943
657 3794 6592 2292
658 3786 2301 3785
659 2323 3815 3814
660 2323 3808 3815
661 6593 3725 929
662 2372 3568 806
663 3568 5231 806
664 806 5232 3566
665 2212 802 803
666 3903 2212 803
667 5234 3564 806
668 3565 5234 806
669 5234 3501 3564
670 5299 5233 3566
671 5233 806 3566
672 5233 3565 806
673 3501 5297 3564
674 807 5297 3501
675 5298 5234 3565
676 5234 5298 3501
677 5298 807 3501
678 1301 5114 3687
679 5114 1301 3686
680 5114 912 3687
681 912 5114 3686
682 3699 912 1841
683 912 1843 3697
684 5142 915 916
685 3652 5149 921
686 3857 2258 3856
687 3897 815 802
688 3897 2218 815
689 2218 3897 404
690 2218 3896 815
691 815 3896 814
692 3896 2219 814
693 3896 2218 404
694 2221 3894 404
695 3894 2220 404
696 3894 2221 814
697 2220 3894 814
698 3895 2220 814
699 3893 2221 404
700 2221 3893 814
701 3893 2222 814
702 2335 876 887
703 888 3459 889
704 6761 888 889
705 3459 3458 889
706 2345 854 867
707 3596 2345 867
708 876 3601 866
709 878 6761 879
710 2241 3873 851
711 3872 2243 3871
712 2242 3872 3871
713 3872 2242 2243
714 3882 2232 407
715 2233 3882 407
716 2232 3883 407
717 2357 3583 828
718 3583 2358 828
719 5316 3482 843
720 3586 2355 842
721 842 3585 2356
722 2355 3585 842
723 3585 2355 5213
724 2390 3585 5213
725 3587 5211 2392
726 5215 3583 2357
727 5316 5215 3482
728 2389 5317 3482
729 5317 6783 3482
730 4846 3738 937
731 936 4852 935
732 3737 1815 1274
733 1817 3715 1825
734 3716 4869 1825
735 4870 1816 1826
736 3715 4870 1826
737 4870 3715 1817
738 3411 5666 884
739 5667 1870 3409
740 884 5667 3409
741 3410 5667 884
742 871 6230 859
743 1507 4311 6233
744 3415 894 5661
745 3415 5662 894
746 883 4325 6257
747 6255 883 884
748 1869 3410 5666
749 1839 911 919
750 912 3700 1841
751 1840 3700 912
752 912 5111 3689
753 6431 585 598
754 599 6431 598
755 3106 6431 599
756 586 3106 599
757 6426 586 599
758 587 3113 6424
759 5986 3033 1457
760 3058 603 604
761 3048 1543 6489
762 3048 617 6488
763 6442 583 596
764 3095 6442 596
765 581 6025 2993
766 581 611 2994
767 6025 581 2994
768 581 6026 2992
769 623 581 2992
770 6028 581 623
771 611 581 612
772 581 624 612
773 581 2990 624
774 610 2995 611
775 2997 610 6021
776 610 609 6019
777 611 6024 2994
778 2995 6024 611
779 6024 2995 1454
780 610 6023 2995
781 2998 6020 1454
782 610 2998 6021
783 2998 610 6020
784 3088 582 6448
785 3088 6449 582
786 2614 532 4125
787 2614 4125 780
788 4126 2614 780
789 639 4115 787
790 4119 639 779
791 4128 771 2611
792 771 4129 2611
793 4127 771 2612
794 771 4126 780
795 4132 2608 772
796 2606 4133 772
797 4133 2606 526
798 772 5734 3342
799 727 3965 4435
800 4434 3965 727
801 3965 4434 1210
802 4432 3968 1210
803 3971 4429 729
804 3975 4425 720
805 4424 3975 720
806 3976 4424 720
807 4420 6516 3979
808 6516 4420 1197
809 3980 4420 721
810 3977 720 721
811 4422 3977 721
812 3979 4421 721
813 4445 6534 736
814 1221 4445 3955
815 1221 4442 3958
816 4446 3953 735
817 6793 4038 528
818 2706 763 4034
819 777 5250 3548
820 5250 777 3549
821 5249 777 776
822 777 5249 3549
823 6515 4453 743
824 743 4454 3945
825 3946 4454 743
826 3947 6515 743
827 4452 3947 743
828 537 2694 4046
829 2694 537 4045
830 821 4095 820
831 797 4103 809
832 4103 797 2636
833 809 2638 808
834 4102 2638 809
835 2634 797 4106
836 2634 4105 797
837 539 2634 4106
838 2634 539 4105
839 547 4082 2657
840 4083 547 2657
841 2653 4086 833
842 4086 2654 833
843 3504 5295 807
844 3506 2681 5292
845 2685 4054 5288
846 743 3939 752
847 5240 785 795
848 3558 785 5240
849 5722 3354 791
850 5724 3352 791
851 3354 5724 791
852 3351 5726 790
853 5725 3352 1402
854 5725 5726 3351
855 3352 5725 791
856 5725 3351 791
857 863 3394 849
858 3394 5683 849
859 5683 3394 1433
860 863 5679 3397
861 3400 5677 863
862 3393 850 849
863 5683 3393 849
864 5706 812 811
865 5703 811 824
866 3374 5703 824
867 3487 5312 6767
868 5311 3487 6767
869 5314 3484 843
870 3485 5314 843
871 5314 5217 3484
872 5312 3486 843
873 829 3578 817
874 3578 2363 817
875 2364 3576 817
876 5310 3488 6767
877 3488 5311 6767
878 857 6783 3481
879 857 3479 6765
880 6783 857 6765
881 6761 6762 879
882 6762 6761 880
883 6762 6763 879
884 6763 6762 880
885 6782 868 6764
886 6782 869 6765
887 869 6782 6764
888 868 6782 5323
889 856 6782 6765
890 2647 4092 820
891 4090 2650 820
892 2650 4089 820
893 2650 4090 545
894 861 4305 847
895 4303 6242 862
896 6242 4302 862
897 6241 4303 848
898 847 6240 848
899 6240 4304 848
900 4305 6240 847
901 3405 5671 1437
902 5671 3405 873
903 3406 5671 873
904 3405 5672 873
905 5672 3404 873
906 5672 3405 1437
907 5668 3408 884
908 3408 872 884
909 872 3408 5669
910 873 3401 6243
911 3401 5676 6243
912 3866 2249 3865
913 2252 3862 3863
914 2254 3860 3861
915 914 5157 3837
916 3633 5168 904
917 4800 4609 950
918 4797 4796 4608
919 4577 4760 4759
920 2446 4769 2450
921 4769 2446 1254
922 2446 4768 1254
923 1256 4781 2434
924 2435 4779 1251
925 4582 1259 1258
926 3617 897 906
927 5185 897 3616
928 906 5179 3621
929 3635 5165 3640
930 5165 5162 3640
931 5165 3635 904
932 3636 3846 3845
933 5164 3636 3845
934 3846 3636 904
935 3636 5165 904
936 5165 3636 5164
937 5166 3634 904
938 3119 6418 588
939 6418 3119 1531
940 636 2866 632
941 2866 3165 3160
942 3165 2866 636
943 2871 628 632
944 2879 3146 616
945 3147 2879 616
946 2878 3147 616
947 616 3145 602
948 2880 3145 616
949 602 3145 2881
950 2876 3149 616
951 3149 2877 616
952 3180 3181 6044
953 3179 3178 634
954 3179 634 630
955 3180 3179 630
956 3178 3177 634
957 2984 6035 625
958 6034 2984 625
959 2985 624 6033
960 2985 6034 624
961 5729 3347 781
962 5728 3348 781
963 3349 5728 790
964 3287 5789 1347
965 5789 3287 725
966 5792 726 725
967 5796 726 3281
968 726 5796 717
969 742 3302 5775
970 5775 3302 1367
971 3300 5776 1356
972 5777 3300 1356
973 5776 3300 733
974 3300 5777 733
975 1366 5771 3306
976 5771 742 3306
977 5771 3305 742
978 3307 5770 742
979 1356 5778 3299
980 5778 733 3299
981 5778 3298 733
982 734 5783 3293
983 3293 5783 1357
984 5784 3293 1357
985 5784 734 3293
986 5784 3292 734
987 4180 2560 722
988 2559 722 4181
989 2559 4180 722
990 6800 3983 2741
991 1181 3983 4416
992 3983 713 4416
993 3982 6543 721
994 3997 2743 713
995 2742 3997 713
996 3989 4410 1182
997 4412 2746 3988
998 706 2547 4192
999 4193 2547 706
1000 4220 2520 676
1001 4220 676 677
1002 2519 4220 677
1003 676 4214 685
1004 2729 4010 739
1005 4011 2729 739
1006 2729 4011 499
1007 4012 2728 739
1008 2728 4011 739
1009 507 4015 2724
1010 4015 6796 739
1011 2726 4014 507
1012 4014 2726 739
1013 2726 4013 739
1014 2727 499 4012
1015 2727 4012 739
1016 6797 2727 739
1017 3316 5760 1375
1018 5760 3316 750
1019 5764 3313 1376
1020 5764 740 750
1021 3313 5764 750
1022 4159 749 750
1023 4174 2565 489
1024 4174 2566 732
1025 2565 4174 732
1026 2563 4176 722
1027 4258 642 4259
1028 642 4257 641
1029 4257 642 4258
1030 642 4260 4259
1031 642 4261 4260
1032 4261 642 4262
1033 642 643 4262
1034 4254 2486 641
1035 643 4263 4262
1036 4264 4263 643
1037 2494 4245 648
1038 4245 2495 648
1039 2492 648 4248
1040 2492 4247 648
1041 2491 422 4248
1042 648 2491 4248
1043 655 2499 4240
1044 5830 3246 697
1045 5830 1314 3246
1046 5829 3248 1314
1047 3248 5829 697
1048 3232 5408 5053
1049 5408 1281 5053
1050 1282 5406 5054
1051 5055 5406 1282
1052 5403 5057 1282
1053 1311 5403 5850
1054 5036 5421 5935
1055 5036 5936 5420
1056 5936 5041 5420
1057 5418 5042 5937
1058 5034 5418 5937
1059 5418 1285 5043
1060 5418 5034 1285
1061 5036 5040 5421
1062 4196 698 2543
1063 2546 4193 706
1064 5391 5069 1278
1065 5070 5081 5080
1066 5070 5391 5081
1067 5090 5089 1284
1068 5089 5088 1284
1069 1287 1288 5095
1070 1287 5448 5097
1071 5093 5092 1284
1072 1279 5398 5062
1073 5060 1279 5400
1074 1279 5401 1277
1075 1279 5060 5401
1076 5376 3208 5868
1077 3211 5866 660
1078 660 5866 652
1079 5866 3210 652
1080 5866 5889 3210
1081 5889 5867 3210
1082 5377 5867 5889
1083 3210 5867 653
1084 3212 5888 5865
1085 1308 5858 3219
1086 3219 5858 667
1087 5886 3216 1308
1088 3216 5861 667
1089 5861 3215 667
1090 3215 5862 667
1091 5862 3214 660
1092 5407 3231 5053
1093 5851 3226 5402
1094 5850 3226 675
1095 3226 5851 675
1096 5848 3228 674
1097 3951 4449 735
1098 4450 744 735
1099 4855 3721 4863
1100 3727 934 943
1101 3718 1823 930
1102 1823 3717 930
1103 3717 6594 930
1104 3794 2293 943
1105 944 3786 3785
1106 944 3785 3784
1107 3786 944 2299
1108 3783 944 3784
1109 944 3783 945
1110 944 3788 2299
1111 3811 3813 3812
1112 3811 6570 3813
1113 2320 3811 3812
1114 2322 3809 3814
1115 3809 2323 3814
1116 932 6591 933
1117 6591 6592 933
1118 6592 942 2292
1119 6591 942 6592
1120 4859 6593 934
1121 4859 3725 6593
1122 401 2209 3906
1123 2209 792 3906
1124 2209 3905 792
1125 2211 3903 792
1126 3904 2211 792
1127 3903 2211 401
1128 3909 2206 782
1129 5243 3555 786
1130 2685 3510 796
1131 3502 807 5296
1132 3502 5297 807
1133 3563 3502 5296
1134 3500 5233 5299
1135 5233 3500 3565
1136 3500 5298 3565
1137 3500 2675 5298
1138 5236 3563 5296
1139 5236 3562 795
1140 3563 5236 795
1141 4060 3505 5294
1142 5342 6759 3457
1143 6759 5342 899
1144 6759 6758 890
1145 6758 6759 899
1146 6760 6761 889
1147 6759 6760 889
1148 6761 6760 890
1149 6760 6759 890
1150 5115 912 3686
1151 5115 911 912
1152 911 5120 910
1153 912 5113 3687
1154 1842 3699 364
1155 912 1842 6575
1156 3699 1842 912
1157 3698 1843 912
1158 921 3651 5150
1159 5149 3651 921
1160 5145 3655 922
1161 5146 3653 5147
1162 3655 5146 922
1163 5145 3656 3655
1164 3656 5145 922
1165 915 3656 922
1166 5144 3656 915
1167 3458 5340 1295
1168 5340 3458 3459
1169 3458 5341 889
1170 6759 5341 3457
1171 5341 6759 889
1172 3462 5337 888
1173 3463 888 6761
1174 2341 3599 867
1175 866 2340 867
1176 3601 2340 866
1177 3468 5331 879
1178 2235 3880 408
1179 3880 2235 838
1180 2234 3880 838
1181 825 2233 839
1182 825 3882 2233
1183 3882 825 2232
1184 825 3883 2232
1185 3883 825 2231
1186 3885 825 2229
1187 825 3886 2229
1188 825 3887 2228
1189 3886 825 2228
1190 3479 5320 6765
1191 5320 3479 1293
1192 5322 6782 856
1193 3586 2391 2355
1194 3738 4873 1814
1195 3737 4848 936
1196 4847 936 937
1197 4847 3737 936
1198 3738 4847 937
1199 4847 3738 1814
1200 4872 1815 3737
1201 1818 4869 3716
1202 924 3715 1826
1203 3715 924 1825
1204 924 3716 1825
1205 3716 924 1824
1206 924 6594 1824
1207 6594 924 930
1208 5663 884 3414
1209 871 4317 6228
1210 6227 4317 871
1211 907 3426 902
1212 902 3424 5653
1213 6259 893 883
1214 5632 1869 5666
1215 5667 5631 1870
1216 918 3708 919
1217 911 3701 912
1218 5110 3691 5362
1219 1845 3691 5110
1220 5361 3438 3689
1221 5111 5361 3689
1222 3438 5361 907
1223 3743 4841 4878
1224 1809 3743 4878
1225 3741 4844 937
1226 3105 6432 585
1227 6431 3105 585
1228 6425 3111 587
1229 587 3111 600
1230 3111 6426 600
1231 6426 3111 1529
1232 3112 6424 1530
1233 3112 587 6424
1234 3112 6425 587
1235 3039 5979 1456
1236 3187 6499 1549
1237 3030 1458 5989
1238 619 3030 5989
1239 1458 3029 5989
1240 3029 619 5989
1241 6015 3003 609
1242 608 6015 609
1243 6015 1453 3003
1244 604 6477 3059
1245 6477 1541 3059
1246 3063 6474 604
1247 6474 3062 604
1248 3062 6475 604
1249 1537 6468 3069
1250 3048 5980 617
1251 3039 5980 6489
1252 5980 3048 6489
1253 3037 5982 617
1254 5982 3036 617
1255 3036 3051 617
1256 6452 3085 1524
1257 3085 6451 1524
1258 6450 3086 595
1259 3086 6451 595
1260 6451 3086 1524
1261 610 6022 2996
1262 6022 610 2997
1263 6022 2997 1454
1264 2999 610 6019
1265 610 2999 6020
1266 6020 2999 1454
1267 539 2632 4108
1268 2632 539 4107
1269 2632 797 4108
1270 2632 4107 797
1271 2633 539 4106
1272 539 2633 4107
1273 797 2633 4106
1274 4107 2633 797
1275 543 4103 2636
1276 2618 4121 779
1277 4122 2618 779
1278 2618 4122 531
1279 2617 4122 779
1280 4113 2627 787
1281 787 2628 4111
1282 2625 4115 536
1283 2625 4114 787
1284 4115 2625 787
1285 771 2613 4126
1286 2613 771 4127
1287 2613 4127 532
1288 2607 4133 526
1289 4132 2607 526
1290 4133 2607 772
1291 2607 4132 772
1292 526 4134 2605
1293 2606 4134 526
1294 4134 772 2605
1295 4134 2606 772
1296 3343 5734 772
1297 728 4434 727
1298 3967 728 4432
1299 728 3968 4432
1300 4430 728 3970
1301 4429 728 729
1302 728 4429 3970
1303 4428 3971 720
1304 4427 3972 720
1305 3973 4427 720
1306 4426 720 3974
1307 4426 3973 720
1308 3978 4422 721
1309 4421 3978 721
1310 4422 3978 1197
1311 3978 4421 1197
1312 4444 1221 3955
1313 4444 3955 736
1314 3956 4444 736
1315 1221 3957 4442
1316 3957 6535 736
1317 4442 3957 736
1318 5263 3535 754
1319 3535 5264 754
1320 5264 3534 754
1321 2708 4032 521
1322 4031 2708 522
1323 4032 2708 763
1324 763 2708 5266
1325 2708 4031 5266
1326 2707 4032 763
1327 4032 2707 521
1328 2693 5280 3518
1329 5280 2693 4046
1330 5280 3547 3518
1331 3547 5280 3519
1332 2694 778 4046
1333 778 5280 4046
1334 5280 778 3519
1335 778 2694 4045
1336 3520 778 5278
1337 2646 4094 545
1338 4094 2646 820
1339 2637 4102 809
1340 4103 2637 809
1341 2654 548 4085
1342 4086 548 2654
1343 2676 807 6770
1344 2676 4063 807
1345 3560 5239 795
1346 3506 5239 5293
1347 3504 2679 5294
1348 2679 4060 5294
1349 4059 3506 5293
1350 3506 4059 2681
1351 4053 3512 5287
1352 3511 5287 3554
1353 4054 3511 5288
1354 4454 1230 3945
1355 3947 1230 6515
1356 1230 3947 4452
1357 3940 2175 743
1358 2175 3939 743
1359 4459 2175 3940
1360 3939 751 752
1361 5721 3355 791
1362 5720 3351 790
1363 6750 3357 790
1364 3358 6750 5718
1365 6750 6751 5718
1366 6752 6751 790
1367 6751 6750 790
1368 1431 3385 5691
1369 3385 837 5691
1370 3398 5678 1435
1371 5679 3398 1435
1372 5678 3398 863
1373 3398 5679 863
1374 3399 5678 863
1375 5677 3399 863
1376 5713 801 800
1377 3364 5713 800
1378 5713 3364 1420
1379 3365 5712 800
1380 5712 3364 800
1381 5710 3366 800
1382 812 3367 800
1383 3367 5710 800
1384 5710 3367 1419
1385 5702 3374 824
1386 3375 5702 824
1387 3376 5701 824
1388 5701 3375 824
1389 3486 5313 843
1390 3577 2364 817
1391 2366 818 817
1392 3575 2366 817
1393 3576 2365 817
1394 2365 3575 817
1395 818 2369 805
1396 2369 3571 805
1397 2648 4092 545
1398 4092 2648 820
1399 2648 4091 820
1400 2649 4090 820
1401 2646 4093 820
1402 4089 819 833
1403 819 4088 833
1404 6236 4308 847
1405 4308 861 847
1406 4309 6236 860
1407 6235 4309 860
1408 4310 6235 860
1409 6240 6246 4304
1410 872 6251 884
1411 6251 4293 884
1412 6252 4292 884
1413 4293 6252 884
1414 3867 2248 3866
1415 3643 5158 3837
1416 5157 3643 3837
1417 3647 5154 914
1418 3632 5169 905
1419 3632 905 904
1420 4609 4798 4797
1421 4798 4609 4800
1422 6806 4797 4608
1423 4790 1253 2424
1424 4758 4576 4759
1425 4758 4575 4576
1426 4576 4757 4759
1427 4757 4577 4759
1428 4577 4757 1026
1429 4757 4576 4574
1430 4577 4756 4760
1431 1258 4756 4578
1432 4760 4756 1258
1433 4756 1026 4578
1434 4756 4577 1026
1435 2447 4767 4766
1436 4780 2435 1251
1437 2435 2468 4779
1438 2467 2436 4779
1439 4779 2436 1251
1440 4755 1258 4578
1441 4747 4586 1028
1442 417 4773 2441
1443 5182 3618 906
1444 3617 5184 897
1445 3619 5182 906
1446 5181 3619 906
1447 3615 898 897
1448 5185 3615 897
1449 2331 3609 887
1450 3609 2332 887
1451 3609 2413 2332
1452 3609 2331 5190
1453 2413 3609 5190
1454 2333 3607 887
1455 3611 2421 897
1456 898 3612 897
1457 3637 5165 5164
1458 3637 5164 3844
1459 5162 3637 3638
1460 5165 3637 5162
1461 5167 3633 904
1462 6421 587 588
1463 3116 6421 588
1464 3166 636 3167
1465 3166 3165 636
1466 3166 2975 3165
1467 3166 3167 2974
1468 3152 2874 628
1469 2874 3151 628
1470 3151 2875 628
1471 2875 3151 566
1472 6030 2988 624
1473 2988 6030 1465
1474 6043 3181 3182
1475 634 3176 3175
1476 3177 3176 634
1477 6045 3179 3180
1478 629 6040 630
1479 6040 3180 630
1480 3169 3170 2971
1481 631 3170 632
1482 3170 3169 632
1483 635 3170 631
1484 3171 3170 635
1485 726 5794 3282
1486 5795 726 3282
1487 726 5795 3281
1488 1336 5795 3282
1489 3281 5795 1336
1490 5789 3288 1347
1491 5788 3288 725
1492 3288 5789 725
1493 5791 3285 725
1494 3286 5791 725
1495 5791 3286 1347
1496 5790 3287 1347
1497 3286 5790 1347
1498 3287 5790 725
1499 5790 3286 725
1500 3278 5799 718
1501 741 3308 742
1502 5767 741 3310
1503 741 5766 3310
1504 741 3311 5766
1505 3311 741 5765
1506 5764 741 740
1507 5774 3302 742
1508 5782 3294 734
1509 3294 5783 734
1510 3294 5782 1357
1511 5783 3294 1357
1512 5782 3295 1357
1513 3295 5782 734
1514 5781 3295 734
1515 3291 724 734
1516 4179 2561 722
1517 2560 4179 722
1518 3144 602 2881
1519 3144 2882 602
1520 561 3144 2881
1521 3983 4417 2741
1522 713 3984 4416
1523 3985 4415 713
1524 3998 2742 713
1525 3983 3998 713
1526 3998 3983 6800
1527 3990 4410 2748
1528 3995 2745 713
1529 4412 3994 2746
1530 3987 6545 713
1531 3987 3994 4412
1532 2745 3987 713
1533 3994 3987 2745
1534 4213 2527 685
1535 2527 684 685
1536 2725 4014 739
1537 2571 731 4169
1538 4162 2578 740
1539 740 2578 750
1540 2578 4161 750
1541 2579 4160 750
1542 4161 2579 750
1543 3316 5761 750
1544 3317 5760 750
1545 5759 3317 750
1546 5760 3317 1375
1547 3317 5759 1375
1548 5759 3318 1375
1549 3318 750 5758
1550 3318 5759 750
1551 5763 3313 750
1552 3314 5763 750
1553 3313 5763 1375
1554 3312 5764 1365
1555 741 3312 5765
1556 3312 741 5764
1557 4160 2580 750
1558 2580 4159 750
1559 2564 4175 722
1560 4176 2564 722
1561 4177 2563 722
1562 2562 4177 722
1563 4178 2562 722
1564 4172 2568 731
1565 2567 4172 731
1566 4173 731 2566
1567 4173 2567 731
1568 2568 4171 731
1569 4171 2569 731
1570 2600 4140 519
1571 4251 2489 641
1572 2488 4251 641
1573 4253 2487 641
1574 2860 4256 641
1575 4257 2860 641
1576 2502 4238 426
1577 4238 2502 655
1578 647 2497 4242
1579 647 648 4243
1580 2497 647 4243
1581 647 4242 2498
1582 4241 647 2498
1583 647 2499 655
1584 2499 647 4241
1585 3244 690 689
1586 5832 3244 689
1587 3245 689 697
1588 3245 5832 689
1589 3237 682 681
1590 5839 3237 681
1591 3238 5839 681
1592 3238 5048 5839
1593 5829 3247 697
1594 3247 5830 697
1595 3249 5828 697
1596 5828 3248 697
1597 5046 5415 1285
1598 690 5837 3239
1599 5837 1312 3239
1600 5408 5052 1281
1601 1281 5047 1285
1602 5412 5048 1281
1603 5410 5050 1281
1604 5051 1281 5409
1605 5051 5410 1281
1606 5035 5034 5937
1607 5035 5041 5936
1608 5037 5425 5935
1609 5037 5422 5038
1610 2508 4231 661
1611 4231 2509 661
1612 661 4230 2510
1613 2509 4230 661
1614 4230 430 2510
1615 2507 4232 661
1616 430 2506 4234
1617 2506 661 4234
1618 661 654 4234
1619 654 2505 4234
1620 2505 654 4235
1621 2504 654 655
1622 654 2504 4235
1623 5389 5079 5913
1624 5079 5389 5071
1625 3224 5853 675
1626 5392 5069 1310
1627 5069 5392 1278
1628 5071 5390 5080
1629 5390 5070 5080
1630 5070 5390 1310
1631 5085 5084 1280
1632 5084 5083 1280
1633 1278 5083 5082
1634 1280 5083 1278
1635 1288 5096 5095
1636 5096 1287 5097
1637 5096 1288 1287
1638 5094 1287 5095
1639 5059 5952 1277
1640 5952 5059 1282
1641 1286 5023 1282
1642 5956 5015 1284
1643 1279 5017 1280
1644 5017 1279 1277
1645 5867 3209 653
1646 5866 5378 5889
1647 3218 5858 1308
1648 3218 5859 667
1649 5858 3218 667
1650 5860 3216 667
1651 5380 3214 5862
1652 3215 5380 5862
1653 5380 3215 5861
1654 3216 5380 5861
1655 5845 3232 5053
1656 5845 682 3232
1657 682 5845 673
1658 5845 674 673
1659 3231 683 674
1660 683 3230 674
1661 5403 5058 5850
1662 5058 3226 5850
1663 3226 5058 5402
1664 5058 1282 5402
1665 5058 5403 1282
1666 3227 5850 674
1667 3227 1311 5850
1668 5848 3229 1311
1669 3229 5848 674
1670 5847 3229 674
1671 4450 3950 1231
1672 1220 3950 4449
1673 4449 3950 735
1674 3950 4450 735
1675 3720 4865 930
1676 4855 3729 935
1677 3729 4855 4863
1678 3722 4863 929
1679 3728 935 4856
1680 4860 3724 929
1681 3725 4860 929
1682 3789 944 943
1683 3809 2319 2323
1684 2325 3806 940
1685 3806 2325 2317
1686 2329 941 940
1687 6571 6591 932
1688 792 2208 3906
1689 783 3913 782
1690 3913 2202 782
1691 3509 5290 796
1692 5290 3508 796
1693 5242 5290 3509
1694 785 5241 786
1695 5241 785 3558
1696 3502 5235 5297
1697 5235 3502 3563
1698 5235 3563 795
1699 5298 4064 807
1700 2675 4064 5298
1701 6769 2675 3500
1702 3503 5295 3562
1703 5236 3503 3562
1704 3503 5236 5296
1705 807 3503 5296
1706 5295 3503 807
1707 5238 3560 795
1708 3561 5238 795
1709 5238 3561 5294
1710 3505 5238 5294
1711 5238 3505 3560
1712 3562 5237 795
1713 5237 3561 795
1714 6757 6758 899
1715 6757 3449 6756
1716 6758 6757 890
1717 3654 5147 922
1718 5146 3654 922
1719 3654 5146 5147
1720 2215 3899 802
1721 3891 2223 406
1722 2223 3891 814
1723 3892 2223 814
1724 3607 2334 887
1725 2334 3606 887
1726 2410 5337 3462
1727 5335 3463 6761
1728 5336 3463 2409
1729 5336 3462 888
1730 3463 5336 888
1731 5192 2411 3607
1732 2411 2334 3607
1733 2334 2411 5193
1734 5199 2404 2341
1735 3599 2404 5200
1736 2404 3599 2341
1737 2344 3596 867
1738 3597 2344 867
1739 2344 3597 5202
1740 2343 3597 867
1741 2342 3598 867
1742 3599 2342 867
1743 2342 3599 5200
1744 3600 2341 867
1745 3600 5199 2341
1746 3603 877 876
1747 3467 878 879
1748 2343 2402 3597
1749 2236 3878 838
1750 3879 2235 408
1751 2236 3879 408
1752 2235 3879 838
1753 3879 2236 838
1754 3478 856 6765
1755 5320 3478 6765
1756 3477 5322 856
1757 6782 3476 5323
1758 5322 3476 6782
1759 3740 4844 1275
1760 4844 3740 937
1761 6594 1819 4868
1762 1819 6594 3717
1763 1823 1819 3717
1764 4867 1819 1823
1765 1822 3718 930
1766 1818 3734 1274
1767 3734 1818 4851
1768 3734 4850 1274
1769 3734 4851 936
1770 4850 3734 936
1771 4315 6230 871
1772 4316 871 6228
1773 4316 6229 871
1774 860 6232 4312
1775 4314 6230 1510
1776 6230 4314 859
1777 4314 6231 859
1778 893 3416 5661
1779 5660 3416 893
1780 3416 5637 1438
1781 3416 6604 5637
1782 903 902 5653
1783 3423 903 5653
1784 3441 5115 3686
1785 5360 3439 1301
1786 5360 5112 3438
1787 5360 3438 907
1788 3439 5360 907
1789 5359 907 902
1790 5359 3439 907
1791 901 5359 902
1792 5359 901 3440
1793 5359 3440 1301
1794 3439 5359 1301
1795 3425 5652 902
1796 5652 3424 902
1797 4322 6260 893
1798 6259 4322 893
1799 882 892 6260
1800 6260 892 893
1801 1833 6596 919
1802 6596 3707 919
1803 918 925 3709
1804 925 1827 3713
1805 1827 925 3714
1806 3714 925 1826
1807 925 924 1826
1808 6598 3702 919
1809 1838 6598 919
1810 3705 6597 919
1811 6597 1836 919
1812 4885 1802 3750
1813 3691 3436 5362
1814 3436 3691 1302
1815 3436 907 5362
1816 3692 1846 3694
1817 3690 3696 5110
1818 3690 6753 5111
1819 6753 5361 5111
1820 913 6600 5108
1821 913 3692 3694
1822 4842 3742 937
1823 3743 938 4841
1824 938 4842 937
1825 4842 938 3743
1826 938 939 4837
1827 3744 1808 4841
1828 938 3744 4841
1829 3744 938 4840
1830 3742 4843 937
1831 1525 3088 6448
1832 6490 3040 5979
1833 3046 3040 6490
1834 3047 3039 6489
1835 3047 5979 3039
1836 3185 3199 3198
1837 637 3185 3198
1838 3185 637 6501
1839 3185 6501 6503
1840 637 3186 6501
1841 3188 6499 5971
1842 5986 618 3033
1843 618 3030 619
1844 3033 618 5985
1845 3054 618 603
1846 618 3034 5985
1847 3034 618 5984
1848 618 3053 5984
1849 3057 6480 603
1850 6480 3056 603
1851 3004 6015 608
1852 594 6452 3084
1853 594 3085 6452
1854 6451 594 595
1855 3085 594 6451
1856 6476 3060 604
1857 3060 6477 604
1858 6476 3061 1541
1859 3061 6476 604
1860 6475 3061 604
1861 6468 591 3069
1862 6471 591 3066
1863 5981 617 3038
1864 5981 3037 617
1865 2631 539 4108
1866 2631 4109 539
1867 797 2631 4108
1868 4109 2631 797
1869 2630 797 798
1870 2630 4109 797
1871 4110 2630 798
1872 4109 2630 539
1873 539 2635 4105
1874 4105 2635 797
1875 4112 2627 536
1876 2628 4112 536
1877 2627 4112 787
1878 4112 2628 787
1879 2619 4120 779
1880 4120 2620 779
1881 2715 747 6794
1882 2715 4024 747
1883 514 2715 6794
1884 2713 4027 514
1885 4027 4028 522
1886 4027 747 746
1887 4027 2713 747
1888 5266 4030 755
1889 4030 2710 755
1890 4130 771 772
1891 4431 728 3969
1892 728 4431 3968
1893 3968 4431 1210
1894 1195 4429 3971
1895 4429 1195 3970
1896 4005 2735 730
1897 730 2735 721
1898 2735 4004 721
1899 4004 2736 721
1900 4006 6781 730
1901 4002 2738 721
1902 4000 2740 721
1903 4417 3999 2741
1904 3999 4417 3982
1905 3999 3982 721
1906 2740 3999 721
1907 1220 4447 3953
1908 3953 4447 735
1909 3537 5262 762
1910 763 3530 5269
1911 3535 3530 5264
1912 5259 3539 761
1913 3539 5260 761
1914 2703 5271 4037
1915 4033 2707 763
1916 777 3546 770
1917 3547 5251 3518
1918 5251 3547 777
1919 541 2688 4052
1920 2688 3513 4052
1921 2689 3514 4051
1922 2642 4097 808
1923 4099 2640 542
1924 4099 2641 808
1925 2640 4099 808
1926 4100 2640 808
1927 2643 4096 821
1928 2643 821 808
1929 4097 2643 808
1930 2643 4097 546
1931 4094 2645 545
1932 4095 2645 820
1933 2645 4094 820
1934 4063 2677 807
1935 5239 3559 795
1936 3559 5239 3506
1937 4061 3504 807
1938 4061 2679 3504
1939 3505 6786 5293
1940 6786 3505 4060
1941 544 6786 4060
1942 5286 3513 5246
1943 3513 5286 4052
1944 3554 5245 786
1945 5287 5245 3554
1946 3512 5245 5287
1947 4053 2687 3512
1948 2687 5286 3512
1949 5244 3511 3554
1950 5244 3554 786
1951 3555 5244 786
1952 5244 3555 5288
1953 3511 5244 5288
1954 2686 4053 5287
1955 3511 2686 5287
1956 6790 2690 3515
1957 3513 5285 3552
1958 5285 5247 3552
1959 5285 3514 5247
1960 3514 5285 4051
1961 2688 5285 3513
1962 5285 2688 4051
1963 6788 2685 796
1964 4055 6788 796
1965 2685 6788 540
1966 6788 4055 540
1967 4056 2684 796
1968 2684 4055 796
1969 2697 4043 534
1970 4043 5277 778
1971 3356 5721 791
1972 3351 3356 791
1973 5720 3356 3351
1974 3358 5719 6750
1975 5719 3357 6750
1976 5716 6752 801
1977 5716 3360 6752
1978 5717 6751 6752
1979 3385 5692 837
1980 3387 5689 1431
1981 5690 3387 1431
1982 3387 5690 836
1983 850 3387 836
1984 5689 3387 850
1985 836 3386 5691
1986 5690 3386 836
1987 3386 1431 5691
1988 3386 5690 1431
1989 5682 3394 863
1990 3395 5682 863
1991 3394 5682 1433
1992 5682 3395 1433
1993 5681 3395 863
1994 5711 3365 800
1995 3368 5709 812
1996 5709 3367 812
1997 5707 3369 812
1998 5708 3368 812
1999 5702 1423 3374
2000 1423 5702 3375
2001 5701 1423 3375
2002 1423 5701 3376
2003 5700 1423 3376
2004 1423 5700 3377
2005 5230 1292 3568
2006 3499 5299 3566
2007 3499 2674 5299
2008 5300 3567 3498
2009 3567 5300 5232
2010 5231 3567 806
2011 3567 5232 806
2012 2673 5300 3498
2013 2362 3578 829
2014 3571 2370 805
2015 2370 3570 805
2016 2371 3569 805
2017 3570 2371 805
2018 857 5319 3479
2019 2390 5318 3481
2020 5318 857 3481
2021 5318 3480 857
2022 5318 2390 5213
2023 6763 5329 879
2024 5329 3469 879
2025 5330 3468 879
2026 3469 5330 879
2027 3474 5325 868
2028 5324 3474 868
2029 3475 868 5323
2030 819 2651 4088
2031 4308 6237 861
2032 6249 872 4296
2033 6249 4295 872
2034 1509 6242 4303
2035 4295 6250 872
2036 2247 3867 3868
2037 3646 5155 914
2038 5154 3646 914
2039 5155 3645 914
2040 3645 5156 914
2041 3645 5155 1303
2042 5157 3644 1303
2043 3644 5157 914
2044 5156 3644 914
2045 4798 4610 4799
2046 4610 4798 4800
2047 4801 4609 4797
2048 6806 4801 4797
2049 4606 4803 4795
2050 2483 4606 4795
2051 4606 2483 4794
2052 4607 4796 4795
2053 4803 4607 4795
2054 4607 4803 949
2055 2485 4604 4805
2056 4791 1253 4807
2057 1253 4791 2424
2058 2480 4791 2423
2059 2423 6808 4792
2060 2477 4788 2426
2061 1253 4788 2427
2062 2426 4788 1253
2063 4790 2425 1253
2064 2474 4785 2429
2065 4599 1253 2427
2066 4787 4599 2427
2067 4575 6805 4759
2068 6805 4758 4759
2069 4758 6805 4575
2070 4771 2443 417
2071 2432 2471 4782
2072 4592 4817 1256
2073 4817 4592 1001
2074 4818 4592 1256
2075 4579 4754 1258
2076 4755 4579 1258
2077 4586 4748 6814
2078 1255 4586 4747
2079 1255 4748 4586
2080 4776 1255 1251
2081 2439 1255 4776
2082 4773 1255 2441
2083 1255 4773 2442
2084 4749 1255 1259
2085 2443 1255 4772
2086 1255 2443 4771
2087 1254 1255 2444
2088 1255 4771 2444
2089 1255 4746 1251
2090 4745 4589 1256
2091 4589 4745 1000
2092 4585 1255 4749
2093 1255 4585 4748
2094 4584 4749 1259
2095 5183 3617 906
2096 3618 5183 906
2097 3620 5181 906
2098 5134 3619 5181
2099 2332 3608 887
2100 2420 3612 2415
2101 2420 2415 5189
2102 3611 2420 5189
2103 2420 3611 897
2104 3612 2420 897
2105 3629 5172 905
2106 5173 3627 905
2107 3630 5171 905
2108 5170 905 3631
2109 5170 3630 905
2110 3624 5177 906
2111 3660 5140 1305
2112 5140 3660 916
2113 5163 3843 3638
2114 3843 5163 3844
2115 396 3908 2206
2116 2206 3908 782
2117 3908 792 782
2118 3908 2207 792
2119 766 2194 773
2120 2194 3920 773
2121 3920 2195 773
2122 6419 3117 588
2123 3117 6419 1531
2124 6418 3118 588
2125 3118 6419 588
2126 3137 2888 557
2127 2887 3139 557
2128 3136 3131 6406
2129 6403 2892 557
2130 3134 2891 557
2131 2892 3134 557
2132 2890 3136 557
2133 3131 2890 6405
2134 2890 3131 3136
2135 2889 3136 6406
2136 2889 3130 3137
2137 3130 2889 6406
2138 2889 3137 557
2139 3136 2889 557
2140 3131 1533 6406
2141 1533 3131 6405
2142 3121 601 602
2143 601 3121 588
2144 2868 3158 576
2145 3158 2868 632
2146 2867 3158 632
2147 3164 3165 2976
2148 3165 2865 3160
2149 3164 2865 3165
2150 2865 3164 3161
2151 3155 2871 632
2152 2870 3155 632
2153 2871 3155 571
2154 2869 3156 632
2155 2871 3154 628
2156 3154 2872 628
2157 3154 2871 571
2158 2872 3154 571
2159 2873 3152 628
2160 2875 3150 628
2161 2989 6029 1465
2162 6030 2989 1465
2163 6029 2989 624
2164 2989 6030 624
2165 6031 2988 1465
2166 2988 6031 624
2167 6031 2987 624
2168 6032 2986 624
2169 2981 6038 629
2170 2983 6036 629
2171 6036 2982 629
2172 3179 6046 3178
2173 6041 3181 3180
2174 6054 3170 3171
2175 3173 3174 6051
2176 3174 3173 635
2177 3174 631 3175
2178 3174 635 631
2179 3172 3171 635
2180 3173 3172 635
2181 3172 6053 3171
2182 3172 3173 6052
2183 3278 5798 1337
2184 3279 5798 718
2185 5798 3278 718
2186 719 5807 710
2187 3255 5821 1319
2188 1318 5821 3256
2189 712 5815 3261
2190 3104 6433 585
2191 6433 3103 585
2192 6544 4415 1181
2193 4415 6544 713
2194 6544 3984 713
2195 482 3998 6800
2196 482 3999 2740
2197 3991 3990 2748
2198 3991 2749 6517
2199 2749 3991 4408
2200 2747 3993 474
2201 4410 3992 2748
2202 3992 2747 474
2203 3989 3992 4410
2204 2747 3992 3989
2205 4411 2747 3989
2206 3988 4411 1182
2207 4411 3989 1182
2208 3993 4411 3988
2209 4411 3993 2747
2210 2744 713 6801
2211 2744 3995 713
2212 4214 2526 685
2213 2526 4213 685
2214 2524 4215 676
2215 4216 2524 676
2216 699 2541 4198
2217 2542 699 4198
2218 698 4197 2543
2219 699 4197 698
2220 4197 699 2542
2221 2572 4167 741
2222 4166 2573 497
2223 4167 2573 741
2224 2573 4166 740
2225 741 2573 740
2226 4163 2577 740
2227 5756 3320 749
2228 3320 5757 749
2229 3319 5757 1374
2230 749 3319 5758
2231 5757 3319 749
2232 731 2570 4169
2233 4170 2570 731
2234 1392 5736 3341
2235 5736 4136 3341
2236 2603 5736 3340
2237 5737 2602 3340
2238 2487 4252 641
2239 2862 4254 641
2240 4255 2862 641
2241 2861 4255 641
2242 655 4237 2503
2243 2502 4237 655
2244 2501 4238 655
2245 4239 2501 655
2246 2500 4239 655
2247 4250 640 641
2248 2490 640 4250
2249 4249 640 2490
2250 640 2491 648
2251 640 4249 2491
2252 3246 5831 697
2253 5831 3245 697
2254 5051 5842 5410
2255 5838 3238 681
2256 690 5838 681
2257 5838 690 3239
2258 5045 5416 1285
2259 5416 5044 1285
2260 5044 5417 1285
2261 5044 5416 1314
2262 5048 5413 1281
2263 5413 5047 1281
2264 5047 5413 1312
2265 5413 3238 1312
2266 3238 5413 5048
2267 5414 5046 1285
2268 5047 5414 1285
2269 5411 5049 1281
2270 5050 5411 1281
2271 5411 5050 1313
2272 5036 5427 5936
2273 5425 5931 5935
2274 5931 5036 5935
2275 5035 5419 5041
2276 5041 5419 1314
2277 5042 5419 5937
2278 5419 5035 5937
2279 5421 5039 5935
2280 5039 5037 5935
2281 5039 5422 5037
2282 5039 5421 1316
2283 5422 5039 1316
2284 4194 2546 706
2285 698 4194 706
2286 2545 4194 698
2287 4195 2545 698
2288 4233 2507 661
2289 2506 4233 661
2290 5076 5072 5913
2291 5072 5389 5913
2292 5389 5072 5071
2293 3224 5852 5400
2294 5852 5060 5400
2295 5060 5852 3225
2296 5852 675 3225
2297 5852 3224 675
2298 3224 5061 5853
2299 5061 3224 5400
2300 1279 5061 5400
2301 5061 1279 5399
2302 5854 3222 675
2303 3222 5854 1309
2304 5855 3222 1309
2305 5855 3221 675
2306 3222 5855 675
2307 5086 1280 5087
2308 5086 5085 1280
2309 1325 5447 5103
2310 5447 5102 1287
2311 5958 5013 1284
2312 5014 5958 1284
2313 5094 5959 1287
2314 5959 5094 5093
2315 5013 5959 1284
2316 5959 5093 1284
2317 5009 5446 5103
2318 5447 5009 5103
2319 5009 5447 1287
2320 5444 5442 5915
2321 5106 5442 5444
2322 5006 5106 5444
2323 5949 5950 1282
2324 5023 5949 1282
2325 5948 5023 1286
2326 5949 5948 1447
2327 5948 5949 5023
2328 5864 5888 3212
2329 5864 5379 5888
2330 5379 5864 3213
2331 5864 3212 660
2332 3213 5864 660
2333 3228 5849 674
2334 5849 3227 674
2335 3227 5849 1311
2336 4450 6532 744
2337 3721 4864 930
2338 4864 3720 930
2339 4864 1273 3720
2340 4855 1273 3721
2341 1273 4864 3721
2342 4857 3728 3723
2343 4857 3727 943
2344 944 4857 943
2345 4857 944 935
2346 3728 4857 935
2347 4860 4858 3724
2348 3792 2295 943
2349 2294 3792 943
2350 3793 2294 943
2351 2298 3788 944
2352 3789 2298 944
2353 3788 2298 2301
2354 2298 3789 2301
2355 3780 3781 2306
2356 3781 3780 945
2357 3783 3782 945
2358 3782 3781 945
2359 2304 3782 3783
2360 3807 2325 940
2361 2328 3803 940
2362 3803 2329 940
2363 3803 2328 2314
2364 3804 2328 940
2365 3803 2313 2329
2366 941 3800 932
2367 3796 2291 942
2368 3795 2291 2308
2369 942 3795 2292
2370 2291 3795 942
2371 2201 783 3914
2372 3910 2204 397
2373 2204 3910 782
2374 3910 2205 782
2375 3911 2204 782
2376 3912 2202 397
2377 2202 3912 782
2378 3912 2203 782
2379 5242 3556 786
2380 2683 4056 796
2381 3557 5290 5242
2382 3557 5242 786
2383 5241 3557 786
2384 5290 3557 3508
2385 4065 6769 3500
2386 2674 4065 5299
2387 4065 3500 5299
2388 547 4065 2674
2389 3504 1291 5295
2390 5295 1291 3562
2391 5342 5343 899
2392 5343 3455 899
2393 3677 5124 910
2394 3677 5123 1298
2395 5123 910 3678
2396 5123 3677 910
2397 5348 6757 899
2398 5121 3679 910
2399 3679 5122 910
2400 6757 900 890
2401 900 6757 6756
2402 2217 3897 802
2403 2224 813 814
2404 3891 2224 814
2405 813 2224 3890
2406 3890 2224 406
2407 2224 3891 406
2408 2225 813 3890
2409 2225 3889 813
2410 3888 825 813
2411 5194 2410 3462
2412 2413 5191 2332
2413 5191 3608 2332
2414 3464 5334 5196
2415 3464 5335 6761
2416 3464 878 5334
2417 878 3464 6761
2418 3463 5195 2409
2419 5335 5195 3463
2420 2351 3589 842
2421 878 3465 5334
2422 5333 3465 878
2423 3465 5197 5334
2424 3465 5333 2406
2425 5334 2407 5196
2426 5197 2407 5334
2427 2403 2342 5200
2428 2339 415 3601
2429 2339 3601 876
2430 877 2339 876
2431 2338 877 3603
2432 2407 2338 3603
2433 2338 2407 415
2434 2408 2337 3604
2435 3604 2337 876
2436 2336 3604 876
2437 5195 2336 2409
2438 2336 5195 3604
2439 5332 2404 5199
2440 5332 3467 2404
2441 3467 5332 878
2442 5332 3466 878
2443 5203 2345 3596
2444 868 5328 6763
2445 5328 3470 6763
2446 3471 868 5327
2447 3471 5328 868
2448 5325 3473 868
2449 3473 5326 868
2450 868 3472 5327
2451 5326 3472 868
2452 3478 5321 856
2453 5321 3477 856
2454 5321 3478 2393
2455 4845 3740 1275
2456 4845 3739 937
2457 3740 4845 937
2458 3719 4866 1822
2459 3719 1822 930
2460 4849 3735 936
2461 3735 4850 936
2462 6232 4313 1507
2463 4313 6232 860
2464 4313 860 859
2465 6231 4313 859
2466 3417 5638 5660
2467 5659 3417 893
2468 3417 5660 893
2469 1862 3417 5659
2470 3418 5639 5659
2471 3418 5659 893
2472 5658 3418 893
2473 1861 3418 5658
2474 3419 5657 1439
2475 5657 3419 893
2476 3419 5658 893
2477 5646 5648 1854
2478 3430 5648 1852
2479 907 3427 5650
2480 5649 3427 907
2481 5654 903 3423
2482 903 5656 893
2483 5357 3441 901
2484 5358 3441 3686
2485 901 5358 3440
2486 3441 5358 901
2487 4323 6259 883
2488 4318 4324 6257
2489 4324 883 6257
2490 4324 6258 883
2491 3436 5363 907
2492 3695 1846 5109
2493 3691 3695 5109
2494 3696 6599 5110
2495 1844 3696 3690
2496 1844 3690 5111
2497 1844 5111 912
2498 907 3437 5362
2499 3437 6753 3690
2500 5361 3437 907
2501 6753 3437 5361
2502 3437 5110 5362
2503 3437 3690 5110
2504 3434 5649 907
2505 1851 3433 3432
2506 1851 5649 5365
2507 5649 1851 3431
2508 4877 1810 3742
2509 4842 4877 3742
2510 938 3745 4840
2511 6444 3093 1526
2512 6444 3092 583
2513 3093 6444 583
2514 6443 3093 583
2515 3097 6439 1527
2516 585 6435 598
2517 6435 3101 598
2518 3108 6429 586
2519 6429 3107 586
2520 6429 3108 1529
2521 6430 1528 3106
2522 586 6430 3106
2523 3107 6430 586
2524 3110 586 6426
2525 3110 6427 586
2526 6428 3108 586
2527 3040 5978 5979
2528 5979 5978 1456
2529 3046 5978 3040
2530 5978 6491 3041
2531 5978 3046 6491
2532 5972 6498 3191
2533 6494 3043 1546
2534 6493 3044 1546
2535 3043 6493 1546
2536 6493 5976 3044
2537 5976 6493 3043
2538 3045 5977 3041
2539 6491 1547 3041
2540 3046 1547 6491
2541 5968 3198 638
2542 5968 637 3198
2543 5968 3194 637
2544 6500 5970 3187
2545 637 5970 6500
2546 3057 6479 1541
2547 3058 6479 603
2548 6479 3057 603
2549 3056 6481 603
2550 5993 3026 1458
2551 3026 5993 619
2552 3008 608 607
2553 6472 3065 1536
2554 3065 6471 1536
2555 797 4104 2636
2556 2635 4104 797
2557 4104 543 2636
2558 4104 2635 543
2559 2622 4117 639
2560 4118 2622 639
2561 2622 4118 530
2562 4117 2622 536
2563 4118 2621 531
2564 4119 2621 639
2565 2621 4118 639
2566 4117 2623 639
2567 2624 4115 639
2568 4116 2624 639
2569 4115 2624 536
2570 6779 748 4018
2571 2723 748 4017
2572 748 2723 4016
2573 748 4016 2724
2574 4015 748 2724
2575 748 4015 739
2576 4026 2713 514
2577 2714 4026 514
2578 2713 4026 747
2579 4026 2714 747
2580 747 4025 6794
2581 2714 4025 747
2582 6777 2711 4028
2583 6775 2711 755
2584 2711 6777 755
2585 4031 2709 5266
2586 2709 4030 5266
2587 728 3966 4434
2588 1196 4427 3973
2589 4426 1196 3973
2590 4424 1196 3975
2591 1196 4424 3976
2592 6798 4003 721
2593 2736 6798 721
2594 2733 4006 730
2595 2734 4005 730
2596 6781 2734 730
2597 4005 2734 491
2598 3952 6533 735
2599 4447 3952 735
2600 3952 4447 1220
2601 3536 5262 5269
2602 5262 3536 762
2603 2704 5270 4036
2604 3527 6793 2702
2605 5271 3527 4037
2606 3547 5252 777
2607 5252 3547 3519
2608 778 5279 3519
2609 5279 778 3520
2610 3542 5257 770
2611 5256 3542 770
2612 533 6792 4045
2613 2695 6792 533
2614 6792 778 4045
2615 6792 2695 778
2616 4044 2695 533
2617 2695 4044 778
2618 4050 6790 3515
2619 6790 4050 537
2620 4050 2689 537
2621 2660 832 4080
2622 6768 830 6767
2623 844 6768 6767
2624 807 6771 4062
2625 2677 6771 807
2626 4088 2652 833
2627 2678 807 4062
2628 2678 4061 807
2629 2680 4059 5293
2630 6786 2680 5293
2631 5286 3553 3512
2632 3553 5245 3512
2633 5245 3553 786
2634 5286 6789 4052
2635 2687 6789 5286
2636 6789 541 4052
2637 5250 3517 3548
2638 2690 4049 5283
2639 5284 4050 3515
2640 2689 5284 3514
2641 4050 5284 2689
2642 6514 3942 1229
2643 4457 1230 3942
2644 2174 4457 3942
2645 4455 743 3945
2646 1230 4455 3945
2647 3931 758 759
2648 778 3521 5278
2649 5277 3521 778
2650 3521 5277 5254
2651 3543 5256 770
2652 3356 6742 5721
2653 5715 3361 801
2654 3361 5716 801
2655 6751 3359 5718
2656 5717 3359 6751
2657 3359 1414 5718
2658 5693 3383 837
2659 3383 5694 837
2660 3388 5689 850
2661 5688 3388 850
2662 3389 5688 850
2663 5713 3363 801
2664 3362 1414 5715
2665 3362 5715 801
2666 5714 3362 801
2667 5707 3370 1419
2668 5706 3370 812
2669 3370 5707 812
2670 3568 2373 5231
2671 1292 2373 3568
2672 5301 4067 3498
2673 3499 4066 2674
2674 4066 3499 5300
2675 2361 3579 829
2676 3579 2362 829
2677 5314 2386 5217
2678 2365 5223 3575
2679 3573 2368 818
2680 2378 2368 3573
2681 413 2368 2378
2682 5206 3473 5325
2683 6249 1508 4295
2684 1508 6249 4296
2685 1508 6250 4295
2686 1508 4296 6248
2687 1508 4309 6235
2688 6246 4299 4304
2689 4299 6246 873
2690 6242 6244 4302
2691 6246 4298 873
2692 4298 6247 873
2693 4298 6240 4305
2694 4298 6246 6240
2695 4297 1508 6248
2696 873 4297 6248
2697 6247 4297 873
2698 4297 6247 4306
2699 6247 6239 4306
2700 861 6239 4305
2701 4306 6239 861
2702 6239 4298 4305
2703 4298 6239 6247
2704 6251 4294 1507
2705 4294 6250 1507
2706 4294 6251 872
2707 6250 4294 872
2708 3876 2247 2239
2709 3876 2239 838
2710 2238 3876 838
2711 4605 4805 976
2712 4794 6807 4804
2713 2484 6807 4794
2714 4605 6807 2484
2715 6807 4605 976
2716 4607 4802 4796
2717 2485 4793 2481
2718 4793 4605 2484
2719 4793 2485 4805
2720 4605 4793 4805
2721 2485 2422 4604
2722 4603 4791 4807
2723 4791 4603 2423
2724 4789 2426 1253
2725 6810 4787 2428
2726 1253 4602 4807
2727 4593 4781 1256
2728 4817 4593 1256
2729 4593 2433 4781
2730 2433 4593 6812
2731 1257 2432 4782
2732 2432 1257 4783
2733 2433 1257 4782
2734 1257 2433 6812
2735 4595 1257 4815
2736 4813 4596 1001
2737 2436 4778 1251
2738 4778 2437 1251
2739 418 4778 2436
2740 4776 2438 416
2741 2438 4776 1251
2742 4746 6813 1251
2743 6813 1256 1251
2744 4587 1255 4747
2745 4587 4746 1255
2746 4587 4747 1000
2747 4746 4587 1000
2748 4744 1000 4590
2749 4744 4589 1000
2750 1256 4744 4590
2751 4589 4744 1256
2752 5187 2416 898
2753 3615 2418 898
2754 3668 908 909
2755 3663 908 5137
2756 5138 908 3663
2757 908 3662 916
2758 908 5138 3662
2759 3628 5173 905
2760 5172 3628 905
2761 1304 5154 3647
2762 1304 3628 5172
2763 3628 1304 5173
2764 3656 1304 3655
2765 3653 1304 3652
2766 5146 1304 3653
2767 1304 5146 3655
2768 3662 5139 916
2769 5139 5140 916
2770 5138 3623 3662
2771 5141 3660 1305
2772 3660 5141 916
2773 5141 3659 916
2774 3917 2198 773
2775 2196 3918 773
2776 2198 3916 773
2777 3916 2199 773
2778 3916 2198 392
2779 3921 2194 766
2780 3919 392 2196
2781 3919 2196 773
2782 2195 3919 773
2783 6421 3115 587
2784 3115 6421 1530
2785 3114 6423 587
2786 6420 3117 1530
2787 6420 3116 588
2788 3117 6420 588
2789 3138 2887 557
2790 2888 3138 557
2791 3134 6404 2891
2792 2890 3135 6405
2793 2891 3135 557
2794 3135 2890 557
2795 1532 3125 6411
2796 589 3121 602
2797 3125 589 6411
2798 2884 589 602
2799 3157 2869 632
2800 2868 3157 632
2801 2866 3159 632
2802 3163 3164 2977
2803 2872 3153 628
2804 6037 2981 629
2805 3176 6049 3175
2806 3181 633 3182
2807 6041 633 3181
2808 3184 6041 3180
2809 2979 6040 629
2810 6039 2979 629
2811 2979 6039 6040
2812 6046 2980 6038
2813 6039 2980 6046
2814 6038 2980 629
2815 2980 6039 629
2816 5801 3276 1337
2817 3276 5800 1337
2818 3276 5801 718
2819 5800 3276 718
2820 3277 5800 718
2821 3273 5803 1337
2822 5803 3273 718
2823 3274 5803 718
2824 3271 5806 719
2825 5822 3255 1319
2826 3258 5818 1318
2827 5819 3258 1318
2828 5820 1318 3256
2829 6799 2739 721
2830 2739 4000 721
2831 2738 4001 721
2832 4409 3991 6517
2833 3991 4409 3990
2834 4409 6517 1182
2835 2746 6802 3988
2836 6802 3993 3988
2837 2525 4214 676
2838 4215 2525 676
2839 2523 676 4217
2840 2523 4216 676
2841 4199 699 2540
2842 699 4199 2541
2843 699 4200 2540
2844 4168 2572 741
2845 4168 741 731
2846 2571 4168 731
2847 4164 2576 740
2848 2576 4163 740
2849 2575 4164 740
2850 4165 2575 740
2851 4166 2574 740
2852 2574 4165 740
2853 2583 4156 749
2854 2593 4147 511
2855 4147 2593 5746
2856 3332 4146 2594
2857 4145 2594 520
2858 4139 2600 519
2859 3234 5842 5051
2860 5842 3234 682
2861 5940 5031 1285
2862 5031 5941 1285
2863 5030 1286 1285
2864 1286 5030 5942
2865 5032 5940 1285
2866 5939 5032 1285
2867 5033 5939 1285
2868 5031 5431 5941
2869 5427 5929 5936
2870 5929 5035 5936
2871 5930 5427 5036
2872 5931 5930 5036
2873 4196 2544 698
2874 2544 4195 698
2875 5388 5072 5914
2876 5388 5881 5385
2877 5072 5388 5385
2878 3223 5854 675
2879 5064 5397 1279
2880 1279 5063 5398
2881 5397 5063 1279
2882 5398 5063 1309
2883 5393 1280 1278
2884 5098 5100 5099
2885 5100 5098 5449
2886 5098 5101 5449
2887 5101 5452 5449
2888 5101 5098 5097
2889 5448 5101 5097
2890 5959 5012 1287
2891 5012 5958 1447
2892 5958 5012 5013
2893 5012 5959 5013
2894 5008 5105 5445
2895 5016 5956 1284
2896 5106 5443 5967
2897 5443 5005 5967
2898 5966 5443 5106
2899 5443 5966 5005
2900 5028 5945 1286
2901 5024 5948 1286
2902 1822 1820 3718
2903 3724 6572 929
2904 6572 4861 929
2905 3727 6572 3724
2906 4859 3726 3725
2907 3726 4860 3725
2908 3726 4859 934
2909 2305 3792 2294
2910 3782 2305 3781
2911 2297 3789 943
2912 3790 2297 943
2913 3789 2297 2302
2914 2295 3791 943
2915 3774 3773 946
2916 3773 947 946
2917 947 3773 3772
2918 3773 3774 6212
2919 3773 6213 3772
2920 2316 2326 3806
2921 2326 6590 940
2922 3806 2326 940
2923 2329 3802 941
2924 3800 2287 932
2925 3508 4057 796
2926 5343 1297 3455
2927 3676 5125 910
2928 6757 5349 3449
2929 3680 5121 910
2930 5350 3679 5121
2931 3683 5118 911
2932 1299 5118 3683
2933 5355 901 3444
2934 5355 3443 901
2935 1299 5355 3444
2936 3443 5355 3683
2937 5355 1299 3683
2938 5356 3442 901
2939 3443 5356 901
2940 3889 2226 813
2941 2226 3888 813
2942 2226 3889 406
2943 3888 2226 406
2944 825 2227 3887
2945 3888 2227 825
2946 2227 3888 406
2947 3592 855 854
2948 2347 3593 854
2949 3593 2348 854
2950 3594 2347 854
2951 2400 3595 2345
2952 2345 3595 854
2953 3595 2346 854
2954 2346 3595 5204
2955 855 3590 842
2956 3590 2351 842
2957 3589 2352 842
2958 2353 5211 3587
2959 2353 3587 842
2960 3588 2353 842
2961 2339 3602 415
2962 3602 2339 877
2963 3602 2338 415
2964 2338 3602 877
2965 3605 2336 876
2966 2344 2401 3596
2967 4865 6573 930
2968 5648 3429 1854
2969 3429 1853 6577
2970 1853 3429 3430
2971 3429 5648 3430
2972 3428 3427 5649
2973 5648 3428 1852
2974 3427 3428 3426
2975 3428 3431 1852
2976 3428 5649 3431
2977 3428 5646 3426
2978 3428 5648 5646
2979 3420 5657 893
2980 5656 3420 893
2981 5657 3420 1439
2982 3420 5656 1439
2983 4321 4322 6259
2984 1828 925 3713
2985 4872 1828 372
2986 3433 1850 3432
2987 3770 3769 947
2988 3771 3772 6214
2989 3771 947 3772
2990 3771 3770 947
2991 6223 6102 947
2992 3749 4836 939
2993 4835 939 3750
2994 938 3746 4839
2995 4838 3746 938
2996 3746 4881 1276
2997 3746 4838 4881
2998 4838 3747 1805
2999 3747 4882 1805
3000 3747 938 4837
3001 3747 4838 938
3002 3092 6445 596
3003 6445 3091 596
3004 6446 595 596
3005 595 6446 3090
3006 6442 3094 583
3007 6438 3099 1527
3008 584 3098 6439
3009 3097 584 6439
3010 584 6438 3098
3011 6438 584 3099
3012 3100 584 597
3013 6440 3096 597
3014 584 6440 597
3015 6440 584 3097
3016 3102 585 6434
3017 3102 6435 585
3018 6435 3102 1527
3019 6436 3100 597
3020 6436 597 598
3021 3101 6436 598
3022 3109 6427 1529
3023 6427 3109 586
3024 3109 6428 586
3025 5972 3189 6498
3026 6492 5977 3045
3027 6492 1547 3044
3028 3195 6101 638
3029 6101 5968 638
3030 6101 3195 1467
3031 5968 6101 1467
3032 3193 5970 637
3033 5970 3193 1456
3034 3192 6499 3187
3035 5970 3192 3187
3036 618 5988 3030
3037 3031 5988 618
3038 3030 5988 1458
3039 5988 3031 1457
3040 3032 5986 1457
3041 3032 618 5986
3042 5997 3022 1459
3043 3021 5997 1459
3044 5998 3021 1459
3045 5992 3026 619
3046 5990 3029 1458
3047 3029 5990 619
3048 5990 3028 619
3049 6002 3016 621
3050 593 3079 6458
3051 593 6457 3079
3052 3077 593 6459
3053 6457 593 3080
3054 593 3077 6460
3055 6474 1535 3062
3056 3068 591 6468
3057 3068 6468 1537
3058 2719 4021 515
3059 748 4021 2719
3060 4021 748 2718
3061 2717 4022 747
3062 4022 748 747
3063 748 4022 2718
3064 4027 2712 4028
3065 2712 4027 746
3066 755 2712 746
3067 2711 6776 4028
3068 4029 2711 6775
3069 2710 4029 755
3070 4029 6775 755
3071 4029 6776 2711
3072 5270 3529 3537
3073 5262 3529 5269
3074 3529 5262 3537
3075 3529 5270 2704
3076 3529 4035 5269
3077 3529 2704 4035
3078 5261 5270 3537
3079 5261 762 761
3080 5261 3537 762
3081 5257 3541 770
3082 5272 4038 6793
3083 3527 5272 6793
3084 2696 4043 778
3085 4044 2696 778
3086 4043 2696 533
3087 2696 4044 533
3088 4079 831 832
3089 2660 4079 832
3090 2692 537 6791
3091 4047 5281 6791
3092 5281 2692 6791
3093 2692 5281 3517
3094 5281 4047 3518
3095 3517 5281 3548
3096 5251 5281 3518
3097 3943 4457 2174
3098 3943 2174 3940
3099 3943 3940 743
3100 3932 2183 759
3101 2183 3931 759
3102 2191 3923 767
3103 3925 2190 767
3104 3542 3524 5257
3105 3580 2360 5218
3106 3580 2385 2361
3107 3580 2361 829
3108 2360 3580 829
3109 2359 3581 829
3110 3581 2360 829
3111 3581 2386 2360
3112 5217 3581 2359
3113 2386 3581 5217
3114 5219 3579 2361
3115 2368 3572 818
3116 2370 5228 3570
3117 2366 3574 818
3118 3574 2367 818
3119 3491 5308 830
3120 3493 5306 830
3121 5306 3492 830
3122 5205 3593 2347
3123 5205 3472 5326
3124 4299 6245 6241
3125 6245 4299 873
3126 1509 4300 6242
3127 4300 6244 6242
3128 6245 4300 1509
3129 6244 4300 873
3130 4300 6245 873
3131 4302 4301 6243
3132 6244 4301 4302
3133 4301 873 6243
3134 4301 6244 873
3135 4600 6809 1253
3136 4810 4600 1253
3137 4598 6810 2428
3138 4598 4786 4812
3139 4811 4599 4787
3140 6810 4811 4787
3141 6809 4809 1253
3142 4809 4601 1253
3143 1257 4594 4815
3144 4815 4594 1001
3145 4786 1252 4812
3146 1252 4786 2429
3147 4785 1252 2429
3148 4597 1252 4813
3149 2430 1252 4785
3150 1252 4596 4813
3151 1252 2430 4784
3152 1252 4814 4596
3153 4814 1252 6811
3154 2431 1252 4784
3155 1252 4595 6811
3156 1257 1252 2431
3157 1252 1257 4595
3158 4777 2438 1251
3159 4774 417 2441
3160 1255 4774 2441
3161 2440 4774 1255
3162 4588 4745 1256
3163 6813 4588 1256
3164 4745 4588 1000
3165 3665 5135 5180
3166 3665 908 5135
3167 908 3665 5136
3168 3664 5179 5137
3169 908 3664 5137
3170 3613 5187 898
3171 2418 3613 898
3172 3613 2418 5187
3173 3619 3667 5182
3174 5134 3667 3619
3175 908 3667 5134
3176 3669 1296 3617
3177 908 3666 5135
3178 3666 908 5134
3179 5135 3666 3620
3180 3620 3666 5181
3181 3666 5134 5181
3182 5153 914 920
3183 5153 3647 914
3184 3623 5178 906
3185 5178 5138 3663
3186 5178 3623 5138
3187 3624 5176 3661
3188 3625 5176 905
3189 905 5176 906
3190 5176 3624 906
3191 2200 783 773
3192 3915 2200 773
3193 783 2200 3914
3194 2200 392 3914
3195 6422 3114 587
3196 3115 6422 587
3197 590 3138 2888
3198 590 2888 3137
3199 590 3130 6407
3200 3130 590 3137
3201 3138 590 2887
3202 590 3139 2887
3203 590 2886 3139
3204 2886 590 3140
3205 590 2885 3140
3206 590 589 3141
3207 589 590 6411
3208 3133 3134 2892
3209 3133 6404 3134
3210 6403 3133 2892
3211 2893 3133 6403
3212 3133 2893 6404
3213 6404 3132 2891
3214 3135 3132 6405
3215 3132 3135 2891
3216 3132 1533 6405
3217 1532 6412 3125
3218 589 6412 3124
3219 6412 589 3125
3220 6415 589 3122
3221 589 6415 3121
3222 3121 6415 1531
3223 3121 6416 588
3224 6417 3119 588
3225 3164 2864 3161
3226 3163 2864 3164
3227 2864 3163 3162
3228 1466 2984 6034
3229 2986 1466 6033
3230 6050 3174 3175
3231 633 6042 3182
3232 3275 5801 1337
3233 5801 3275 718
3234 3275 5802 718
3235 3270 5807 719
3236 5806 3270 719
3237 3270 5806 1326
3238 3267 5809 1326
3239 3268 5809 710
3240 5812 3265 1327
3241 711 3267 5810
3242 5809 711 710
3243 711 5809 3267
3244 5812 711 3265
3245 711 5812 3264
3246 704 5820 3256
3247 704 3258 5819
3248 704 712 5818
3249 3258 704 5818
3250 712 3259 5818
3251 5817 3259 712
3252 5818 3259 1318
3253 3260 5817 712
3254 711 3262 712
3255 3262 711 5814
3256 684 2532 692
3257 2532 4207 692
3258 2539 4200 699
3259 4146 3331 2593
3260 2584 4156 505
3261 4156 2584 749
3262 4157 2583 749
3263 2582 4157 749
3264 4159 2581 749
3265 5743 3333 2595
3266 3333 4145 2595
3267 5744 3332 2594
3268 4145 5744 2594
3269 5737 764 2602
3270 764 5737 3339
3271 764 4139 2601
3272 4139 764 2600
3273 764 4140 2600
3274 764 2599 4140
3275 2599 764 3337
3276 5739 3338 1392
3277 764 5739 3337
3278 5739 764 3338
3279 3334 1383 5743
3280 2597 4143 520
3281 5834 3242 690
3282 3243 5834 690
3283 3244 5833 690
3284 5833 3243 690
3285 3242 5835 690
3286 5835 3242 1314
3287 5837 3240 1312
3288 3240 5836 1312
3289 3240 5837 690
3290 5836 3240 690
3291 3235 5842 682
3292 3237 5840 682
3293 3234 5843 682
3294 5034 5938 1285
3295 5432 5029 5942
3296 1448 5031 5940
3297 5032 1448 5940
3298 1448 5032 5939
3299 5035 1448 5034
3300 5929 1448 5035
3301 5073 5075 5879
3302 5073 5388 5075
3303 5388 5073 5881
3304 5396 1279 1280
3305 5396 5064 1279
3306 5065 5396 1280
3307 5064 5396 1309
3308 5392 5068 1278
3309 5068 5393 1278
3310 5067 5394 1280
3311 5393 5067 1280
3312 5067 5393 1310
3313 1287 5960 5011
3314 5012 5960 1287
3315 5104 5963 5445
3316 5963 5008 5445
3317 5008 5964 5105
3318 5964 5007 5444
3319 5105 5964 5444
3320 5964 5008 1447
3321 5010 5962 1287
3322 5961 1287 5011
3323 5961 5010 1287
3324 5950 5021 1282
3325 5021 5951 1282
3326 5021 5022 5951
3327 5954 5017 1277
3328 5029 5943 5942
3329 5943 1286 5942
3330 5943 5028 1286
3331 3731 4854 935
3332 4852 3732 935
3333 4867 3732 4852
3334 1820 3732 4867
3335 2296 3791 2303
3336 2296 3790 943
3337 3791 2296 943
3338 2288 3798 6591
3339 2286 3800 941
3340 3801 2286 941
3341 2285 3801 941
3342 942 3797 2290
3343 3797 942 6591
3344 2289 3797 6591
3345 2682 6787 5291
3346 6787 4057 5291
3347 3456 5343 5342
3348 3456 1297 5343
3349 2417 2418 3614
3350 2418 2417 5187
3351 3671 1297 5130
3352 3671 5130 909
3353 5129 3671 909
3354 5186 2418 3615
3355 2418 5186 3614
3356 3450 5349 6757
3357 3682 5119 911
3358 5118 3682 911
3359 900 6755 901
3360 5119 3681 911
3361 5117 3683 911
3362 5117 3443 3683
3363 5117 5356 3443
3364 3429 5647 1854
3365 5656 3421 1439
3366 3421 5655 1439
3367 3421 5656 903
3368 5655 3421 903
3369 5654 3422 903
3370 3422 5655 903
3371 6261 4321 6259
3372 4323 6261 6259
3373 4321 6261 882
3374 882 4319 871
3375 925 6595 1831
3376 3710 6595 925
3377 1828 6574 925
3378 6574 1828 4872
3379 6576 5366 339
3380 1850 6576 339
3381 6576 1850 3433
3382 6217 3768 3769
3383 3769 3768 947
3384 6216 3769 3770
3385 4836 3748 939
3386 3758 939 6106
3387 3758 6107 939
3388 6107 3757 939
3389 584 6437 3099
3390 3190 3189 5972
3391 3190 6496 5973
3392 3190 5972 1456
3393 6496 3190 1456
3394 3042 6492 3044
3395 6492 3042 5977
3396 5976 3042 3044
3397 5977 3042 1456
3398 5969 3193 637
3399 3031 5987 1457
3400 5987 3032 1457
3401 5987 3031 618
3402 3032 5987 618
3403 5996 3023 1459
3404 3022 5996 1459
3405 3024 5994 1459
3406 3023 5995 1459
3407 5995 3024 1459
3408 3020 5998 1460
3409 621 3018 6001
3410 3010 622 6008
3411 6010 3008 607
3412 622 6010 607
3413 3009 6010 622
3414 3012 6007 622
3415 622 3011 6008
3416 6007 3011 622
3417 6005 3013 622
3418 3014 6005 622
3419 621 6004 622
3420 6004 3014 622
3421 3014 6004 1461
3422 3078 593 6458
3423 593 3078 6459
3424 3082 6455 594
3425 6455 3081 594
3426 6455 3082 1523
3427 3081 6455 1523
3428 6456 3081 1523
3429 3081 6456 594
3430 6456 593 594
3431 593 6456 3080
3432 3082 6454 1523
3433 6454 3082 594
3434 3083 6454 594
3435 6453 594 3084
3436 6453 3083 594
3437 1524 6453 3084
3438 3070 6467 592
3439 591 6467 3069
3440 6467 591 592
3441 6467 1537 3069
3442 3068 6469 591
3443 4020 748 2719
3444 4020 2720 748
3445 4020 2719 515
3446 2720 4020 515
3447 2720 4019 748
3448 748 4019 4018
3449 5261 3528 5270
3450 3528 5271 2703
3451 3528 2703 4036
3452 5270 3528 4036
3453 1289 3539 5259
3454 2663 4076 831
3455 2663 6784 4076
3456 5282 5250 3549
3457 5282 3517 5250
3458 380 2183 3932
3459 3941 2174 3942
3460 6514 3941 3942
3461 4455 3944 743
3462 3930 2185 758
3463 3935 2180 751
3464 3938 2171 4461
3465 2192 766 767
3466 3923 2192 767
3467 3924 2191 767
3468 2190 3924 767
3469 5275 3542 5256
3470 5275 3524 3542
3471 5274 3541 5257
3472 6773 5275 2699
3473 5275 6773 3524
3474 3579 2384 2362
3475 3489 2382 5310
3476 830 3489 5310
3477 5223 3490 5308
3478 5308 3490 830
3479 4072 3493 830
3480 4068 2671 547
3481 2671 6785 2661
3482 6785 2671 5302
3483 2671 4068 5302
3484 5301 3497 2672
3485 3497 4068 2672
3486 4069 6785 3496
3487 2375 2371 3570
3488 5226 2378 3493
3489 5304 3495 2376
3490 3495 5304 4070
3491 3492 5307 830
3492 5307 3491 830
3493 2399 5204 5327
3494 3472 2399 5327
3495 3473 2398 5326
3496 4816 1257 6812
3497 4816 4594 1257
3498 5133 3618 5182
3499 3667 5133 5182
3500 5133 3667 908
3501 5132 3668 909
3502 3669 5132 909
3503 5132 3669 3617
3504 5183 5132 3617
3505 5179 3622 5137
3506 3622 3663 5137
3507 3622 5178 3663
3508 3622 5179 906
3509 5178 3622 906
3510 3123 6413 1532
3511 6413 589 3124
3512 6413 3123 589
3513 3123 6414 589
3514 590 3128 6409
3515 6408 3128 590
3516 3129 590 6407
3517 3129 6408 590
3518 1533 3129 6407
3519 6408 3129 1533
3520 3126 1532 6411
3521 590 3126 6411
3522 6410 3126 590
3523 3127 6409 1532
3524 3127 590 6409
3525 3127 6410 590
3526 3183 633 6041
3527 3183 6042 633
3528 3183 6041 1478
3529 711 5811 3265
3530 705 5822 3254
3531 5822 705 3255
3532 3253 705 5823
3533 705 3254 5823
3534 705 5821 3255
3535 5821 705 3256
3536 705 704 3256
3537 705 3249 697
3538 705 5827 3249
3539 705 5826 3250
3540 705 5825 5826
3541 3257 704 5819
3542 704 3257 5820
3543 3257 5819 1318
3544 5820 3257 1318
3545 5816 712 3261
3546 5816 3260 712
3547 5814 3263 1327
3548 711 3263 5814
3549 5813 3263 711
3550 4210 2530 684
3551 2530 4209 684
3552 2529 4210 684
3553 4211 2529 684
3554 2528 4211 684
3555 4206 2534 692
3556 2534 4205 692
3557 4208 2532 684
3558 5745 3332 1383
3559 5745 4146 3332
3560 5745 3331 4146
3561 2581 4158 749
3562 5755 5756 749
3563 4150 512 2590
3564 4150 756 2589
3565 756 4150 2590
3566 756 2591 4148
3567 756 5747 3329
3568 756 4148 5747
3569 4149 756 2590
3570 756 4149 2591
3571 3330 4147 5746
3572 3330 2592 4147
3573 2592 3330 5747
3574 5747 3330 1383
3575 764 5738 3338
3576 4142 3335 2597
3577 4142 2597 520
3578 3241 5836 690
3579 5835 3241 690
3580 5836 3241 1312
3581 3241 5835 1312
3582 3236 5841 682
3583 5840 3236 682
3584 3233 5843 5052
3585 5843 3233 682
3586 5030 5925 5942
3587 5925 5432 5942
3588 5926 5431 5031
3589 5387 5879 5074
3590 5020 5951 1446
3591 5020 5952 1282
3592 5951 5020 1282
3593 5019 5953 1277
3594 3730 4855 935
3595 4854 3730 935
3596 3730 1273 4855
3597 3730 4854 1273
3598 4853 3731 935
3599 3732 4853 935
3600 4853 3732 1273
3601 3799 2288 6591
3602 3455 5344 899
3603 5344 3454 899
3604 1297 5344 3455
3605 3674 5126 5345
3606 910 5126 909
3607 5126 3674 909
3608 3673 5128 909
3609 3453 5346 899
3610 5346 3452 899
3611 3445 6755 900
3612 901 5354 3444
3613 6755 5354 901
3614 3446 900 6756
3615 6754 5356 3684
3616 5356 6754 3442
3617 2351 414 3589
3618 6224 4320 882
3619 6261 6224 882
3620 6224 6261 4320
3621 6220 3768 3767
3622 3771 6215 3770
3623 6103 938 947
3624 939 4834 3750
3625 3757 4834 939
3626 4834 4885 3750
3627 6497 3190 5973
3628 3190 6497 3189
3629 605 3065 6472
3630 605 591 6471
3631 3065 605 6471
3632 3064 605 6472
3633 605 6473 604
3634 5993 3025 619
3635 3025 5993 1459
3636 5994 3025 1459
3637 3019 5999 1460
3638 5999 3020 1460
3639 5999 3019 621
3640 3020 5999 621
3641 3019 6000 621
3642 6000 3018 621
3643 6009 3009 622
3644 3010 6009 622
3645 3006 6013 608
3646 6012 3006 608
3647 6013 3005 608
3648 3005 6014 608
3649 3013 6006 622
3650 6006 3012 622
3651 3015 6004 621
3652 6004 3015 1461
3653 6461 3075 593
3654 593 3075 592
3655 3075 6462 592
3656 3076 593 6460
3657 3076 6461 593
3658 6462 3074 592
3659 3072 6465 592
3660 3540 1289 5259
3661 3540 5259 761
3662 4077 831 2662
3663 4077 2663 831
3664 4076 4071 2668
3665 6784 4071 4076
3666 4048 2692 3517
3667 5282 4048 3517
3668 2181 3933 751
3669 3931 2184 758
3670 2184 3930 758
3671 2186 3928 758
3672 2187 3927 758
3673 3928 2187 758
3674 3934 2181 751
3675 2180 3934 751
3676 2176 3938 751
3677 3938 2176 2171
3678 2177 3937 751
3679 3938 2177 751
3680 2177 3938 4461
3681 3937 2178 751
3682 2178 3936 751
3683 6530 2178 3937
3684 2177 2170 3937
3685 2178 4462 2169
3686 4462 2178 6530
3687 2189 3925 767
3688 3926 2189 767
3689 3523 5275 5256
3690 2699 3523 4041
3691 5275 3523 2699
3692 5273 4039 2701
3693 2362 5220 3578
3694 5309 3490 2381
3695 3489 5309 5222
3696 5309 3489 830
3697 3490 5309 830
3698 2664 4076 2668
3699 831 2664 845
3700 4076 2664 831
3701 845 4074 844
3702 2665 4074 845
3703 6768 2666 830
3704 2666 4073 830
3705 6785 4078 2661
3706 4069 4078 6785
3707 831 4078 2662
3708 4078 831 2661
3709 2375 5229 2371
3710 5227 3494 5304
3711 3494 4071 6784
3712 5304 2669 4070
3713 2669 6784 2663
3714 2669 3494 6784
3715 3494 2669 5304
3716 2669 4077 4070
3717 4077 2669 2663
3718 2379 5307 3492
3719 5130 3670 909
3720 3670 3669 909
3721 3670 5131 3669
3722 1297 3670 5130
3723 6047 3177 3178
3724 2981 6047 6038
3725 4212 2528 684
3726 4207 2533 692
3727 2533 4206 692
3728 4202 2537 456
3729 691 2536 4203
3730 2537 691 4203
3731 2536 691 4204
3732 691 2535 4204
3733 4202 691 2537
3734 4205 691 692
3735 2535 691 4205
3736 691 4202 2538
3737 691 2538 4201
3738 2539 691 4201
3739 691 2539 699
3740 4209 2531 684
3741 2531 4208 684
3742 2584 4155 749
3743 5756 3321 1374
3744 5755 3321 5756
3745 4152 756 2587
3746 2587 4153 513
3747 4153 2587 5752
3748 5740 3336 4141
3749 4142 5741 3335
3750 3335 5741 1393
3751 5741 3336 1393
3752 5741 4142 2598
3753 3336 5741 2598
3754 3335 765 2597
3755 5742 765 3335
3756 765 4143 2597
3757 4143 765 2596
3758 765 5742 3334
3759 4144 765 5743
3760 765 3334 5743
3761 5844 5408 3232
3762 682 5844 3232
3763 3233 5844 682
3764 5953 1283 1277
3765 1283 5953 5018
3766 1283 5954 1277
3767 5954 1283 5018
3768 3780 3779 945
3769 3779 3780 2307
3770 3777 3776 946
3771 3776 3777 6209
3772 5125 3675 910
3773 3675 5126 910
3774 5126 3675 3453
3775 3675 5125 1298
3776 5127 3674 1297
3777 3673 5127 1297
3778 3674 5127 909
3779 5127 3673 909
3780 3451 5348 899
3781 5347 3451 899
3782 2397 2349 3592
3783 3592 2349 855
3784 3476 2395 5323
3785 2395 5208 5323
3786 3768 6218 3767
3787 6220 3765 3768
3788 3765 6221 947
3789 3768 3765 947
3790 6221 3764 947
3791 3764 6222 947
3792 3763 1497 6223
3793 3763 6223 947
3794 6222 3763 947
3795 3760 6105 939
3796 938 3760 939
3797 6104 3760 938
3798 939 3759 6106
3799 6105 3759 939
3800 3761 6104 938
3801 6103 3761 938
3802 6102 3762 947
3803 3762 6103 947
3804 3762 6102 6223
3805 6108 4834 3757
3806 620 5996 3022
3807 620 3022 5997
3808 5996 620 3023
3809 3021 620 5997
3810 620 5995 3023
3811 5995 620 3024
3812 620 3021 5998
3813 620 5994 3024
3814 3020 620 5998
3815 620 3020 621
3816 3025 620 619
3817 620 3025 5994
3818 3008 6011 608
3819 6003 3016 1461
3820 3015 6003 1461
3821 3016 6003 621
3822 6003 3015 621
3823 3073 6463 1538
3824 6463 3073 592
3825 3074 6463 592
3826 3073 6464 592
3827 6464 3072 592
3828 3072 6464 1537
3829 6464 3073 1538
3830 2691 4049 537
3831 4049 2691 3516
3832 2691 4048 5282
3833 2179 2168 3935
3834 2179 3935 751
3835 751 2182 759
3836 3933 2182 751
3837 2182 3932 759
3838 2185 3929 758
3839 2192 3922 766
3840 387 3922 2192
3841 382 2189 3926
3842 4042 5276 2697
3843 3523 5276 4041
3844 3526 5273 2701
3845 4038 3526 2701
3846 5272 3526 4038
3847 4039 3525 2700
3848 3578 2383 2363
3849 4075 2665 845
3850 2664 4075 845
3851 5305 5226 3493
3852 2668 5305 3493
3853 4071 5305 2668
3854 5225 2379 3492
3855 2380 5223 5308
3856 3491 2380 5308
3857 2380 2366 3575
3858 5223 2380 3575
3859 6048 3176 3177
3860 4153 3324 2586
3861 3324 4153 5752
3862 3324 4154 2586
3863 757 3323 5754
3864 2585 757 749
3865 757 3322 749
3866 3322 757 5754
3867 757 2585 4154
3868 3324 757 4154
3869 757 3324 5753
3870 3778 3779 6207
3871 3777 3778 6208
3872 3779 3778 945
3873 3778 946 945
3874 3778 3777 946
3875 3775 3776 6210
3876 3775 6211 3774
3877 3775 3774 946
3878 3776 3775 946
3879 5207 2349 2397
3880 5207 3474 5324
3881 5207 2397 3474
3882 3591 2350 855
3883 2349 3591 855
3884 5207 3591 2349
3885 414 3591 2396
3886 3591 5207 2396
3887 5209 2395 3476
3888 3766 6220 3767
3889 3752 4833 6109
3890 4833 3752 1800
3891 3751 6108 3756
3892 3007 6012 608
3893 6011 3007 608
3894 2168 4464 3935
3895 2193 3921 766
3896 3922 2193 766
3897 2188 3926 767
3898 758 2188 767
3899 3927 2188 758
3900 5276 3522 2697
3901 3522 4043 2697
3902 3522 5277 4043
3903 5258 5273 3540
3904 3525 5258 3541
3905 3541 5258 770
3906 770 5258 761
3907 5258 3540 761
3908 5221 3488 5310
3909 5221 2383 3488
3910 5224 2379 3574
3911 5224 3574 2366
3912 5750 3326 756
3913 3326 5751 756
3914 5751 3326 1384
3915 756 3325 2587
3916 5751 3325 756
3917 5748 3328 756
3918 3477 2394 5322
3919 6219 3766 3767
3920 4832 3752 3755
3921 3752 4832 4887
3922 5749 3328 1384
3923 3328 5749 756
3924 5749 3327 756
3925 5321 5210 3477
3926 652 645 644
3927 645 652 653
3928 754 755 746
3929 745 754 746
3930 804 794 793
3931 794 804 805
3932 829 816 828
3933 816 829 817
3934 736 745 746
3935 737 736 746
3936 736 744 745
3937 744 736 735
3938 614 599 613
3939 599 614 600
3940 599 612 613
3941 612 599 598
3942 733 722 732
3943 722 733 723
3944 694 685 693
3945 685 694 686
3946 672 665 664
3947 665 672 673
3948 674 665 673
3949 665 674 666
3950 806 794 805
3951 794 806 795
3952 803 816 817
3953 804 803 817
3954 853 839 852
3955 839 853 840
3956 839 851 852
3957 839 838 851
3958 753 754 745
3959 744 753 745
3960 743 753 744
3961 753 743 752
3962 811 810 824
3963 824 810 823
3964 810 822 823
3965 810 809 822
3966 809 821 822
3967 821 809 808
3968 834 847 848
3969 847 834 833
3970 832 847 833
3971 847 832 846
3972 920 926 927
3973 920 927 921
3974 628 631 632
3975 631 628 627
3976 628 615 627
3977 615 628 616
3978 626 631 627
3979 631 626 630
3980 615 626 627
3981 626 615 614
3982 626 614 613
3983 626 613 625
3984 612 624 613
3985 613 624 625
3986 626 629 630
3987 629 626 625
3988 720 730 721
3989 730 720 729
3990 679 680 671
3991 670 679 671
3992 679 689 680
3993 689 679 688
3994 710 702 709
3995 702 701 709
3996 702 695 694
3997 695 702 703
3998 702 694 693
3999 701 702 693
4000 718 708 717
4001 708 718 709
4002 717 708 716
4003 708 707 716
4004 707 706 716
4005 706 715 716
4006 676 685 686
4007 677 676 686
4008 667 660 666
4009 666 660 659
4010 660 651 659
4011 651 660 652
4012 651 658 659
4013 658 651 650
4014 665 658 664
4015 664 658 657
4016 658 666 659
4017 658 665 666
4018 926 932 927
4019 932 926 931
4020 927 928 921
4021 928 922 921
4022 923 928 929
4023 928 923 922
4024 932 928 927
4025 928 932 933
4026 792 804 793
4027 792 803 804
4028 803 815 816
4029 802 815 803
4030 866 854 853
4031 854 866 867
4032 816 827 828
4033 815 827 816
4034 826 827 814
4035 827 815 814
4036 611 612 598
4037 597 611 598
4038 789 779 788
4039 779 789 780
4040 799 810 811
4041 810 799 798
4042 799 789 788
4043 789 799 800
4044 799 812 800
4045 812 799 811
4046 799 787 798
4047 787 799 788
4048 789 781 780
4049 781 789 790
4050 760 753 752
4051 753 760 761
4052 783 792 793
4053 792 783 782
4054 801 789 800
4055 789 801 790
4056 863 849 848
4057 862 863 848
4058 822 836 823
4059 836 837 823
4060 858 845 844
4061 845 858 859
4062 860 845 859
4063 845 860 846
4064 886 874 885
4065 874 886 875
4066 886 895 896
4067 886 885 895
4068 897 886 896
4069 886 897 887
4070 905 897 896
4071 897 905 906
4072 895 905 896
4073 904 905 895
4074 601 615 616
4075 601 616 602
4076 614 601 600
4077 615 601 614
4078 719 710 709
4079 718 719 709
4080 663 672 664
4081 672 663 671
4082 663 670 671
4083 663 662 670
4084 658 649 657
4085 649 658 650
4086 643 652 644
4087 643 651 652
4088 680 681 671
4089 681 672 671
4090 678 669 668
4091 677 678 668
4092 678 679 670
4093 669 678 670
4094 696 689 688
4095 689 696 697
4096 662 661 670
4097 661 669 670
4098 674 675 666
4099 675 667 666
4100 941 932 931
4101 940 941 931
4102 923 915 922
4103 915 923 916
4104 886 876 875
4105 876 886 887
4106 865 874 875
4107 874 865 864
4108 851 865 852
4109 865 851 864
4110 876 865 875
4111 865 876 866
4112 865 853 852
4113 865 866 853
4114 853 841 840
4115 854 841 853
4116 827 841 828
4117 841 842 828
4118 841 827 826
4119 841 826 840
4120 883 893 884
4121 893 894 884
4122 601 587 600
4123 587 601 588
4124 747 737 746
4125 747 738 737
4126 810 797 809
4127 797 810 798
4128 760 769 761
4129 769 770 761
4130 769 760 759
4131 768 769 759
4132 835 821 820
4133 834 835 820
4134 835 834 848
4135 849 835 848
4136 821 835 822
4137 835 836 822
4138 850 835 849
4139 835 850 836
4140 804 818 805
4141 818 804 817
4142 858 871 859
4143 871 858 870
4144 869 880 881
4145 869 881 870
4146 715 724 716
4147 724 725 716
4148 723 724 714
4149 724 715 714
4150 733 724 723
4151 734 724 733
4152 649 656 657
4153 656 649 648
4154 656 664 657
4155 656 663 664
4156 663 655 662
4157 656 655 663
4158 689 690 680
4159 690 681 680
4160 672 682 673
4161 681 682 672
4162 687 696 688
4163 696 687 695
4164 694 687 686
4165 695 687 694
4166 679 687 688
4167 678 687 679
4168 687 677 686
4169 687 678 677
4170 946 936 945
4171 936 946 937
4172 610 611 597
4173 596 610 597
4174 610 595 609
4175 595 610 596
4176 781 771 780
4177 771 781 772
4178 769 777 770
4179 777 769 776
4180 726 717 716
4181 725 726 716
4182 642 649 650
4183 649 642 641
4184 651 642 650
4185 643 642 651
4186 1281 1286 1282
4187 1286 1281 1285
4188 936 944 945
4189 944 936 935
4190 855 841 854
4191 841 855 842
4192 825 839 840
4193 826 825 840
4194 825 826 814
4195 813 825 814
4196 924 923 929
4197 930 924 929
4198 923 924 916
4199 924 917 916
4200 882 871 870
4201 881 882 870
4202 918 911 910
4203 911 918 919
4204 918 910 909
4205 917 918 909
4206 738 728 737
4207 728 727 737
4208 728 739 729
4209 728 738 739
4210 751 760 752
4211 760 751 759
4212 758 768 759
4213 758 767 768
4214 766 774 767
4215 774 766 773
4216 731 741 732
4217 741 742 732
4218 685 684 693
4219 684 692 693
4220 701 700 709
4221 700 708 709
4222 700 701 693
4223 692 700 693
4224 647 656 648
4225 647 655 656
4226 654 661 662
4227 655 654 662
4228 892 903 893
4229 903 892 902
4230 924 925 917
4231 925 918 917
4232 946 938 937
4233 947 938 946
4234 618 619 604
4235 603 618 604
4236 595 594 609
4237 594 608 609
4238 784 794 795
4239 785 784 795
4240 794 784 793
4241 784 783 793
4242 784 774 773
4243 783 784 773
4244 784 775 774
4245 775 784 785
4246 769 775 776
4247 775 769 768
4248 776 775 786
4249 775 785 786
4250 767 775 768
4251 774 775 767
4252 1259 1255 1258
4253 1258 1255 1254
4254 708 699 707
4255 700 699 708
4256 699 706 707
4257 699 698 706
4258 649 640 648
4259 640 649 641
4260 891 900 901
4261 900 891 890
4262 880 891 881
4263 891 880 890
4264 892 891 902
4265 891 901 902
4266 891 882 881
4267 891 892 882
4268 747 748 738
4269 738 748 739
4270 832 831 846
4271 831 845 846
4272 917 908 916
4273 908 917 909
4274 4274 4701 4273
4275 2456 4701 4285
4276 4277 4701 4276
4277 4701 4284 4285
4278 4701 4278 4279
4279 4283 4701 4282
4280 4701 4281 4282
4281 4280 4701 4279
4282 4701 4275 4276
4283 4266 4701 4265
4284 4284 4701 4283
4285 4701 4280 4281
4286 4701 4277 4278
4287 4701 4274 4275
4288 4701 4272 4273
4289 4269 4701 4268
4290 4701 4267 4268
4291 4272 4701 4271
4292 4701 4270 4271
4293 4263 4701 4262
4294 4701 4261 4262
4295 4270 4701 4269
4296 4701 4266 4267
4297 4260 4701 4259
4298 4798 4701 4797
4299 4701 4796 4797
4300 4701 4258 4259
4301 4701 4264 4265
4302 4261 4701 4260
4303 4796 4701 4795
4304 4701 4263 4264
4305 4701 4798 4799
4306 4701 2859 4258
4307 4701 2483 4795
4308 606 621 622
4309 606 622 607
4310 594 593 608
4311 608 593 607
4312 593 606 607
4313 606 593 592
4314 2102 2953 4285
4315 4286 2102 4285
4316 2102 5081 5082
4317 5093 2102 5092
4318 2102 5079 5080
4319 5081 2102 5080
4320 5078 2102 5912
4321 2102 5089 5090
4322 2102 5091 5092
4323 5098 2102 5097
4324 5088 2102 5087
4325 5083 2102 5082
4326 2102 5078 5079
4327 5091 2102 5090
4328 2102 5094 5095
4329 5089 2102 5088
4330 2102 5086 5087
4331 2102 5096 5097
4332 5085 2102 5084
4333 2102 5083 5084
4334 2102 5099 5451
4335 5096 2102 5095
4336 5094 2102 5093
4337 5086 2102 5085
4338 2102 5098 5099
4339 711 702 710
4340 702 711 703
4341 704 695 703
4342 704 696 695
4343 711 704 703
4344 704 711 712
4345 696 705 697
4346 704 705 696
4347 605 606 592
4348 591 605 592
4349 691 700 692
4350 691 699 700
4351 606 620 621
4352 605 620 606
4353 619 620 604
4354 620 605 604
2 4 2 2108
4355 2079 2078 77
4356 2078 2077 77
4357 2080 2079 77
4358 60 2076 2075
4359 2082 94 95
4360 2086 94 114
4361 94 2082 2081
4362 2083 95 2084
4363 2083 2082 95
4364 94 2085 95
4365 2085 94 2086
4366 95 2085 2084
4367 2080 76 2081
4368 76 94 2081
4369 76 2080 77
4370 2077 76 77
4371 2076 76 2077
4372 60 76 2076
4373 33 2063 32
4374 2061 21 32
4375 21 2061 2060
4376 2070 46 45
4377 2066 2065 32
4378 45 2066 32
4379 2067 2066 45
4380 61 60 2075
4381 60 2071 45
4382 2072 2071 60
4383 2071 2070 45
4384 1983 23 5517
4385 1382 1983 5517
4386 33 2064 2063
4387 2065 2064 32
4388 2064 33 32
4389 2063 2062 32
4390 2062 2061 32
4391 2069 46 2070
4392 2074 61 2075
4393 1841 363 364
4394 364 353 6575
4395 117 6625 5571
4396 184 5600 183
4397 34 5532 49
4398 1983 5518 23
4399 2045 2044 3
4400 13 2055 2054
4401 10 2012 9
4402 4 2013 10
4403 2007 8 9
4404 5493 2007 9
4405 2069 2068 46
4406 2068 2067 45
4407 46 2068 45
4408 2074 2073 61
4409 2073 2072 60
4410 61 2073 60
4411 291 5630 1870
4412 3706 374 363
4413 374 1804 363
4414 1694 4992 1271
4415 6289 1657 1539
4416 1766 4920 1263
4417 1766 360 4920
4418 96 6625 117
4419 350 4949 351
4420 135 2091 114
4421 1958 5542 1399
4422 1390 6639 1965
4423 48 1964 5537
4424 47 48 1961
4425 6639 48 1965
4426 6640 48 49
4427 23 5521 36
4428 6643 5522 36
4429 5522 35 36
4430 34 1972 6583
4431 2042 2041 5466
4432 2046 2045 3
4433 7 2046 3
4434 2046 7 2047
4435 2048 7 2049
4436 7 2048 2047
4437 2059 21 2060
4438 2059 22 21
4439 2053 13 2054
4440 2053 2052 13
4441 7 2050 2049
4442 2056 2055 13
4443 2057 2056 21
4444 2056 13 21
4445 2013 5488 10
4446 5488 2012 10
4447 1355 5488 2013
4448 316 315 6379
4449 289 288 2126
4450 232 259 2116
4451 2121 259 288
4452 6364 313 312
4453 6349 310 309
4454 4875 1811 373
4455 4875 1275 1811
4456 1778 357 368
4457 290 5636 321
4458 5636 1864 321
4459 1864 5637 321
4460 1811 4876 373
4461 1696 4990 1271
4462 1696 6136 4990
4463 4919 360 359
4464 1768 4919 359
4465 1948 5552 1407
4466 5552 1948 79
4467 1949 5552 79
4468 63 1958 5543
4469 5542 63 47
4470 1958 63 5542
4471 80 1949 79
4472 6633 80 62
4473 78 5561 98
4474 5563 97 98
4475 137 1913 161
4476 1913 160 161
4477 1 194 195
4478 194 1 169
4479 170 1 195
4480 1 170 169
4481 1656 6289 1539
4482 6290 1656 1539
4483 1727 1656 6290
4484 4930 1756 362
4485 1664 1719 4968
4486 6276 6156 1669
4487 378 6276 1669
4488 6329 306 305
4489 6625 1930 1417
4490 96 1930 6625
4491 1960 6637 47
4492 6637 5541 47
4493 5541 6637 1399
4494 5542 1959 1399
4495 1959 5541 1399
4496 1959 5542 47
4497 5541 1959 47
4498 5536 48 6639
4499 6638 5539 48
4500 1980 5521 23
4501 34 1969 5532
4502 35 1973 34
4503 34 1973 5528
4504 1967 6640 49
4505 5464 2040 2039
4506 2041 2035 5466
4507 6587 2035 2041
4508 2035 6587 1335
4509 6587 5465 1335
4510 5465 2040 2036
4511 2040 5465 2041
4512 5465 6587 2041
4513 2044 2043 3
4514 2043 2042 3
4515 5477 2024 1345
4516 2029 2 3
4517 2059 2058 22
4518 2058 2057 21
4519 22 2058 21
4520 2051 2050 7
4521 2051 7 13
4522 2052 2051 13
4523 288 318 2126
4524 318 319 2126
4525 260 259 2121
4526 2111 206 232
4527 233 232 2116
4528 2907 318 317
4529 6354 311 310
4530 2001 15 16
4531 2001 6650 15
4532 5496 2004 8
4533 2006 5495 8
4534 3699 1841 364
4535 3697 1843 353
4536 4874 1812 373
4537 1812 4875 373
4538 5615 1885 234
4539 6612 5615 234
4540 1882 5618 1435
4541 1436 5618 1883
4542 5618 234 1883
4543 5618 1882 234
4544 339 3430 1852
4545 1855 339 340
4546 6604 1863 321
4547 5637 6604 321
4548 291 1868 290
4549 6606 1868 291
4550 1839 3702 363
4551 3702 1839 919
4552 1841 3700 363
4553 3700 1840 363
4554 1780 4907 368
4555 4907 1779 368
4556 4908 1778 368
4557 1779 4908 368
4558 366 365 1793
4559 3431 339 1852
4560 1809 4878 373
4561 4880 1806 374
4562 360 1767 4920
4563 4919 1767 360
4564 1698 4988 1271
4565 1689 1697 4990
4566 78 1942 6630
4567 1950 6633 62
4568 6633 5551 80
4569 6629 1940 1413
4570 1940 6629 78
4571 6629 5561 78
4572 1939 5562 98
4573 5560 1940 78
4574 1941 5560 78
4575 1940 5560 1413
4576 5560 1941 1413
4577 1413 5559 6630
4578 1941 5559 1413
4579 5559 78 6630
4580 5559 1941 78
4581 6628 1937 1412
4582 1937 5563 1412
4583 1937 6628 97
4584 5563 1937 97
4585 5562 1938 98
4586 1938 5563 98
4587 6628 5564 97
4588 6273 1545 1669
4589 4980 1706 6146
4590 6290 1655 4959
4591 1655 6290 1539
4592 6291 1655 1539
4593 6281 1664 4968
4594 1759 4928 361
4595 1756 4931 362
4596 6280 4969 1717
4597 6282 1719 1664
4598 1719 6282 370
4599 1542 6282 1664
4600 1661 1722 370
4601 1722 4965 370
4602 4965 1722 4936
4603 1762 4925 361
4604 360 1762 361
4605 4924 1762 360
4606 1764 4923 360
4607 6286 4963 1723
4608 6276 6274 6156
4609 336 6324 1621
4610 336 335 6324
4611 306 6334 307
4612 6344 1601 309
4613 308 6344 309
4614 5569 96 97
4615 6626 5569 97
4616 5569 6626 1417
4617 1933 5568 97
4618 5602 6579 1432
4619 6579 5602 183
4620 5602 1898 183
4621 1899 6579 183
4622 5601 1899 183
4623 5600 1900 183
4624 1900 5601 183
4625 1886 1433 6612
4626 5614 1886 234
4627 1886 6612 234
4628 5612 235 208
4629 6297 1649 1540
4630 1650 4954 6295
4631 181 2101 157
4632 181 206 2106
4633 157 158 2097
4634 62 1951 5550
4635 6631 1945 1407
4636 1945 6631 79
4637 5534 48 6640
4638 5534 1966 48
4639 5534 6640 1390
4640 1966 5534 1390
4641 48 5535 1965
4642 1966 5535 48
4643 6638 1962 1400
4644 1962 5538 1400
4645 1962 6638 48
4646 5538 1962 48
4647 1963 48 5537
4648 1963 5538 48
4649 1970 5531 34
4650 5531 1969 34
4651 1969 5531 1391
4652 5530 1970 34
4653 1971 5530 34
4654 5529 34 6583
4655 1978 5522 1381
4656 1978 35 5522
4657 1978 5523 35
4658 2038 5463 2039
4659 5463 2037 2039
4660 2037 5464 2039
4661 2025 6657 2
4662 6657 2025 1345
4663 1345 5475 2026
4664 2025 5475 1345
4665 5475 2 2026
4666 5475 2025 2
4667 2028 5473 2
4668 5473 2027 2
4669 5474 1345 2026
4670 2 5474 2026
4671 5472 2028 2
4672 2029 5472 2
4673 2030 6659 3
4674 5469 2031 3
4675 5470 2030 3
4676 2031 5470 3
4677 2042 2034 3
4678 2034 2042 5466
4679 5468 2032 3
4680 2033 5468 3
4681 2011 5490 9
4682 2012 6653 9
4683 5492 6652 1354
4684 6652 5492 9
4685 2008 5493 9
4686 5492 2008 9
4687 2018 5483 4
4688 6654 2014 1355
4689 5486 2014 4
4690 2014 6654 4
4691 4 5487 2013
4692 6654 5487 4
4693 5487 1355 2013
4694 5487 6654 1355
4695 2015 5486 4
4696 6384 317 316
4697 2125 289 2126
4698 2125 2124 289
4699 2124 2123 289
4700 207 206 2111
4701 1582 6364 312
4702 6363 1582 312
4703 1584 6362 312
4704 6367 1578 313
4705 6377 1568 315
4706 1568 6377 1518
4707 6378 1568 1518
4708 1568 6378 315
4709 6348 1597 309
4710 6349 1596 310
4711 1596 6350 310
4712 2129 2128 319
4713 318 1554 2910
4714 1555 318 2908
4715 1555 2909 318
4716 318 1556 2908
4717 2907 1556 318
4718 6650 5500 15
4719 5495 2005 8
4720 2005 5496 8
4721 2007 6651 8
4722 1824 6594 4868
4723 1842 364 6575
4724 353 3698 6575
4725 1843 3698 353
4726 3698 912 6575
4727 4867 1823 3718
4728 1815 4871 1274
4729 4871 372 1816
4730 4871 1815 372
4731 1815 4872 372
4732 1694 6134 4992
4733 1690 1696 4991
4734 4851 1818 4868
4735 1818 1824 4868
4736 1818 3716 1824
4737 372 3714 1826
4738 6578 1884 1436
4739 1884 6578 234
4740 1885 5616 234
4741 5616 1884 234
4742 1882 5619 234
4743 5619 1881 234
4744 5619 1882 1435
4745 1881 5619 1435
4746 234 6611 263
4747 1881 6611 234
4748 6611 5620 263
4749 6611 1881 1435
4750 5639 320 321
4751 6577 1853 339
4752 1853 3430 339
4753 4909 357 1778
4754 4909 358 357
4755 358 4909 1777
4756 1865 5636 290
4757 5632 6606 291
4758 1869 5632 291
4759 5631 291 1870
4760 5631 1869 291
4761 3708 1832 373
4762 1834 3706 919
4763 1832 3709 373
4764 3709 1831 373
4765 918 3709 1832
4766 3708 918 1832
4767 1840 3701 363
4768 3701 1839 363
4769 3701 1840 912
4770 1839 3701 911
4771 3704 1837 919
4772 1837 3703 919
4773 1837 3704 363
4774 3703 1837 363
4775 1838 3703 363
4776 3703 1838 919
4777 3704 1836 363
4778 1836 3704 919
4779 3706 1835 919
4780 1835 3705 919
4781 1835 3706 363
4782 3705 1835 363
4783 367 4904 368
4784 1783 4904 367
4785 4904 1783 1270
4786 4888 1799 6112
4787 1799 4888 364
4788 4889 365 364
4789 365 4889 1797
4790 363 1803 364
4791 1847 3694 353
4792 6600 1847 353
4793 1807 4880 374
4794 4879 1807 374
4795 4880 1807 1276
4796 4841 1808 4878
4797 1808 4879 374
4798 3706 1808 374
4799 1834 1808 3706
4800 4878 1808 373
4801 1808 1834 373
4802 1769 4984 1703
4803 375 6139 1686
4804 6139 375 1699
4805 1775 358 369
4806 1687 1699 4988
4807 1687 6139 1699
4808 6144 1682 1485
4809 5555 1945 79
4810 1946 5555 79
4811 1945 5555 1407
4812 6632 5554 79
4813 1947 6632 79
4814 6632 1947 1407
4815 1948 5553 79
4816 5553 1947 79
4817 1928 5573 117
4818 116 5580 138
4819 1599 6347 309
4820 6346 1599 309
4821 1599 1528 6347
4822 1600 6346 309
4823 6278 1667 378
4824 1668 6278 378
4825 1708 1678 4978
4826 1708 6147 1678
4827 4923 1708 4978
4828 6147 1707 1679
4829 1707 4980 1679
4830 1709 377 4977
4831 377 1710 4977
4832 1666 1717 378
4833 1758 4929 361
4834 1757 362 361
4835 4929 1757 361
4836 1757 4930 362
4837 1717 4970 378
4838 1754 1718 4968
4839 1662 6283 1542
4840 6283 1662 370
4841 6285 1661 1542
4842 6285 4964 1722
4843 1661 6285 1722
4844 6284 1662 1542
4845 1661 6284 1542
4846 1662 6284 370
4847 6284 1661 370
4848 1766 4921 360
4849 4933 1753 362
4850 1754 4933 362
4851 4933 1754 4968
4852 1719 4933 4968
4853 1753 4933 1719
4854 4932 362 1755
4855 4932 1754 362
4856 347 4935 348
4857 1752 4935 347
4858 4934 347 362
4859 4934 1752 347
4860 1753 4934 362
4861 4938 1748 348
4862 1670 6274 6276
4863 6153 1673 1487
4864 1673 6153 378
4865 1626 6320 335
4866 334 6319 335
4867 6319 1626 335
4868 334 1631 6315
4869 1624 335 6321
4870 1624 6322 335
4871 1624 6321 1523
4872 1521 6313 1633
4873 6313 333 1633
4874 6313 1632 333
4875 1635 6310 1537
4876 6310 1635 333
4877 5567 1418 1933
4878 5567 1934 1418
4879 5567 1933 97
4880 1934 5567 97
4881 6627 97 1935
4882 1930 5570 1417
4883 5570 1930 96
4884 1932 6626 97
4885 1887 5614 234
4886 1737 4950 351
4887 1649 6296 1540
4888 6296 1650 1540
4889 1651 4955 6294
4890 1651 1732 4955
4891 6297 4953 1649
4892 1734 4953 6297
4893 1648 1734 6297
4894 6298 1648 1540
4895 1648 6297 1540
4896 4952 1648 6298
4897 1648 4952 1734
4898 5598 1902 184
4899 1903 5598 184
4900 5597 6618 1429
4901 5597 1903 184
4902 6617 5599 1428
4903 1902 5599 184
4904 5599 6617 184
4905 184 1901 5600
4906 6617 1901 184
4907 2095 2094 136
4908 2095 136 135
4909 2094 2093 136
4910 2088 2087 115
4911 2087 2086 114
4912 115 2087 114
4913 2089 2088 115
4914 314 6374 315
4915 1572 6374 314
4916 6375 1570 315
4917 5549 6634 1408
4918 1951 5549 1408
4919 6634 5549 62
4920 5549 1951 62
4921 6635 5546 62
4922 5546 1954 62
4923 1956 5545 63
4924 6635 1955 1398
4925 1955 5545 1398
4926 1955 6635 62
4927 63 1955 62
4928 5545 1955 63
4929 1944 5557 79
4930 5557 78 79
4931 1944 5556 1406
4932 5556 6631 1406
4933 5556 1944 79
4934 6631 5556 79
4935 6584 14 15
4936 1997 5504 15
4937 5519 1981 23
4938 1977 6642 35
4939 5524 6642 1381
4940 35 5524 1976
4941 6642 5524 35
4942 1975 5526 35
4943 5508 14 1993
4944 24 5512 1988
4945 5512 1372 1988
4946 1373 1990 5510
4947 14 1990 25
4948 1990 14 5510
4949 24 5516 23
4950 1985 5516 24
4951 5 6586 5479
4952 5 2022 6586
4953 2022 5 5478
4954 5 2023 5478
4955 5 6656 5482
4956 5 2018 4
4957 2018 5 5482
4958 2024 5476 1345
4959 5476 6657 1345
4960 6657 5476 2
4961 2027 6658 2
4962 6658 5474 2
4963 5471 2029 3
4964 6659 5471 3
4965 2032 6660 3
4966 5467 2033 3
4967 2034 5467 3
4968 1334 6659 2030
4969 2010 5491 9
4970 5490 2010 9
4971 5489 6653 1354
4972 5489 2011 9
4973 6653 5489 9
4974 5491 2009 9
4975 2009 6652 9
4976 5484 2016 4
4977 6655 5484 4
4978 6655 2017 1355
4979 5483 2017 4
4980 2017 6655 4
4981 2016 5485 4
4982 5485 2015 4
4983 5485 2016 1355
4984 2015 5485 1355
4985 6380 1565 316
4986 6384 1561 317
4987 1553 318 2910
4988 1553 2911 318
4989 318 1552 2912
4990 2911 1552 318
4991 2123 2122 289
4992 2122 2121 288
4993 289 2122 288
4994 2118 2117 260
4995 259 2117 2116
4996 260 2117 259
4997 2119 2118 260
4998 2115 233 2116
4999 2113 2112 233
5000 2112 2111 232
5001 233 2112 232
5002 1583 6362 1515
5003 1583 6363 312
5004 6362 1583 312
5005 1569 6377 315
5006 6378 1567 315
5007 1528 1598 6347
5008 6347 1598 309
5009 1598 6348 309
5010 319 2127 2126
5011 2128 2127 319
5012 2913 2132 319
5013 2918 1551 2912
5014 2913 1551 2918
5015 1551 2913 319
5016 1551 318 2912
5017 318 1551 319
5018 2915 2129 319
5019 6387 1558 317
5020 6393 1561 1519
5021 1586 6360 312
5022 311 6359 312
5023 6359 1586 312
5024 6357 311 1589
5025 1514 6357 1589
5026 6352 310 1594
5027 6352 1593 310
5028 1593 6352 1513
5029 6355 1591 1513
5030 6354 1591 311
5031 1591 6355 311
5032 6355 1590 311
5033 1590 6355 1513
5034 5499 16 8
5035 5499 2001 16
5036 2003 5498 8
5037 5494 2006 8
5038 6651 5494 8
5039 5494 6651 1353
5040 1813 4874 373
5041 3711 1813 373
5042 6134 1692 1492
5043 1692 6134 1694
5044 1691 6134 1493
5045 6134 1691 4992
5046 1691 1695 4992
5047 1695 1691 6135
5048 3713 1827 372
5049 1827 3714 372
5050 234 5617 1883
5051 6578 5617 234
5052 5617 1436 1883
5053 5617 6578 1436
5054 5621 262 1880
5055 5620 262 263
5056 1880 262 5620
5057 262 5621 1879
5058 5622 262 1879
5059 262 5622 6610
5060 1878 262 6610
5061 262 6609 5625
5062 6603 5640 320
5063 1863 5638 321
5064 5660 5638 1863
5065 5640 1860 320
5066 1860 5641 320
5067 5641 1859 320
5068 1855 5646 339
5069 5646 1854 339
5070 320 1857 340
5071 4910 358 1777
5072 6605 5635 290
5073 5635 1865 290
5074 3708 1833 919
5075 6596 1833 373
5076 1833 3708 373
5077 3707 6596 373
5078 1834 3707 373
5079 3707 1834 919
5080 3709 925 1831
5081 3702 6598 363
5082 6598 1838 363
5083 6597 3705 363
5084 1836 6597 363
5085 4903 1783 367
5086 4903 5000 1783
5087 366 4899 367
5088 1788 4899 366
5089 4891 1795 365
5090 1796 4891 365
5091 4891 1796 1267
5092 4890 365 1797
5093 4890 1796 365
5094 1800 4887 364
5095 4887 1799 364
5096 4888 1798 364
5097 1802 4885 364
5098 4885 1801 364
5099 4886 1800 364
5100 1801 4886 364
5101 1804 4883 363
5102 3694 1846 353
5103 913 1847 6600
5104 1847 913 3694
5105 4916 1770 359
5106 1771 4916 359
5107 1772 4915 359
5108 1769 4917 4984
5109 1770 4917 359
5110 4917 1769 359
5111 4918 1769 1703
5112 1769 4918 359
5113 375 4987 1699
5114 1772 4987 1272
5115 1774 4912 1271
5116 358 4912 1774
5117 1775 4912 358
5118 1698 6138 4988
5119 1705 4981 1263
5120 1706 376 6146
5121 4981 376 1706
5122 1705 376 4981
5123 6145 376 1681
5124 376 1705 4982
5125 376 6144 1681
5126 6144 376 1682
5127 4983 4918 1703
5128 376 4983 1682
5129 4983 376 1704
5130 6141 1685 1485
5131 6140 1685 375
5132 4984 1683 1703
5133 6142 1683 4984
5134 1918 5583 137
5135 5583 1918 1421
5136 5592 1908 160
5137 1908 5592 1424
5138 1927 6624 117
5139 5573 1927 117
5140 6624 1927 1417
5141 1927 5573 1417
5142 1926 116 117
5143 116 1921 5580
5144 5581 137 138
5145 137 5581 1919
5146 5580 1920 138
5147 1601 6345 309
5148 6345 1600 309
5149 1600 6345 1527
5150 1545 6277 1669
5151 6277 378 1669
5152 6277 1668 378
5153 1763 1709 1264
5154 1763 4923 4978
5155 1709 1763 4978
5156 1763 4924 360
5157 4923 1763 360
5158 1708 4979 6147
5159 4979 1707 6147
5160 377 4976 1710
5161 6150 1676 1486
5162 6150 377 1676
5163 6150 1675 377
5164 377 6151 1712
5165 4974 6151 378
5166 6151 1674 378
5167 6310 1636 1536
5168 1636 6310 333
5169 6304 352 351
5170 1642 6304 351
5171 1729 6292 4957
5172 1261 1729 4957
5173 371 6288 1657
5174 371 1657 6289
5175 4927 1759 361
5176 1760 4927 361
5177 1760 4926 1264
5178 1761 4926 361
5179 4926 1760 361
5180 1265 1757 4929
5181 4969 1265 1717
5182 4932 1265 1754
5183 1663 6282 1542
5184 6283 1663 1542
5185 6282 1663 370
5186 1663 6283 370
5187 1751 4936 348
5188 4935 1751 348
5189 4967 1753 1719
5190 4967 1719 370
5191 4966 4935 1752
5192 1720 4966 1752
5193 4966 1720 370
5194 4939 1747 348
5195 1748 4939 348
5196 1749 4937 1723
5197 4963 1749 1723
5198 1749 4963 4938
5199 1749 4938 348
5200 4937 1749 348
5201 1722 1750 4936
5202 4936 1750 348
5203 1750 4937 348
5204 4964 1750 1722
5205 1745 4942 349
5206 4941 1745 349
5207 1655 1728 4959
5208 4958 1728 6291
5209 1728 1655 6291
5210 1746 4941 349
5211 6153 1672 378
5212 1672 6153 1487
5213 1674 6152 378
5214 6152 1673 378
5215 1487 6152 1674
5216 1673 6152 1487
5217 337 6333 306
5218 6339 308 307
5219 6342 308 1604
5220 335 1625 6321
5221 6320 1625 335
5222 1630 334 6315
5223 1630 6316 334
5224 1521 1630 6315
5225 6314 334 333
5226 333 6312 1633
5227 1634 6312 333
5228 6312 1521 1633
5229 1635 6311 333
5230 5566 1934 97
5231 6627 5566 97
5232 1934 5566 1418
5233 5566 6627 1418
5234 5569 1931 96
5235 1931 5570 96
5236 5606 1895 1431
5237 1895 5605 1431
5238 1895 5606 209
5239 5605 1895 209
5240 6616 209 183
5241 6616 5605 209
5242 5605 6616 1432
5243 5612 6613 1433
5244 6613 1889 1433
5245 6613 5612 208
5246 1889 6613 208
5247 235 5613 234
5248 5613 1887 234
5249 1737 1736 4950
5250 4950 1736 351
5251 1736 1645 351
5252 4955 1731 6294
5253 1731 4955 1262
5254 4946 1740 350
5255 1741 4946 350
5256 349 4945 350
5257 4945 1741 350
5258 4945 349 1742
5259 1740 4947 350
5260 1650 1733 4954
5261 6296 1733 1650
5262 1733 1262 4954
5263 1733 6296 1649
5264 4953 1733 1649
5265 159 1904 6618
5266 159 5597 184
5267 5597 159 6618
5268 159 160 1907
5269 2096 2095 135
5270 157 2096 135
5271 2096 157 2097
5272 2093 2092 136
5273 2092 2091 135
5274 136 2092 135
5275 2090 2089 115
5276 2091 2090 114
5277 2090 115 114
5278 158 2098 2097
5279 2099 2098 158
5280 2100 2099 158
5281 2101 2100 157
5282 2100 158 157
5283 1954 5547 62
5284 1953 5548 62
5285 1995 5506 14
5286 6584 1996 1362
5287 5504 1996 15
5288 1996 6584 15
5289 6649 5503 15
5290 5503 1997 15
5291 1998 6649 15
5292 1999 15 5501
5293 1999 5502 15
5294 1980 5520 1382
5295 5520 1980 23
5296 1981 5520 23
5297 5519 6644 1382
5298 6644 5519 23
5299 1982 6644 23
5300 1973 5527 1380
5301 5527 1973 35
5302 6641 5527 35
5303 5525 1975 35
5304 14 1991 5510
5305 1992 1373 6648
5306 1992 6648 14
5307 5508 1992 14
5308 6647 5512 24
5309 1990 5511 25
5310 5511 24 25
5311 23 6645 5517
5312 5513 24 1988
5313 5 2020 5481
5314 2020 5 5480
5315 2021 5 5479
5316 5 2021 5480
5317 2019 5 5481
5318 5 2019 6656
5319 6656 2019 1344
5320 6 5477 2023
5321 5 6 2023
5322 5477 6 2024
5323 5476 6 2
5324 6 5476 2024
5325 1566 316 6379
5326 1566 6380 316
5327 6380 1566 1518
5328 6383 1562 316
5329 6383 1563 1519
5330 6382 1563 316
5331 1563 6383 316
5332 2120 260 2121
5333 2120 2119 260
5334 206 2107 2106
5335 207 2107 206
5336 2110 207 2111
5337 2110 2109 207
5338 2114 2113 233
5339 2115 2114 233
5340 1580 6366 313
5341 6364 1581 313
5342 1596 1512 6350
5343 1598 1512 6348
5344 2914 2131 319
5345 2131 2915 319
5346 1557 2907 317
5347 2906 6388 6390
5348 6388 1558 6390
5349 6389 6388 2906
5350 1558 6388 317
5351 6388 1557 317
5352 6393 6385 1561
5353 317 6385 1560
5354 1561 6385 317
5355 6385 2903 1560
5356 2903 6385 6393
5357 6386 317 1560
5358 6358 1587 311
5359 1588 6358 311
5360 6357 1588 311
5361 1593 6353 310
5362 311 6356 1589
5363 1590 6356 311
5364 5498 2002 8
5365 2002 5499 8
5366 5497 2003 8
5367 4894 366 1793
5368 6117 4894 1793
5369 261 1872 291
5370 1872 5629 291
5371 5629 1872 1437
5372 291 6607 5630
5373 262 5626 261
5374 5626 1874 261
5375 5639 1861 320
5376 1861 6603 320
5377 6603 1861 1439
5378 1862 5639 321
5379 5638 1862 321
5380 5639 1862 5659
5381 3417 1862 5638
5382 3418 1861 5639
5383 320 5642 6602
5384 1859 5642 320
5385 4913 358 1774
5386 1830 925 3711
5387 1830 3711 373
5388 4873 3712 1814
5389 4904 1782 368
5390 1782 4905 368
5391 1782 4904 1270
5392 4906 1780 368
5393 4902 1784 367
5394 1784 4903 367
5395 1785 4902 367
5396 4901 1785 367
5397 1786 367 4900
5398 1786 4901 367
5399 1269 1786 4900
5400 4901 1786 1269
5401 367 1787 4900
5402 4899 1787 367
5403 1787 1269 4900
5404 1787 5004 1269
5405 5004 1787 4899
5406 4898 1789 6121
5407 4898 1788 366
5408 1789 4898 366
5409 4896 1790 366
5410 4829 4888 6112
5411 1845 3695 3691
5412 3695 1845 353
5413 1846 3695 353
5414 1845 6599 353
5415 6599 3696 353
5416 6599 1845 5110
5417 1844 3697 353
5418 3696 1844 353
5419 1844 912 3697
5420 3431 1851 339
5421 1851 3432 339
5422 5367 1848 354
5423 4882 1804 374
5424 1805 4882 374
5425 1806 4881 374
5426 4881 1805 374
5427 4877 1809 373
5428 1810 4877 373
5429 4881 4838 1805
5430 1700 4987 375
5431 4987 4914 1699
5432 4914 4987 1772
5433 4914 1772 359
5434 358 4914 359
5435 1773 4914 358
5436 1701 4986 375
5437 1701 1685 6141
5438 1685 1701 375
5439 1701 4916 1272
5440 358 1776 369
5441 1688 4989 6137
5442 1688 1698 4989
5443 1688 6138 1698
5444 376 1680 6146
5445 1680 376 6145
5446 1680 6145 1486
5447 6143 4983 1703
5448 1683 6143 1703
5449 4983 6143 1682
5450 5589 1911 160
5451 1911 5590 160
5452 1912 6620 1425
5453 1912 5589 160
5454 6620 1912 160
5455 1913 5588 160
5456 5588 6620 160
5457 6620 5588 1425
5458 1915 6621 137
5459 5585 1915 137
5460 5587 1913 137
5461 1914 5587 137
5462 5582 137 1919
5463 5582 1918 137
5464 1909 5592 160
5465 5591 1909 160
5466 1910 6619 160
5467 6619 5591 160
5468 5591 6619 1425
5469 1908 5593 160
5470 6624 5574 117
5471 5574 1926 117
5472 5574 6624 1416
5473 1926 5574 1416
5474 1923 5578 116
5475 377 6149 1676
5476 1677 6149 377
5477 1676 6149 1486
5478 6149 1677 1486
5479 6148 1677 377
5480 6148 377 1709
5481 6148 1709 4978
5482 352 6308 332
5483 1636 6309 1520
5484 6309 1636 333
5485 6309 333 332
5486 1637 6309 332
5487 6302 1643 351
5488 1644 6302 351
5489 4960 371 6289
5490 1656 4960 6289
5491 1727 4960 1656
5492 1266 4966 370
5493 4962 4939 1748
5494 4942 1744 349
5495 1744 4943 349
5496 349 4944 1742
5497 4940 349 348
5498 4940 1746 349
5499 1747 4940 348
5500 6275 1671 1487
5501 1671 6275 1670
5502 6154 6276 378
5503 1672 6154 378
5504 6154 1670 6276
5505 6154 1671 1670
5506 1671 6154 1487
5507 6154 1672 1487
5508 1618 6328 336
5509 6328 1618 1524
5510 6329 1617 1524
5511 1617 6328 1524
5512 6328 1617 336
5513 336 1617 305
5514 1617 6329 305
5515 6325 336 1621
5516 6325 1620 336
5517 1523 6325 1621
5518 1612 1525 6334
5519 1612 6334 306
5520 6333 1612 306
5521 6329 1616 306
5522 1616 337 306
5523 1616 6329 1524
5524 6337 1608 307
5525 338 6337 307
5526 1608 6337 1526
5527 6335 338 307
5528 1608 6338 307
5529 6338 1608 1526
5530 1511 6345 1601
5531 1603 6342 1527
5532 1603 6343 308
5533 6342 1603 308
5534 1627 6319 334
5535 6316 1629 334
5536 1629 6317 334
5537 1898 5603 183
5538 5603 1897 183
5539 1897 5603 1432
5540 1897 5604 183
5541 5604 1897 1432
5542 1893 5607 1431
5543 5607 6615 1431
5544 5607 1893 208
5545 6615 5607 208
5546 1894 6615 208
5547 1894 208 209
5548 5606 1894 209
5549 1894 5606 1431
5550 6615 1894 1431
5551 1893 5608 208
5552 5608 1892 208
5553 5608 1893 1434
5554 1892 5608 1434
5555 1888 235 5612
5556 1888 5613 235
5557 1888 5612 1433
5558 1739 4948 350
5559 4947 1739 350
5560 1734 1739 1262
5561 4952 1739 1734
5562 2105 2104 182
5563 2105 181 2106
5564 2105 182 181
5565 2104 2103 182
5566 6370 1575 314
5567 6369 314 313
5568 1577 6369 313
5569 1571 6375 315
5570 6374 1571 315
5571 6371 1574 314
5572 1574 6372 314
5573 6372 1573 314
5574 1574 1517 6372
5575 1517 1571 6374
5576 1571 1517 6375
5577 6634 1952 1408
5578 1952 5548 1408
5579 1952 6634 62
5580 5548 1952 62
5581 5544 6636 1399
5582 5544 1956 63
5583 6636 5544 63
5584 1957 6636 63
5585 6584 5505 14
5586 5505 1995 14
5587 5505 6584 1362
5588 1995 5505 1362
5589 1373 5509 6648
5590 6648 5509 14
5591 5509 1991 14
5592 14 5507 1993
5593 1994 5507 14
5594 5507 1373 1993
5595 6646 5514 24
5596 5514 1986 24
5597 5514 6646 1372
5598 1985 5515 1372
5599 5515 1985 24
5600 1986 5515 24
5601 1987 6646 24
5602 2109 2108 207
5603 2108 2107 207
5604 1579 6367 313
5605 6365 1580 313
5606 1581 6365 313
5607 1580 6365 1515
5608 6365 1581 1515
5609 6350 1595 310
5610 1558 2905 6390
5611 2905 1558 6387
5612 2903 6392 1560
5613 6392 6386 1560
5614 2004 6585 8
5615 6585 5497 8
5616 5497 6585 1364
5617 1820 4867 3718
5618 3719 1821 4866
5619 6573 3719 930
5620 1821 6573 4865
5621 6573 1821 3719
5622 4993 1692 1694
5623 4993 6133 1692
5624 4825 6117 1793
5625 1795 4892 365
5626 4826 4892 1267
5627 5629 1871 291
5628 1871 6607 291
5629 1871 5629 1437
5630 6607 1871 1437
5631 1875 262 5625
5632 1875 5626 262
5633 1439 1858 6602
5634 1858 320 6602
5635 1858 5643 320
5636 1830 3710 925
5637 3710 1830 373
5638 1828 3713 372
5639 1829 3712 4873
5640 1829 1813 3711
5641 925 1829 3711
5642 3712 1829 925
5643 4905 1781 368
5644 1781 4906 368
5645 4820 4898 6121
5646 4897 1789 366
5647 1790 4897 366
5648 4897 1790 6120
5649 4903 6126 5000
5650 1784 6126 4903
5651 3432 1850 339
5652 339 1849 354
5653 5107 353 354
5654 5107 6600 353
5655 4985 1701 6141
5656 1684 4985 6141
5657 1702 4985 1684
5658 4916 4985 1770
5659 1701 4985 4916
5660 5584 1916 137
5661 1917 5584 137
5662 5583 6622 137
5663 116 1922 5579
5664 5578 1922 116
5665 1926 5575 116
5666 6305 1640 352
5667 1640 6305 1536
5668 1644 1535 6302
5669 6301 1644 351
5670 371 1726 4961
5671 4960 1726 371
5672 1726 4960 1261
5673 4965 1721 370
5674 4962 1724 371
5675 1724 4962 1748
5676 1725 371 4961
5677 1725 4962 371
5678 1725 4961 1747
5679 4939 1725 1747
5680 4962 1725 4939
5681 4943 1743 349
5682 1743 4944 349
5683 1743 1261 4957
5684 1743 4957 1730
5685 6327 1618 336
5686 1616 6330 337
5687 1609 6337 338
5688 6334 1611 307
5689 1611 6335 307
5690 1607 6339 307
5691 6338 1607 307
5692 1607 6338 1526
5693 1606 6340 308
5694 6340 1605 308
5695 1896 6616 183
5696 5604 1896 183
5697 6616 1896 1432
5698 1896 5604 1432
5699 1892 5609 208
5700 5609 1892 1434
5701 1890 5610 1434
5702 5610 1890 208
5703 2103 2102 182
5704 181 2102 2101
5705 182 2102 181
5706 1576 6370 314
5707 6369 1576 314
5708 6370 1576 1516
5709 1576 6369 1516
5710 1693 4993 4994
5711 4993 1693 6133
5712 365 4893 1793
5713 4893 4825 1793
5714 1794 4892 6116
5715 4892 1794 365
5716 1794 4893 365
5717 4894 1792 366
5718 1792 4895 366
5719 1792 4824 6118
5720 1792 4894 4824
5721 5628 1872 261
5722 1873 5628 261
5723 1872 5628 1437
5724 5628 1873 1437
5725 1874 5627 261
5726 5647 3429 6577
5727 5647 6577 339
5728 1854 5647 339
5729 1831 6595 373
5730 6595 3710 373
5731 6574 3712 925
5732 3712 6574 1814
5733 6574 4872 1814
5734 6122 5004 4899
5735 1848 5368 354
5736 5368 5107 354
5737 5368 1848 1302
5738 5107 3693 6600
5739 5368 3693 5107
5740 1924 6581 116
5741 5577 1923 116
5742 6581 5577 116
5743 1923 5577 1422
5744 5577 6581 1422
5745 1925 6582 116
5746 6306 1640 1536
5747 1639 6306 1536
5748 1640 6306 352
5749 6306 1639 352
5750 1639 6307 352
5751 1535 1641 6304
5752 6304 1641 352
5753 1641 6305 352
5754 6305 1641 1536
5755 1613 6333 337
5756 6332 1613 337
5757 6335 1610 338
5758 1610 6335 1525
5759 308 6341 1604
5760 1605 6341 308
5761 6614 5610 208
5762 5610 6614 1434
5763 5611 1889 208
5764 1890 5611 208
5765 1889 5611 1434
5766 5611 1890 1434
5767 1791 4896 366
5768 4895 1791 366
5769 6608 1873 261
5770 5627 6608 261
5771 4885 4834 1801
5772 6582 5576 116
5773 5576 1924 116
5774 5576 6582 1422
5775 1610 6336 338
5776 5609 1891 208
5777 1891 6614 208
5778 1891 5609 1434
5779 6614 1891 1434
5780 3752 4887 1800
5781 76 60 59
5782 75 76 59
5783 58 75 59
5784 58 74 75
5785 132 155 133
5786 155 132 154
5787 93 76 75
5788 76 93 94
5789 31 21 20
5790 21 31 32
5791 30 31 19
5792 31 20 19
5793 107 88 87
5794 88 107 108
5795 131 153 154
5796 132 131 154
5797 131 109 130
5798 109 131 110
5799 107 129 108
5800 129 107 128
5801 129 150 151
5802 129 128 150
5803 109 129 130
5804 129 109 108
5805 257 229 256
5806 229 257 230
5807 285 257 256
5808 257 285 286
5809 174 198 199
5810 173 198 174
5811 341 355 356
5812 355 341 340
5813 102 83 82
5814 83 102 103
5815 119 142 120
5816 142 119 141
5817 119 97 118
5818 97 119 98
5819 196 221 222
5820 221 196 195
5821 221 249 222
5822 249 221 248
5823 194 221 195
5824 221 194 220
5825 184 209 210
5826 209 184 183
5827 184 210 211
5828 185 184 211
5829 119 140 141
5830 140 119 118
5831 140 117 139
5832 117 140 118
5833 113 112 133
5834 113 133 134
5835 135 113 134
5836 113 135 114
5837 93 113 94
5838 94 113 114
5839 90 73 72
5840 73 90 91
5841 92 113 93
5842 113 92 112
5843 74 92 75
5844 92 93 75
5845 92 73 91
5846 73 92 74
5847 131 111 110
5848 111 131 132
5849 111 92 91
5850 92 111 112
5851 111 132 133
5852 112 111 133
5853 90 111 91
5854 111 90 110
5855 65 84 66
5856 84 65 83
5857 50 65 66
5858 65 50 49
5859 83 65 82
5860 65 64 82
5861 44 58 59
5862 58 44 43
5863 60 44 59
5864 44 60 45
5865 44 31 30
5866 44 30 43
5867 31 44 32
5868 44 45 32
5869 152 131 130
5870 131 152 153
5871 129 152 130
5872 152 129 151
5873 150 175 151
5874 174 175 150
5875 175 152 151
5876 152 175 176
5877 226 225 253
5878 225 252 253
5879 107 106 128
5880 128 106 127
5881 106 107 87
5882 86 106 87
5883 69 86 87
5884 69 68 86
5885 155 178 179
5886 178 155 154
5887 282 313 283
5888 313 282 312
5889 252 282 253
5890 281 282 252
5891 291 290 321
5892 322 291 321
5893 323 291 322
5894 291 323 292
5895 353 365 354
5896 365 353 364
5897 119 99 98
5898 99 119 120
5899 100 99 121
5900 99 120 121
5901 101 102 82
5902 81 101 82
5903 99 78 98
5904 78 99 79
5905 143 168 144
5906 168 143 167
5907 120 143 121
5908 142 143 120
5909 162 137 161
5910 137 162 138
5911 104 83 103
5912 104 84 83
5913 242 216 215
5914 216 242 243
5915 242 215 214
5916 241 242 214
5917 242 271 243
5918 271 272 243
5919 278 249 248
5920 277 278 248
5921 97 96 118
5922 96 117 118
5923 296 326 327
5924 326 296 295
5925 297 296 328
5926 328 296 327
5927 294 295 265
5928 294 265 264
5929 263 294 264
5930 293 294 263
5931 57 58 43
5932 42 57 43
5933 58 57 74
5934 57 73 74
5935 89 88 108
5936 109 89 108
5937 89 109 110
5938 90 89 110
5939 48 65 49
5940 65 48 64
5941 37 51 52
5942 51 37 36
5943 51 50 66
5944 67 51 66
5945 51 68 52
5946 51 67 68
5947 85 106 86
5948 106 85 105
5949 104 85 84
5950 85 104 105
5951 84 85 66
5952 85 67 66
5953 67 85 68
5954 68 85 86
5955 16 17 8
5956 8 17 9
5957 35 51 36
5958 51 35 50
5959 50 35 49
5960 35 34 49
5961 200 225 226
5962 225 200 199
5963 175 200 176
5964 176 200 201
5965 200 174 199
5966 200 175 174
5967 198 224 199
5968 224 225 199
5969 88 70 87
5970 70 69 87
5971 177 152 176
5972 152 177 153
5973 153 177 154
5974 177 178 154
5975 203 229 230
5976 203 230 204
5977 178 203 179
5978 179 203 204
5979 285 316 286
5980 315 316 285
5981 230 231 204
5982 231 205 204
5983 257 231 230
5984 231 257 258
5985 259 231 258
5986 231 259 232
5987 254 282 283
5988 282 254 253
5989 282 311 312
5990 311 282 281
5991 339 355 340
5992 355 339 354
5993 341 320 340
5994 320 341 321
5995 323 324 292
5996 324 293 292
5997 357 367 368
5998 367 357 356
5999 64 63 82
6000 63 81 82
6001 48 63 64
6002 63 48 47
6003 80 101 81
6004 101 80 100
6005 80 99 100
6006 99 80 79
6007 63 80 81
6008 80 63 62
6009 143 122 121
6010 122 143 144
6011 101 122 102
6012 102 122 123
6013 122 100 121
6014 122 101 100
6015 194 193 220
6016 193 219 220
6017 218 193 192
6018 193 218 219
6019 193 194 169
6020 168 193 169
6021 193 168 167
6022 193 167 192
6023 143 166 167
6024 166 143 142
6025 166 142 141
6026 165 166 141
6027 168 145 144
6028 145 168 169
6029 145 122 144
6030 122 145 123
6031 196 171 195
6032 171 170 195
6033 360 345 359
6034 359 345 344
6035 347 328 327
6036 347 348 328
6037 240 239 268
6038 269 240 268
6039 301 300 331
6040 332 301 331
6041 301 333 302
6042 333 301 332
6043 271 301 272
6044 272 301 302
6045 299 270 269
6046 270 299 300
6047 270 301 271
6048 301 270 300
6049 270 240 269
6050 240 270 241
6051 270 242 241
6052 270 271 242
6053 276 306 307
6054 277 276 307
6055 308 278 277
6056 308 277 307
6057 180 179 204
6058 205 180 204
6059 73 56 72
6060 57 56 73
6061 56 57 42
6062 56 42 41
6063 17 18 9
6064 18 10 9
6065 69 53 68
6066 68 53 52
6067 70 53 69
6068 53 70 54
6069 53 37 52
6070 53 38 37
6071 24 38 25
6072 38 24 37
6073 37 24 36
6074 24 23 36
6075 21 12 20
6076 13 12 21
6077 223 196 222
6078 196 223 197
6079 223 224 198
6080 223 198 197
6081 56 71 72
6082 71 56 55
6083 71 90 72
6084 71 89 90
6085 89 71 88
6086 71 70 88
6087 71 55 54
6088 70 71 54
6089 202 176 201
6090 202 177 176
6091 177 202 178
6092 202 203 178
6093 203 202 229
6094 202 228 229
6095 287 257 286
6096 257 287 258
6097 287 259 258
6098 259 287 288
6099 316 287 286
6100 317 287 316
6101 287 318 288
6102 318 287 317
6103 231 206 205
6104 206 231 232
6105 313 314 283
6106 283 314 284
6107 314 315 285
6108 314 285 284
6109 202 227 228
6110 227 202 201
6111 227 200 226
6112 200 227 201
6113 227 226 253
6114 254 227 253
6115 255 227 254
6116 227 255 228
6117 255 285 256
6118 285 255 284
6119 229 255 256
6120 228 255 229
6121 255 254 283
6122 255 283 284
6123 343 324 323
6124 324 343 344
6125 355 366 356
6126 366 367 356
6127 365 366 354
6128 366 355 354
6129 172 198 173
6130 198 172 197
6131 172 171 196
6132 172 196 197
6133 146 145 169
6134 170 146 169
6135 352 332 331
6136 351 352 331
6137 325 294 293
6138 324 325 293
6139 325 326 295
6140 294 325 295
6141 345 325 344
6142 325 324 344
6143 346 325 345
6144 325 346 326
6145 346 345 360
6146 346 360 361
6147 326 346 327
6148 346 347 327
6149 362 346 361
6150 347 346 362
6151 348 329 328
6152 349 329 348
6153 186 162 161
6154 186 187 162
6155 160 186 161
6156 186 160 185
6157 186 185 211
6158 212 186 211
6159 213 188 187
6160 188 213 214
6161 213 186 212
6162 186 213 187
6163 213 241 214
6164 213 240 241
6165 240 213 239
6166 213 212 239
6167 216 189 215
6168 189 216 190
6169 215 189 214
6170 189 188 214
6171 162 163 138
6172 138 163 139
6173 187 163 162
6174 188 163 187
6175 335 336 304
6176 304 336 305
6177 247 221 220
6178 221 247 248
6179 247 277 248
6180 247 276 277
6181 273 272 302
6182 303 273 302
6183 304 273 303
6184 274 273 304
6185 334 335 304
6186 334 304 303
6187 333 334 302
6188 334 303 302
6189 235 263 264
6190 235 234 263
6191 265 235 264
6192 235 265 236
6193 209 235 236
6194 208 235 209
6195 209 237 210
6196 237 209 236
6197 191 166 165
6198 191 165 190
6199 167 191 192
6200 166 191 167
6201 216 191 190
6202 217 191 216
6203 191 218 192
6204 191 217 218
6205 181 180 205
6206 206 181 205
6207 156 135 134
6208 156 157 135
6209 155 156 133
6210 133 156 134
6211 181 156 180
6212 156 181 157
6213 156 155 179
6214 180 156 179
6215 53 39 38
6216 39 53 54
6217 29 30 19
6218 18 29 19
6219 29 42 43
6220 30 29 43
6221 29 18 17
6222 28 29 17
6223 42 29 41
6224 29 28 41
6225 18 11 10
6226 11 18 19
6227 20 11 19
6228 12 11 20
6229 225 251 252
6230 224 251 225
6231 358 359 344
6232 343 358 344
6233 342 358 343
6234 358 342 357
6235 341 342 321
6236 342 322 321
6237 342 341 356
6238 357 342 356
6239 342 323 322
6240 342 343 323
6241 117 116 139
6242 116 138 139
6243 128 149 150
6244 149 128 127
6245 149 173 174
6246 149 174 150
6247 102 124 103
6248 124 102 123
6249 145 124 123
6250 146 124 145
6251 298 269 268
6252 298 299 269
6253 267 298 268
6254 298 267 297
6255 298 297 328
6256 329 298 328
6257 330 298 329
6258 298 330 299
6259 330 351 331
6260 330 350 351
6261 300 330 331
6262 299 330 300
6263 330 329 349
6264 330 349 350
6265 164 189 190
6266 165 164 190
6267 140 164 141
6268 164 165 141
6269 189 164 188
6270 164 163 188
6271 164 140 139
6272 163 164 139
6273 218 246 219
6274 246 218 245
6275 219 246 220
6276 246 247 220
6277 218 244 245
6278 217 244 218
6279 244 216 243
6280 244 217 216
6281 244 273 274
6282 244 274 245
6283 272 244 243
6284 273 244 272
6285 266 296 297
6286 267 266 297
6287 296 266 295
6288 295 266 265
6289 265 266 236
6290 266 237 236
6291 266 238 237
6292 238 266 267
6293 238 212 211
6294 212 238 239
6295 239 238 268
6296 238 267 268
6297 210 238 211
6298 237 238 210
6299 14 26 15
6300 26 14 25
6301 38 26 25
6302 39 26 38
6303 11 5 10
6304 5 4 10
6305 308 279 278
6306 279 308 309
6307 262 293 263
6308 293 262 292
6309 262 291 292
6310 262 261 291
6311 106 126 127
6312 126 106 105
6313 275 304 305
6314 275 274 304
6315 276 275 306
6316 306 275 305
6317 275 246 245
6318 274 275 245
6319 247 275 276
6320 246 275 247
6321 159 184 185
6322 160 159 185
6323 56 40 55
6324 40 56 41
6325 55 40 54
6326 40 39 54
6327 6 12 13
6328 7 6 13
6329 2 6 3
6330 6 7 3
6331 6 11 12
6332 6 5 11
6333 280 281 252
6334 251 280 252
6335 280 311 281
6336 311 280 310
6337 280 279 309
6338 310 280 309
6339 280 250 279
6340 250 280 251
6341 249 250 222
6342 250 223 222
6343 223 250 224
6344 250 251 224
6345 278 250 249
6346 279 250 278
6347 171 147 170
6348 147 146 170
6349 26 27 15
6350 15 27 16
6351 27 17 16
6352 27 28 17
6353 27 26 39
6354 40 27 39
6355 28 27 41
6356 27 40 41
6357 148 149 127
6358 126 148 127
6359 148 172 173
6360 149 148 173
6361 172 148 171
6362 148 147 171
6363 148 125 147
6364 125 148 126
6365 125 104 103
6366 124 125 103
6367 104 125 105
6368 125 126 105
6369 125 124 146
6370 147 125 146
6371 2040 2102 2039
6372 2076 2102 2075
6373 2073 2102 2072
6374 2102 2083 2084
6375 2080 2102 2079
6376 2102 2078 2079
6377 2061 2102 2060
6378 2102 2059 2060
6379 2102 2069 2070
6380 2078 2102 2077
6381 2102 2076 2077
6382 2082 2102 2081
6383 2102 2080 2081
6384 5878 2102 4286
6385 2045 2102 2044
6386 2083 2102 2082
6387 2085 2102 2084
6388 2055 2102 2054
6389 2102 2062 2063
6390 2066 2102 2065
6391 2071 2102 2070
6392 2102 2085 2086
6393 2102 2120 2121
6394 2102 2064 2065
6395 2102 2066 2067
6396 2102 2071 2072
6397 2102 2074 2075
6398 2102 2096 2097
6399 2102 2046 2047
6400 2102 2048 2049
6401 2064 2102 2063
6402 2062 2102 2061
6403 2068 2102 2067
6404 2102 2090 2091
6405 2102 2053 2054
6406 2050 2102 2049
6407 2102 2056 2057
6408 2102 2068 2069
6409 2102 2073 2074
6410 2102 2040 2041
6411 2042 2102 2041
6412 2102 2043 2044
6413 2046 2102 2045
6414 2048 2102 2047
6415 2053 2102 2052
6416 2058 2102 2057
6417 2056 2102 2055
6418 2102 2051 2052
6419 2122 2102 2121
6420 2092 2102 2091
6421 2102 2038 2039
6422 2043 2102 2042
6423 2102 2058 2059
6424 2051 2102 2050
6425 2102 2125 2126
6426 2112 2102 2111
6427 2087 2102 2086
6428 2038 2102 6588
6429 2125 2102 2124
6430 2102 2123 2124
6431 2117 2102 2116
6432 2102 2115 2116
6433 2102 2128 2129
6434 2916 2102 2129
6435 2127 2102 2126
6436 2114 2102 2113
6437 2095 2102 2094
6438 2102 2093 2094
6439 2102 2087 2088
6440 2089 2102 2088
6441 2098 2102 2097
6442 2102 2100 2101
6443 2102 2122 2123
6444 2102 2117 2118
6445 2119 2102 2118
6446 2107 2102 2106
6447 2102 2110 2111
6448 2102 2112 2113
6449 2102 2127 2128
6450 2096 2102 2095
6451 2102 2092 2093
6452 2090 2102 2089
6453 2102 2105 2106
6454 2102 2098 2099
6455 2100 2102 2099
6456 2120 2102 2119
6457 2102 2108 2109
6458 2110 2102 2109
6459 2102 2114 2115
6460 2105 2102 2104
6461 2102 2103 2104
6462 2108 2102 2107
2 5 2 1518
6463 4518 1232 4519
6464 4527 1222 1211
6465 1166 4542 1183
6466 1198 4532 1211
6467 4537 1198 1183
6468 4524 4523 1222
6469 4528 4527 1211
6470 4525 4524 1222
6471 4524 4525 3852
6472 3963 4436 1209
6473 2137 4494 1247
6474 4493 2139 1247
6475 4507 1250 1246
6476 4512 1246 1240
6477 4513 4512 1240
6478 2270 4512 4513
6479 1147 4547 1166
6480 4544 1166 4545
6481 3832 4544 4545
6482 4541 4540 1183
6483 4542 4541 1183
6484 4541 3836 4540
6485 4541 4542 3835
6486 4531 4530 1211
6487 4532 4531 1211
6488 4538 4537 1183
6489 4537 4538 3839
6490 1232 4520 4519
6491 4529 4530 3847
6492 4530 4529 1211
6493 4529 4528 1211
6494 4528 3849 4527
6495 4527 4526 1222
6496 4526 4525 1222
6497 4526 4527 3850
6498 4726 4725 973
6499 1209 4435 1210
6500 952 953 4625
6501 4559 4560 2456
6502 4556 4557 2456
6503 4568 4567 1053
6504 2450 4567 4568
6505 4569 4568 1053
6506 2453 4564 4565
6507 4495 2137 1247
6508 1246 4496 1247
6509 4496 6524 1247
6510 4494 2138 1247
6511 4492 2140 1247
6512 2139 4492 1247
6513 1250 4498 2134
6514 4507 4508 2275
6515 4508 4509 2274
6516 4508 1246 4509
6517 4508 4507 1246
6518 4514 4513 1240
6519 4515 4514 1240
6520 4514 4515 2268
6521 4513 4514 2269
6522 4517 4518 2265
6523 1232 4517 1240
6524 4517 1232 4518
6525 1246 4510 4509
6526 4510 2273 4509
6527 3853 4523 4524
6528 4526 3851 4525
6529 3845 4531 4532
6530 4550 4551 2456
6531 4551 4550 1147
6532 4546 3831 4545
6533 1166 4546 4545
6534 4547 4546 1166
6535 4546 4547 3830
6536 4543 4542 1166
6537 4544 4543 1166
6538 4542 4543 3834
6539 4543 4544 3833
6540 4538 4539 3838
6541 4539 4540 3837
6542 4540 4539 1183
6543 4539 4538 1183
6544 4537 4536 1198
6545 4536 4535 1198
6546 4535 4536 3841
6547 3840 4536 4537
6548 4533 3844 4532
6549 4533 4532 1198
6550 4529 3848 4528
6551 4660 959 960
6552 4674 962 4675
6553 4675 962 963
6554 2801 1051 1078
6555 2782 4376 452
6556 2782 1125 4376
6557 4728 4727 973
6558 4727 4726 973
6559 974 4326 2832
6560 969 4706 4705
6561 4707 4706 969
6562 4710 4709 969
6563 1208 4440 1209
6564 4521 4520 1232
6565 4521 2262 4520
6566 4436 3964 1209
6567 727 3964 4436
6568 4439 3961 1209
6569 4608 949 950
6570 4613 4612 950
6571 951 4615 950
6572 4807 975 976
6573 4561 4562 2456
6574 4560 4561 2456
6575 4572 4571 1053
6576 1026 4572 1053
6577 4571 4570 1053
6578 4570 4569 1053
6579 4570 4571 4763
6580 4570 4764 4569
6581 1000 1001 4591
6582 1000 4743 4590
6583 4572 4762 4571
6584 4643 956 4644
6585 956 4640 955
6586 4641 4640 956
6587 4634 4633 954
6588 4635 954 955
6589 4635 4634 954
6590 4654 4653 958
6591 959 4655 958
6592 4655 4654 958
6593 2136 6524 389
6594 4495 2136 389
6595 6524 2136 1247
6596 2136 4495 1247
6597 1250 2135 1246
6598 2135 4496 1246
6599 4499 2284 1250
6600 2284 4498 1250
6601 2284 4499 388
6602 2283 4499 1250
6603 4507 4506 1250
6604 4506 4507 2276
6605 4516 4517 2266
6606 4515 4516 2267
6607 4516 4515 1240
6608 4517 4516 1240
6609 4512 4511 1246
6610 4511 4510 1246
6611 4511 4512 2271
6612 4510 4511 2272
6613 4552 4551 1147
6614 4551 4552 2456
6615 4552 4553 2456
6616 4553 4554 2456
6617 4548 4547 1147
6618 4547 4548 3829
6619 4531 3846 4530
6620 4491 1248 1247
6621 2140 4491 1247
6622 390 4491 2140
6623 4681 964 4682
6624 4676 4675 963
6625 4677 4676 963
6626 4679 4678 963
6627 4678 4677 963
6628 4661 4660 960
6629 959 4658 4657
6630 4667 4666 961
6631 4664 4663 960
6632 4671 962 4672
6633 962 4673 4672
6634 4673 962 4674
6635 6560 2801 1078
6636 1051 4356 2802
6637 2801 4356 1051
6638 1077 6521 1078
6639 4359 2799 1078
6640 2799 4359 440
6641 1052 2809 1024
6642 1144 4395 1145
6643 6555 1125 1124
6644 1125 2783 1101
6645 2792 1077 1076
6646 974 4730 4327
6647 4731 4730 974
6648 4732 974 2832
6649 4732 4731 974
6650 2829 4328 973
6651 2836 4739 420
6652 2836 4736 4739
6653 4708 4707 969
6654 4709 4708 969
6655 2824 4334 423
6656 4712 970 4713
6657 4711 970 4712
6658 970 4711 4710
6659 970 4710 969
6660 3959 4441 736
6661 6533 4448 735
6662 4520 2263 4519
6663 4522 4523 3854
6664 4522 4521 1232
6665 4522 1232 1222
6666 4523 4522 1222
6667 4522 2261 4521
6668 6537 3962 1209
6669 6538 4435 1209
6670 3964 6538 1209
6671 6538 727 4435
6672 6538 3964 727
6673 4438 727 6537
6674 4438 3961 727
6675 4438 6537 1209
6676 3961 4438 1209
6677 1197 3976 4423
6678 1180 4419 3981
6679 1197 4419 1180
6680 4419 721 3981
6681 4615 4614 950
6682 4614 4613 950
6683 4617 951 4618
6684 4620 951 952
6685 4624 952 4625
6686 4629 4628 953
6687 953 4626 4625
6688 2454 4563 4564
6689 4567 1079 1053
6690 4566 1079 4567
6691 1079 4566 4565
6692 4564 1079 4565
6693 4563 1079 4564
6694 1079 4563 4562
6695 4573 1026 4574
6696 4573 4572 1026
6697 4760 4573 4574
6698 4572 4573 4761
6699 4569 4765 4568
6700 4566 2452 4565
6701 2451 4566 4567
6702 4819 1000 4591
6703 4819 4743 1000
6704 957 4645 956
6705 956 4645 4644
6706 4642 4641 956
6707 4643 4642 956
6708 4640 4639 955
6709 954 4632 4631
6710 4633 4632 954
6711 4637 4636 955
6712 4636 4635 955
6713 4652 4651 958
6714 4653 4652 958
6715 4656 959 4657
6716 4656 4655 959
6717 4497 1250 2134
6718 4497 2135 1250
6719 2135 4497 389
6720 2284 2133 4498
6721 4550 4549 1147
6722 4549 4548 1147
6723 4548 4549 3828
6724 4549 4550 2456
6725 1126 4557 4556
6726 1126 4554 4553
6727 1126 4552 1147
6728 4552 1126 4553
6729 4534 3843 4533
6730 4535 4534 1198
6731 4534 4533 1198
6732 3842 4534 4535
6733 4685 964 965
6734 4680 964 4681
6735 964 4680 963
6736 4680 4679 963
6737 4663 4662 960
6738 4662 4661 960
6739 4660 4659 959
6740 4659 4658 959
6741 1181 6545 1182
6742 4668 961 4669
6743 4668 4667 961
6744 961 4665 960
6745 4665 4664 960
6746 4666 4665 961
6747 4671 4670 962
6748 962 4670 961
6749 961 4670 4669
6750 2768 1146 1145
6751 2768 4389 1146
6752 4357 1078 2800
6753 4357 6560 1078
6754 4359 2798 440
6755 2798 4359 1078
6756 6521 2798 1078
6757 4360 1077 2797
6758 2809 6562 1024
6759 2804 1052 1051
6760 4354 2804 1051
6761 2803 4354 1051
6762 4395 2763 1145
6763 1164 4401 1165
6764 1164 2753 4404
6765 4382 2776 1124
6766 2779 4378 1124
6767 4379 2779 1124
6768 2778 4379 1124
6769 4372 1102 1101
6770 2788 4369 1102
6771 1102 2791 1076
6772 4729 4728 973
6773 4730 4729 973
6774 4742 4732 2832
6775 4328 2830 973
6776 2830 4730 973
6777 4730 2830 4327
6778 424 2830 4328
6779 2838 4737 2837
6780 4736 4735 4739
6781 4740 2835 4734
6782 2835 4735 4734
6783 4735 2835 4739
6784 4739 2835 420
6785 6569 4733 4741
6786 4733 6569 4734
6787 966 4690 965
6788 6566 2823 423
6789 4334 6566 423
6790 972 4723 4722
6791 972 4724 4723
6792 4724 972 4725
6793 4725 972 973
6794 972 4334 2824
6795 6567 4332 423
6796 4332 6567 973
6797 2825 4332 973
6798 972 4333 973
6799 4333 972 2824
6800 6567 2826 973
6801 2826 4331 973
6802 2826 6567 423
6803 4719 4718 971
6804 4715 971 4716
6805 4715 970 971
6806 2811 1025 1024
6807 6536 4440 1208
6808 3959 6536 1208
6809 6536 3959 736
6810 744 4451 3948
6811 4451 1231 3948
6812 2264 4518 4519
6813 3967 4432 1210
6814 4435 3965 1210
6815 4430 3970 1210
6816 3972 6541 720
6817 6516 1197 3979
6818 4420 3980 1197
6819 3980 4419 1197
6820 4419 3980 721
6821 3977 1197 4423
6822 3977 4422 1197
6823 3977 4423 720
6824 1197 4421 3979
6825 6534 3954 736
6826 1221 6534 4445
6827 6534 1221 3954
6828 4441 1221 3958
6829 1221 3959 1208
6830 3959 1221 4441
6831 3954 4446 735
6832 1221 4446 3954
6833 6535 4443 736
6834 4443 3956 736
6835 1221 4443 6535
6836 4443 1221 3956
6837 4453 3946 743
6838 949 4804 976
6839 951 4616 4615
6840 4617 4616 951
6841 4622 4621 952
6842 4621 4620 952
6843 951 4619 4618
6844 4620 4619 951
6845 4623 4622 952
6846 4624 4623 952
6847 4630 953 954
6848 4630 4629 953
6849 4630 954 4631
6850 4628 4627 953
6851 4627 4626 953
6852 4575 4759 4574
6853 4576 4575 4574
6854 1000 4747 1028
6855 6814 1027 1028
6856 1027 4753 1026
6857 4647 4646 957
6858 4646 4645 957
6859 4648 4647 957
6860 4649 4648 957
6861 4650 957 958
6862 4650 4649 957
6863 4651 4650 958
6864 4638 4637 955
6865 4639 4638 955
6866 2277 4505 4506
6867 4506 4505 1250
6868 4555 1126 4556
6869 1126 4555 4554
6870 4555 4556 2456
6871 4554 4555 2456
6872 1126 1103 4557
6873 1103 4560 4559
6874 1103 4561 4560
6875 4561 1103 4562
6876 1103 1079 4562
6877 964 4683 4682
6878 4687 4686 965
6879 4686 4685 965
6880 1181 6543 3982
6881 6543 1181 1180
6882 3986 1181 4414
6883 713 3986 4414
6884 4412 3988 1182
6885 4389 2769 1146
6886 1146 4387 2771
6887 4356 435 2802
6888 435 4356 2801
6889 435 4357 2800
6890 4358 441 2800
6891 1078 4358 2800
6892 2799 4358 1078
6893 4358 2799 440
6894 1165 4396 1144
6895 4396 6518 1144
6896 2762 4395 1144
6897 1123 2774 1124
6898 2775 4382 1124
6899 6554 2775 1124
6900 2774 4383 1124
6901 4383 6554 1124
6902 4381 2777 1124
6903 2776 4381 1124
6904 4387 459 2771
6905 1125 2781 4376
6906 2777 6519 1124
6907 2782 6556 1125
6908 2791 4366 1076
6909 424 2828 4330
6910 4330 2828 973
6911 2828 6568 973
6912 2827 4330 973
6913 2833 4733 4732
6914 4737 4738 2837
6915 4738 2839 2837
6916 4738 4737 4736
6917 2836 4738 4736
6918 4738 2836 420
6919 6569 2834 4734
6920 4691 4690 966
6921 4690 4689 965
6922 968 969 4705
6923 999 4335 2823
6924 6566 999 2823
6925 999 6566 4334
6926 972 999 4334
6927 2818 999 998
6928 4721 972 4722
6929 971 4717 4716
6930 4718 4717 971
6931 970 4714 4713
6932 4715 4714 970
6933 4346 2811 431
6934 2811 4346 1025
6935 4347 2811 1024
6936 2811 4347 431
6937 1025 2816 998
6938 2816 4341 998
6939 4448 3951 735
6940 3969 6540 1210
6941 6540 4430 1210
6942 728 6540 3969
6943 6540 728 4430
6944 6541 4428 720
6945 720 6542 3974
6946 4425 6542 720
6947 1221 4444 3956
6948 3957 1221 6535
6949 1220 4448 6533
6950 4446 1220 3953
6951 1220 4446 1221
6952 1220 3951 4448
6953 3951 1220 4449
6954 3942 1230 1229
6955 1230 4454 3946
6956 4453 1230 3946
6957 1230 4453 6515
6958 1230 4452 3948
6959 1231 1230 3948
6960 4612 4611 950
6961 6806 4608 950
6962 4604 4792 4806
6963 4805 4604 976
6964 4604 4806 976
6965 1026 4757 4574
6966 4563 2455 4562
6967 4580 4754 1026
6968 4754 4580 1258
6969 1026 4755 4578
6970 4752 4582 1258
6971 4752 1027 4582
6972 4586 6814 1028
6973 948 1089 1113
6974 1089 948 1090
6975 1114 948 1113
6976 948 1114 1090
6977 4504 4505 2278
6978 4504 2279 4503
6979 4505 4504 1250
6980 4504 4501 1250
6981 4558 1103 4559
6982 1103 4558 4557
6983 4558 4559 2456
6984 4557 4558 2456
6985 4685 4684 964
6986 4684 4683 964
6987 2750 4407 1182
6988 4407 2751 1182
6989 4407 474 2751
6990 6546 1163 1182
6991 2751 6546 1182
6992 6546 1164 1163
6993 4417 1181 3982
6994 4417 3983 1181
6995 4418 1180 3981
6996 4418 6543 1180
6997 721 4418 3981
6998 6543 4418 721
6999 3984 1181 4416
7000 3985 713 4414
7001 1181 3985 4414
7002 4415 3985 1181
7003 4410 3990 1182
7004 4413 6545 1181
7005 3986 4413 1181
7006 6545 4413 713
7007 4413 3986 713
7008 2753 4405 466
7009 4405 1164 2752
7010 4405 2753 1164
7011 6545 3987 1182
7012 3987 4412 1182
7013 6552 4388 458
7014 4388 6552 1146
7015 2769 4388 1146
7016 6552 2770 1146
7017 2770 4387 1146
7018 2770 6552 458
7019 4387 2770 458
7020 2765 4392 1145
7021 4355 1051 2802
7022 4355 2803 1051
7023 4351 6561 1052
7024 6561 2807 1052
7025 2805 4352 1052
7026 2806 4352 436
7027 2806 4351 1052
7028 4352 2806 1052
7029 4403 2755 1164
7030 2755 4403 466
7031 4385 1123 1146
7032 2772 4385 1146
7033 4383 450 6554
7034 450 2776 4382
7035 450 4381 2776
7036 4386 1146 2771
7037 4379 451 2779
7038 4381 451 2777
7039 2788 4370 444
7040 4370 2788 1102
7041 1077 4361 2797
7042 2796 4361 1077
7043 4361 440 2797
7044 4692 966 4693
7045 4692 4691 966
7046 4688 4687 965
7047 4689 4688 965
7048 4698 967 4699
7049 967 4695 966
7050 4696 4695 967
7051 4721 4720 972
7052 972 4720 971
7053 4720 4719 971
7054 6563 2812 1025
7055 4346 6563 1025
7056 6563 4346 431
7057 2810 4347 1024
7058 4341 2817 998
7059 2817 4340 998
7060 427 2817 4341
7061 2816 427 4341
7062 4339 2819 999
7063 4339 427 2819
7064 3950 1220 1231
7065 3949 4451 744
7066 4451 3949 1231
7067 4431 3969 1210
7068 3970 1195 1210
7069 2172 1229 4460
7070 4610 4800 950
7071 4611 4610 950
7072 4609 4801 950
7073 4801 6806 950
7074 4606 4804 949
7075 4803 4606 949
7076 4606 4794 4804
7077 4806 6808 976
7078 4792 6808 4806
7079 1001 4818 4591
7080 4592 4818 1001
7081 4818 1256 4591
7082 4813 1001 1002
7083 6804 4753 1258
7084 4580 6804 1258
7085 4753 6804 1026
7086 6804 4580 1026
7087 4754 4579 1026
7088 4579 4755 1026
7089 1027 4581 4753
7090 4752 4581 1027
7091 4753 4581 1258
7092 4581 4752 1258
7093 4585 1027 6814
7094 4585 4749 1027
7095 4748 4585 6814
7096 4584 1259 4750
7097 1027 4584 4750
7098 4749 4584 1027
7099 4751 1259 4582
7100 4751 6815 1259
7101 1027 4751 4582
7102 6815 4751 1027
7103 4583 1027 4750
7104 4583 6815 1027
7105 1259 4583 4750
7106 6815 4583 1259
7107 2281 4504 4503
7108 4504 2281 4501
7109 4502 2281 4503
7110 2279 2281 4502
7111 2143 4488 1248
7112 6525 4491 390
7113 4491 6525 1248
7114 6525 2141 1248
7115 4490 2142 1248
7116 2141 4490 1248
7117 3984 6544 1181
7118 6517 2749 1182
7119 2749 4408 1182
7120 4392 2766 1145
7121 4350 2808 1052
7122 4349 2809 1052
7123 2808 4349 1052
7124 2809 4349 431
7125 4349 2808 431
7126 2804 4353 1052
7127 2761 4396 1165
7128 2760 4397 1165
7129 2755 4402 1164
7130 6548 4401 1164
7131 2754 4403 1164
7132 6553 2772 1146
7133 2784 4373 1101
7134 4373 6557 1101
7135 2785 4372 1101
7136 6557 2785 1101
7137 4370 6558 444
7138 2787 6558 1102
7139 6558 4370 1102
7140 6559 4363 440
7141 4363 6559 1077
7142 2794 4363 1077
7143 4367 439 2791
7144 4367 2791 1102
7145 2790 4367 1102
7146 6559 2795 1077
7147 2795 4362 1077
7148 2795 6559 440
7149 4697 4696 967
7150 4698 4697 967
7151 966 4694 4693
7152 4695 4694 966
7153 4704 968 4705
7154 968 4700 967
7155 967 4700 4699
7156 4337 999 2820
7157 4336 2821 428
7158 999 4336 2822
7159 2821 4336 999
7160 2819 4338 999
7161 6523 4339 999
7162 6532 3949 744
7163 6532 4450 1231
7164 3949 6532 1231
7165 6539 728 3967
7166 6539 4433 728
7167 6539 3967 1210
7168 4433 6539 1210
7169 4434 3966 1210
7170 3966 4433 1210
7171 4433 3966 728
7172 1196 4428 6541
7173 1196 6541 3972
7174 4428 1196 3971
7175 1196 1195 3971
7176 4427 1196 3972
7177 1196 4426 3974
7178 6542 1196 3974
7179 1196 6542 4425
7180 1196 4425 3975
7181 1196 3976 1197
7182 3952 1220 6533
7183 1228 2169 1229
7184 2169 1239 1229
7185 4610 6803 4799
7186 6803 4610 4611
7187 4804 6807 976
7188 4796 4802 4608
7189 4802 949 4608
7190 4802 4607 949
7191 4603 6808 2423
7192 4603 4807 976
7193 6808 4603 976
7194 4599 4810 1253
7195 4810 4599 975
7196 4808 4601 975
7197 4601 4808 1253
7198 4808 4602 1253
7199 4602 975 4807
7200 4602 4808 975
7201 6812 4593 1001
7202 4593 4817 1001
7203 6811 4595 1001
7204 4595 4815 1001
7205 975 4597 1002
7206 4597 4813 1002
7207 4597 975 4812
7208 6813 4746 1000
7209 2280 4502 4503
7210 4489 2143 1248
7211 4487 2144 384
7212 4488 2144 1248
7213 2144 4487 1248
7214 3990 4409 1182
7215 2765 6550 457
7216 6550 2765 1145
7217 2763 4394 1145
7218 4394 2764 1145
7219 2764 4394 457
7220 2766 4391 1145
7221 4401 2757 1165
7222 2757 4400 1165
7223 2757 4401 466
7224 2759 4398 1165
7225 4398 2760 1165
7226 4398 2759 467
7227 2760 4398 467
7228 6547 1164 4404
7229 6547 2754 1164
7230 2793 4365 439
7231 2793 4364 1077
7232 4365 2793 1077
7233 6520 4365 1077
7234 4703 4702 968
7235 4704 4703 968
7236 4702 4701 968
7237 4701 4700 968
7238 6565 2821 999
7239 4337 6565 999
7240 2821 6565 428
7241 6565 4337 428
7242 4342 2816 1025
7243 2814 4344 432
7244 2814 6564 1025
7245 4344 2814 1025
7246 2813 4344 1025
7247 4463 1228 1238
7248 1228 4463 2169
7249 1237 6529 1238
7250 3943 4456 1230
7251 4457 3943 1230
7252 4456 3943 743
7253 6531 4456 743
7254 4456 6531 1230
7255 6809 4600 975
7256 4600 4810 975
7257 975 4598 4812
7258 6810 4598 975
7259 4599 4811 975
7260 4811 6810 975
7261 4809 6809 975
7262 4601 4809 975
7263 4814 6811 1001
7264 4596 4814 1001
7265 1252 4597 4812
7266 4588 6813 1000
7267 4486 6526 1248
7268 2149 4482 1243
7269 2152 4479 1244
7270 4479 2152 386
7271 4393 2764 457
7272 6550 4393 457
7273 2764 4393 1145
7274 4393 6550 1145
7275 6549 2759 1165
7276 4461 2171 1239
7277 1229 2171 4460
7278 1239 2171 1229
7279 3944 6531 743
7280 3944 4455 1230
7281 6531 3944 1230
7282 4816 6812 1001
7283 4594 4816 1001
7284 4487 2145 1248
7285 2145 4486 1248
7286 1248 4485 1242
7287 4485 1243 1242
7288 4485 1249 1243
7289 1249 4485 2147
7290 4482 2150 1243
7291 6527 2151 1243
7292 4481 6527 1243
7293 2151 6527 386
7294 385 4483 2148
7295 4483 2149 1243
7296 1249 4483 1243
7297 4483 1249 2148
7298 4480 2152 1244
7299 4480 1244 1243
7300 2151 4480 1243
7301 4469 6529 1237
7302 2162 4469 1237
7303 4470 2162 1237
7304 2168 4463 1238
7305 2171 2176 4460
7306 4462 1239 2169
7307 4462 6530 1239
7308 4477 1244 2154
7309 4478 6511 1244
7310 4479 2153 1244
7311 2153 4478 1244
7312 1245 2158 4473
7313 1245 2160 1237
7314 1249 4484 2148
7315 4484 1249 2147
7316 2168 2179 4463
7317 2158 382 4473
7318 2156 4476 381
7319 4476 2156 1244
7320 2156 6528 1244
7321 2155 4476 1244
7322 4477 2155 1244
7323 4476 2155 381
7324 2155 4477 381
7325 4471 2161 1237
7326 2159 1245 4473
7327 1245 2159 4472
7328 382 2159 4473
7329 4464 2168 1238
7330 2165 4467 380
7331 4466 2165 380
7332 4467 2165 1238
7333 2165 4466 1238
7334 4466 2166 1238
7335 2163 6529 383
7336 4468 2163 383
7337 6529 2163 1238
7338 2163 4468 1238
7339 4467 2164 380
7340 2164 4468 380
7341 2164 4467 1238
7342 4468 2164 1238
7343 382 4474 2157
7344 4474 382 2158
7345 1245 4474 2158
7346 4474 1245 1244
7347 2157 4474 1244
7348 4475 382 2157
7349 4475 2157 1244
7350 6528 4475 1244
7351 6512 4471 1237
7352 1241 1232 1240
7353 1232 1241 1233
7354 1246 1241 1240
7355 1241 1246 1247
7356 1223 1232 1233
7357 1232 1223 1222
7358 1234 1223 1233
7359 1223 1234 1224
7360 1070 1044 1043
7361 1044 1070 1071
7362 1055 1029 1028
7363 1029 1055 1056
7364 1055 1082 1056
7365 1082 1055 1081
7366 982 956 955
7367 956 982 983
7368 982 954 981
7369 954 982 955
7370 1013 985 1012
7371 985 1013 986
7372 1040 1066 1067
7373 1066 1040 1039
7374 1062 1087 1088
7375 1087 1062 1061
7376 1062 1034 1061
7377 1034 1062 1035
7378 1169 1149 1168
7379 1149 1169 1150
7380 1241 1242 1233
7381 1242 1234 1233
7382 1169 1187 1170
7383 1187 1169 1186
7384 1187 1203 1188
7385 1203 1187 1202
7386 1201 1187 1186
7387 1187 1201 1202
7388 1170 1187 1171
7389 1187 1188 1171
7390 1019 1047 1048
7391 1020 1019 1048
7392 959 985 986
7393 985 959 958
7394 1019 1046 1047
7395 1046 1019 1018
7396 990 1017 1018
7397 991 990 1018
7398 1046 1074 1047
7399 1074 1046 1073
7400 1049 1077 1050
7401 1076 1077 1049
7402 1077 1051 1050
7403 1051 1077 1078
7404 1051 1022 1050
7405 1022 1051 1023
7406 954 953 981
7407 953 980 981
7408 980 953 979
7409 953 952 979
7410 1003 977 976
7411 977 1003 1004
7412 977 1004 1005
7413 978 977 1005
7414 1003 1030 1031
7415 1030 1003 1002
7416 1030 1057 1058
7417 1031 1030 1058
7418 1030 1029 1056
7419 1057 1030 1056
7420 980 1008 981
7421 1008 980 1007
7422 1040 1011 1039
7423 1011 1040 1012
7424 1039 1011 1038
7425 1011 1010 1038
7426 1158 1178 1159
7427 1178 1158 1177
7428 1087 1112 1088
7429 1112 1087 1111
7430 1112 1136 1113
7431 1112 1135 1136
7432 1065 1066 1039
7433 1065 1039 1038
7434 1092 1065 1091
7435 1065 1092 1066
7436 1089 1062 1088
7437 1062 1089 1063
7438 1089 1112 1113
7439 1112 1089 1088
7440 1060 1087 1061
7441 1087 1060 1086
7442 1006 978 1005
7443 978 1006 979
7444 980 1006 1007
7445 1006 980 979
7446 1006 1034 1035
7447 1006 1035 1007
7448 1128 1149 1150
7449 1129 1128 1150
7450 1184 1166 1183
7451 1166 1184 1167
7452 1199 1184 1183
7453 1198 1199 1183
7454 1248 1241 1247
7455 1248 1242 1241
7456 1204 1190 1189
7457 1190 1204 1205
7458 1203 1204 1188
7459 1204 1189 1188
7460 1190 1172 1189
7461 1172 1190 1173
7462 1189 1172 1188
7463 1188 1172 1171
7464 1151 1169 1170
7465 1169 1151 1150
7466 1141 1118 1140
7467 1118 1117 1140
7468 1069 1096 1070
7469 1096 1069 1095
7470 1044 1015 1043
7471 1015 1044 1016
7472 1015 987 1014
7473 987 1015 988
7474 987 959 986
7475 959 987 960
7476 987 961 960
7477 961 987 988
7478 1013 987 986
7479 1014 987 1013
7480 1051 1052 1023
7481 1052 1024 1023
7482 1143 1144 1121
7483 1143 1121 1120
7484 1070 1097 1071
7485 1096 1097 1070
7486 1121 1097 1120
7487 1097 1096 1120
7488 1045 1046 1018
7489 1017 1045 1018
7490 1044 1045 1016
7491 1045 1017 1016
7492 1045 1072 1073
7493 1046 1045 1073
7494 1045 1044 1071
7495 1072 1045 1071
7496 1125 1100 1124
7497 1100 1125 1101
7498 1075 1076 1049
7499 1075 1049 1048
7500 1075 1100 1101
7501 1100 1075 1074
7502 1047 1075 1048
7503 1074 1075 1047
7504 1075 1102 1076
7505 1102 1075 1101
7506 1177 1193 1194
7507 1193 1177 1176
7508 1193 1209 1194
7509 1193 1208 1209
7510 1158 1157 1177
7511 1177 1157 1176
7512 1219 1206 1205
7513 1218 1219 1205
7514 977 949 976
7515 949 977 950
7516 951 977 978
7517 977 951 950
7518 952 951 979
7519 951 978 979
7520 975 1003 976
7521 1003 975 1002
7522 1055 1080 1081
7523 1054 1080 1055
7524 1001 1030 1002
7525 1030 1001 1029
7526 1029 1001 1028
7527 1001 1000 1028
7528 984 985 958
7529 957 984 958
7530 984 956 983
7531 984 957 956
7532 985 984 1012
7533 984 1011 1012
7534 1011 984 1010
7535 1010 984 983
7536 1138 1160 1139
7537 1160 1138 1159
7538 1112 1134 1135
7539 1134 1112 1111
7540 1118 1093 1117
7541 1093 1118 1094
7542 1066 1093 1067
7543 1092 1093 1066
7544 1032 1003 1031
7545 1003 1032 1004
7546 1105 1082 1081
7547 1082 1105 1106
7548 1105 1128 1129
7549 1105 1129 1106
7550 1185 1201 1186
7551 1185 1200 1201
7552 1185 1169 1168
7553 1169 1185 1186
7554 1199 1185 1184
7555 1185 1199 1200
7556 1184 1185 1167
7557 1185 1168 1167
7558 1223 1212 1222
7559 1222 1212 1211
7560 1212 1199 1198
7561 1212 1198 1211
7562 1190 1191 1173
7563 1191 1174 1173
7564 1191 1190 1205
7565 1206 1191 1205
7566 1132 1152 1153
7567 1152 1132 1131
7568 1172 1152 1171
7569 1152 1172 1153
7570 1152 1170 1171
7571 1152 1151 1170
7572 1083 1057 1056
7573 1082 1083 1056
7574 1083 1082 1106
7575 1107 1083 1106
7576 1152 1130 1151
7577 1130 1152 1131
7578 1130 1129 1150
7579 1151 1130 1150
7580 1108 1130 1131
7581 1130 1108 1107
7582 1130 1107 1106
7583 1129 1130 1106
7584 964 990 991
7585 990 964 963
7586 1019 992 1018
7587 992 991 1018
7588 992 964 991
7589 964 992 965
7590 1162 1163 1142
7591 1141 1162 1142
7592 1119 1143 1120
7593 1143 1119 1142
7594 1096 1119 1120
7595 1119 1096 1095
7596 1119 1141 1142
7597 1119 1118 1141
7598 1118 1119 1094
7599 1094 1119 1095
7600 1015 989 988
7601 989 1015 1016
7602 990 989 1017
7603 1017 989 1016
7604 989 990 963
7605 962 989 963
7606 989 961 988
7607 989 962 961
7608 1068 1093 1094
7609 1093 1068 1067
7610 1069 1068 1095
7611 1068 1094 1095
7612 1015 1042 1043
7613 1042 1015 1014
7614 1042 1070 1043
7615 1042 1069 1070
7616 1143 1164 1144
7617 1164 1165 1144
7618 1163 1164 1142
7619 1164 1143 1142
7620 1144 1122 1121
7621 1122 1144 1145
7622 995 1022 1023
7623 996 995 1023
7624 1021 1049 1050
7625 1022 1021 1050
7626 1021 1020 1048
7627 1049 1021 1048
7628 995 1021 1022
7629 1021 995 994
7630 1156 1155 1174
7631 1175 1156 1174
7632 1156 1134 1155
7633 1134 1156 1135
7634 1157 1156 1176
7635 1156 1175 1176
7636 1135 1156 1136
7637 1156 1157 1136
7638 1178 1179 1159
7639 1179 1160 1159
7640 1079 1080 1054
7641 1079 1054 1053
7642 1036 1008 1007
7643 1035 1036 1007
7644 1062 1036 1035
7645 1036 1062 1063
7646 1064 1036 1063
7647 1036 1064 1037
7648 1089 1064 1063
7649 1064 1089 1090
7650 1065 1064 1091
7651 1064 1090 1091
7652 1064 1065 1038
7653 1037 1064 1038
7654 1009 1036 1037
7655 1036 1009 1008
7656 982 1009 983
7657 1009 1010 983
7658 1009 982 981
7659 1008 1009 981
7660 1010 1009 1038
7661 1009 1037 1038
7662 1137 1157 1158
7663 1157 1137 1136
7664 1137 1158 1159
7665 1138 1137 1159
7666 1034 1033 1061
7667 1033 1060 1061
7668 1033 1006 1005
7669 1006 1033 1034
7670 1004 1033 1005
7671 1032 1033 1004
7672 1059 1033 1032
7673 1033 1059 1060
7674 1060 1059 1086
7675 1086 1059 1085
7676 1059 1031 1058
7677 1059 1032 1031
7678 1149 1148 1168
7679 1168 1148 1167
7680 1148 1166 1167
7681 1148 1147 1166
7682 1128 1148 1149
7683 1127 1148 1128
7684 1148 1126 1147
7685 1126 1148 1127
7686 1200 1213 1201
7687 1201 1213 1214
7688 1199 1213 1200
7689 1212 1213 1199
7690 1213 1223 1224
7691 1213 1212 1223
7692 1192 1193 1176
7693 1175 1192 1176
7694 1193 1192 1208
7695 1208 1192 1207
7696 1191 1192 1174
7697 1192 1175 1174
7698 1192 1191 1206
7699 1192 1206 1207
7700 1132 1109 1131
7701 1109 1108 1131
7702 1084 1059 1058
7703 1059 1084 1085
7704 1057 1084 1058
7705 1083 1084 1057
7706 1084 1083 1107
7707 1108 1084 1107
7708 1109 1084 1108
7709 1084 1109 1085
7710 1179 1161 1160
7711 1161 1179 1180
7712 1160 1161 1139
7713 1139 1161 1140
7714 1161 1141 1140
7715 1161 1162 1141
7716 1181 1161 1180
7717 1161 1181 1162
7718 1162 1181 1163
7719 1163 1181 1182
7720 1041 1040 1067
7721 1068 1041 1067
7722 1041 1013 1012
7723 1040 1041 1012
7724 1041 1068 1069
7725 1042 1041 1069
7726 1041 1014 1013
7727 1041 1042 1014
7728 1098 1072 1071
7729 1097 1098 1071
7730 1098 1097 1121
7731 1122 1098 1121
7732 993 1021 994
7733 1021 993 1020
7734 993 1019 1020
7735 993 992 1019
7736 992 993 965
7737 993 966 965
7738 967 993 994
7739 993 967 966
7740 997 1025 998
7741 1025 997 1024
7742 1024 997 1023
7743 997 996 1023
7744 971 997 998
7745 970 997 971
7746 996 997 969
7747 997 970 969
7748 1027 1055 1028
7749 1027 1054 1055
7750 1054 1027 1053
7751 1027 1026 1053
7752 1093 1116 1117
7753 1116 1093 1092
7754 1117 1116 1140
7755 1116 1139 1140
7756 1116 1092 1091
7757 1115 1116 1091
7758 1116 1138 1139
7759 1116 1115 1138
7760 1136 1114 1113
7761 1137 1114 1136
7762 1114 1137 1138
7763 1115 1114 1138
7764 1090 1114 1091
7765 1114 1115 1091
7766 1174 1154 1173
7767 1155 1154 1174
7768 1154 1172 1173
7769 1172 1154 1153
7770 1134 1154 1155
7771 1133 1154 1134
7772 1154 1132 1153
7773 1154 1133 1132
7774 1110 1134 1111
7775 1110 1133 1134
7776 1110 1087 1086
7777 1087 1110 1111
7778 1110 1109 1132
7779 1133 1110 1132
7780 1110 1086 1085
7781 1109 1110 1085
7782 1123 1122 1145
7783 1146 1123 1145
7784 995 968 994
7785 968 967 994
7786 968 995 996
7787 968 996 969
7788 999 971 998
7789 999 972 971
7790 1220 1208 1207
7791 1220 1221 1208
7792 1219 1220 1206
7793 1206 1220 1207
7794 1230 1219 1218
7795 1229 1230 1218
7796 1230 1220 1219
7797 1220 1230 1231
7798 1105 1104 1128
7799 1104 1127 1128
7800 1080 1104 1081
7801 1104 1105 1081
7802 1104 1126 1127
7803 1104 1103 1126
7804 1079 1104 1080
7805 1103 1104 1079
7806 1072 1099 1073
7807 1098 1099 1072
7808 1099 1074 1073
7809 1099 1100 1074
7810 1099 1098 1122
7811 1123 1099 1122
7812 1100 1099 1124
7813 1099 1123 1124
7814 1209 1195 1194
7815 1195 1209 1210
7816 1195 1178 1177
7817 1195 1177 1194
7818 1204 1217 1205
7819 1217 1218 1205
7820 1217 1204 1203
7821 1216 1217 1203
7822 1237 1226 1236
7823 1226 1237 1227
7824 1196 1179 1178
7825 1195 1196 1178
7826 1179 1196 1180
7827 1196 1197 1180
7828 1213 1225 1214
7829 1225 1213 1224
7830 1215 1203 1202
7831 1215 1216 1203
7832 1201 1215 1202
7833 1215 1201 1214
7834 1215 1226 1227
7835 1216 1215 1227
7836 1225 1215 1214
7837 1215 1225 1226
7838 1237 1228 1227
7839 1228 1237 1238
7840 1228 1217 1216
7841 1228 1216 1227
7842 1228 1229 1218
7843 1217 1228 1218
7844 4708 4701 4707
7845 4652 4701 4651
7846 4642 4701 4641
7847 4723 4701 4722
7848 4701 4617 4618
7849 4664 4701 4663
7850 4701 4611 4612
7851 4670 4701 4669
7852 4626 4701 4625
7853 4701 4636 4637
7854 4697 4701 4696
7855 4701 4686 4687
7856 4701 4656 4657
7857 4658 4701 4657
7858 4701 4724 4725
7859 4701 4737 2838
7860 4701 4721 4722
7861 4613 4701 4612
7862 4701 4627 4628
7863 4701 4614 4615
7864 4701 4624 4625
7865 4711 4701 4710
7866 4701 4681 4682
7867 4701 4674 4675
7868 4680 4701 4679
7869 4726 4701 4725
7870 4701 4727 4728
7871 4706 4701 4705
7872 4701 4709 4710
7873 4701 4643 4644
7874 4701 4650 4651
7875 4632 4701 4631
7876 4638 4701 4637
7877 4676 4701 4675
7878 4701 4678 4679
7879 4701 4665 4666
7880 4701 4659 4660
7881 4727 4701 4726
7882 4724 4701 4723
7883 4673 4701 4672
7884 4701 4684 4685
7885 4729 4701 4728
7886 4701 4706 4707
7887 4701 4712 4713
7888 4701 4715 4716
7889 4720 4701 4719
7890 4701 4621 4622
7891 4623 4701 4622
7892 4645 4701 4644
7893 4648 4701 4647
7894 4701 4640 4641
7895 4701 4633 4634
7896 4635 4701 4634
7897 4701 4653 4654
7898 4655 4701 4654
7899 4701 4676 4677
7900 4678 4701 4677
7901 4661 4701 4660
7902 4701 4662 4663
7903 4667 4701 4666
7904 4701 4668 4669
7905 4701 4671 4672
7906 4701 4673 4674
7907 4701 4730 4731
7908 4732 4701 4731
7909 4701 4733 4734
7910 4735 4701 4734
7911 4701 4708 4709
7912 4701 4711 4712
7913 4701 4692 4693
7914 4701 4698 4699
7915 4614 4701 4613
7916 4616 4701 4615
7917 4619 4701 4618
7918 4629 4701 4628
7919 4701 4630 4631
7920 4701 4646 4647
7921 4701 4642 4643
7922 4701 4639 4640
7923 4701 4632 4633
7924 4636 4701 4635
7925 4701 4652 4653
7926 4656 4701 4655
7927 4683 4701 4682
7928 4701 4680 4681
7929 4662 4701 4661
7930 4659 4701 4658
7931 4668 4701 4667
7932 4665 4701 4664
7933 4701 4670 4671
7934 4701 4729 4730
7935 4733 4701 4732
7936 4737 4701 4736
7937 4701 4735 4736
7938 4701 4718 4719
7939 4717 4701 4716
7940 4714 4701 4713
7941 4701 4616 4617
7942 4621 4701 4620
7943 4701 4619 4620
7944 4701 4623 4624
7945 4630 4701 4629
7946 4627 4701 4626
7947 4646 4701 4645
7948 4701 4648 4649
7949 4650 4701 4649
7950 4701 4638 4639
7951 4686 4701 4685
7952 4691 4701 4690
7953 4701 4689 4690
7954 4688 4701 4687
7955 4694 4701 4693
7956 4701 4717 4718
7957 4701 4714 4715
7958 4700 4701 4699
7959 4684 4701 4683
7960 4692 4701 4691
7961 4701 4688 4689
7962 4701 4695 4696
7963 4701 4704 4705
7964 4701 4720 4721
7965 4701 4697 4698
7966 4701 4694 4695
7967 6803 4701 4799
7968 4703 4701 4702
7969 4701 6803 4611
7970 4701 4703 4704
7971 1235 1244 1236
7972 1244 1235 1243
7973 1242 1235 1234
7974 1243 1235 1242
7975 1226 1235 1236
7976 1225 1235 1226
7977 1234 1235 1224
7978 1235 1225 1224
7979 1245 1237 1236
7980 1244 1245 1236
2 6 2 1164
7981 2957 6069 3812
7982 2953 2954 3812
7983 2954 2955 3812
7984 2956 2957 3812
7985 2955 2956 3812
7986 6069 6070 3812
7987 5901 1442 5902
7988 5900 5371 5901
7989 1442 5371 5895
7990 5371 1442 5901
7991 5369 5897 5899
7992 5370 5900 5899
7993 5897 5370 5899
7994 6177 6090 6091
7995 5878 5898 5899
7996 5896 5371 5900
7997 5370 5896 5900
7998 5893 1440 1442
7999 6172 6506 6171
8000 609 3000 6019
8001 1472 6075 6074
8002 6073 1472 6074
8003 1472 6073 6072
8004 2954 2951 2955
8005 580 2956 2955
8006 580 2951 2950
8007 2951 580 2955
8008 2956 580 2957
8009 5372 1442 5895
8010 5372 5894 1442
8011 6093 1468 6094
8012 1468 6095 6094
8013 1468 6093 6092
8014 1468 6096 6095
8015 6096 1468 1457
8016 1468 6092 6091
8017 1457 1468 6091
8018 1457 5984 3035
8019 6090 1469 6091
8020 1469 6090 6089
8021 1469 6089 6088
8022 6087 1469 6088
8023 6086 1469 6087
8024 6096 1456 1467
8025 1456 6096 1457
8026 1473 6070 6069
8027 3167 2973 2974
8028 1465 2990 1455
8029 6062 1474 6063
8030 1474 6064 6063
8031 6057 1475 6058
8032 2952 2954 2953
8033 2952 2951 2954
8034 575 2948 2947
8035 2948 575 580
8036 5375 1441 5892
8037 1441 5374 5892
8038 1441 5375 5891
8039 1441 1440 5893
8040 5374 1441 5893
8041 5907 5906 1444
8042 5906 1440 1444
8043 5906 5905 1440
8044 5905 5904 1440
8045 5908 5907 1444
8046 1440 5882 1444
8047 2300 3787 2299
8048 6081 6187 6080
8049 6177 1505 1504
8050 6098 6097 1467
8051 6097 6096 1467
8052 3034 5984 1457
8053 1470 6086 6085
8054 6084 1470 6085
8055 6083 1470 6084
8056 1470 6083 6082
8057 6081 1470 6082
8058 1471 6079 6078
8059 6077 1471 6078
8060 6079 1471 6080
8061 1471 6077 6076
8062 5984 6484 3035
8063 3198 6097 6098
8064 6096 6505 6095
8065 6095 6505 6172
8066 6098 6099 3197
8067 6099 6098 1467
8068 3195 6099 1467
8069 6099 3195 6100
8070 2994 1454 1455
8071 3000 1454 6019
8072 1475 6059 6058
8073 6059 1475 6060
8074 6059 2967 6058
8075 1453 6016 3003
8076 6018 1453 3000
8077 1453 1454 3000
8078 6016 3002 609
8079 3002 1453 6017
8080 1453 3002 6016
8081 6068 1473 6069
8082 6068 6067 1473
8083 6068 6069 2957
8084 2973 3168 2972
8085 1474 6065 6064
8086 2970 2971 6055
8087 6056 6057 2969
8088 2970 6056 2969
8089 6056 2970 6055
8090 1465 6056 6055
8091 2967 2968 6058
8092 2968 6057 6058
8093 6057 2968 2969
8094 2949 580 2950
8095 2949 2948 580
8096 2946 575 2947
8097 2943 575 2944
8098 570 2943 2942
8099 2943 570 575
8100 2920 2919 552
8101 2919 2918 552
8102 2918 2912 552
8103 5894 5373 1442
8104 5911 5077 5912
8105 1442 5903 5902
8106 1440 5903 1442
8107 5904 5903 1440
8108 5375 5869 5891
8109 2302 2303 3784
8110 6086 6182 6085
8111 6174 6093 6094
8112 1506 1505 6172
8113 1506 6172 6171
8114 6164 1506 6265
8115 1506 6164 1505
8116 1505 6162 1496
8117 1496 6270 6159
8118 1679 6146 1486
8119 1459 1470 6081
8120 1470 1459 6086
8121 1506 6165 6265
8122 6169 6509 6168
8123 6097 6504 6096
8124 3196 6099 6100
8125 6272 6157 1496
8126 6158 6272 1496
8127 6025 2994 1455
8128 2993 6025 1455
8129 1454 2997 6021
8130 6026 1455 2992
8131 6026 2993 1455
8132 2990 6028 1455
8133 6028 2991 1455
8134 6065 1463 6066
8135 1463 6065 1474
8136 1463 1474 6062
8137 577 2970 2969
8138 577 2971 2970
8139 2971 577 2972
8140 577 2973 2972
8141 2973 577 2974
8142 577 576 2974
8143 2877 3148 616
8144 3148 2877 566
8145 3152 571 566
8146 6029 2990 1465
8147 6052 6051 1465
8148 6035 2983 625
8149 3169 2971 2972
8150 6061 2965 6060
8151 6061 1463 6062
8152 2965 2966 6060
8153 2966 6059 6060
8154 6059 2966 2967
8155 2963 6062 6063
8156 575 2945 2944
8157 2946 2945 575
8158 2922 2921 552
8159 2921 2920 552
8160 2909 551 552
8161 2925 2924 556
8162 2926 556 2927
8163 2926 2925 556
8164 5908 5074 5909
8165 5882 5385 1444
8166 5890 5377 1441
8167 1441 5377 1440
8168 5885 1443 1440
8169 3794 2292 411
8170 3787 3786 2299
8171 3786 3787 2300
8172 2301 3786 2300
8173 2301 2302 3785
8174 2303 2304 3783
8175 6194 6073 6074
8176 3810 2322 3813
8177 6570 3810 3813
8178 2321 3810 6570
8179 1689 1484 6137
8180 1484 1689 6136
8181 6136 1689 4990
8182 6180 6087 6088
8183 6184 6083 6084
8184 1502 1493 1479
8185 1493 1484 6136
8186 1493 1492 1479
8187 1697 1689 6137
8188 1485 6139 1494
8189 1686 6139 1485
8190 6145 1681 1486
8191 1505 6173 6172
8192 6174 6173 1505
8193 6173 6095 6172
8194 6095 6173 6094
8195 6173 6174 6094
8196 6093 6175 6092
8197 6174 6175 6093
8198 6175 6174 1505
8199 6264 1506 6171
8200 6264 6165 1506
8201 6271 1496 6159
8202 6271 6158 1496
8203 1545 6273 6157
8204 6157 6273 1496
8205 6273 6156 1496
8206 6156 6273 1669
8207 1678 6147 1486
8208 6147 1679 1486
8209 1679 4980 6146
8210 3191 5971 1456
8211 1458 1469 6086
8212 1459 1458 6086
8213 1458 1457 6091
8214 1469 1458 6091
8215 6509 6262 6168
8216 6262 6169 6168
8217 6169 6262 6167
8218 6156 6274 1496
8219 6274 1487 1496
8220 6026 581 2993
8221 581 6028 2990
8222 6024 1454 2994
8223 1454 6023 2996
8224 2995 6023 1454
8225 6023 610 2996
8226 2998 1454 6021
8227 1475 1464 6060
8228 1464 6061 6060
8229 6061 1464 1463
8230 6057 1464 1475
8231 1464 6056 1465
8232 6056 1464 6057
8233 576 2866 3160
8234 2968 578 2969
8235 578 577 2969
8236 578 2968 2967
8237 2966 578 2967
8238 578 2966 2965
8239 3146 2879 561
8240 561 2879 566
8241 2879 3147 566
8242 2878 3148 566
8243 3147 2878 566
8244 3148 2878 616
8245 3145 561 2881
8246 3145 2880 561
8247 3149 2876 566
8248 2877 3149 566
8249 1476 1465 6055
8250 1476 6052 1465
8251 2963 2964 6062
8252 2964 6061 6062
8253 6061 2964 2965
8254 2964 578 2965
8255 578 2964 579
8256 2964 2963 579
8257 6064 2962 6063
8258 2962 2963 6063
8259 2963 2962 579
8260 2935 2934 565
8261 2937 2936 565
8262 2936 2935 565
8263 2941 570 2942
8264 2941 2940 570
8265 2940 2939 570
8266 549 563 568
8267 563 549 564
8268 569 549 568
8269 549 569 564
8270 2895 553 554
8271 6400 2895 554
8272 6399 2896 554
8273 2913 2918 2917
8274 2916 2914 2917
8275 2910 1554 552
8276 1554 2909 552
8277 2909 1554 318
8278 551 1555 2908
8279 2909 1555 551
8280 2884 3142 561
8281 3141 2884 561
8282 3142 2884 602
8283 2883 3142 602
8284 3143 2883 602
8285 3142 2883 561
8286 2883 3143 561
8287 3143 2882 561
8288 2882 3143 602
8289 2906 6390 551
8290 1556 551 2908
8291 1556 2907 551
8292 2924 2923 556
8293 556 2923 552
8294 2923 2922 552
8295 2931 560 2932
8296 2931 2930 560
8297 560 2928 556
8298 556 2928 2927
8299 5910 5076 5911
8300 5914 5076 5910
8301 5911 5076 5913
8302 5879 5910 5909
8303 5074 5879 5909
8304 5880 5074 5908
8305 5880 5908 1444
8306 5386 5880 1444
8307 5881 5386 1444
8308 5385 5881 1444
8309 5890 5376 5868
8310 3208 5376 5891
8311 5376 1441 5891
8312 5376 5890 1441
8313 1443 5883 1440
8314 5382 1443 5885
8315 2293 3794 411
8316 3788 2300 2299
8317 3788 2301 2300
8318 6077 6191 6076
8319 1501 1502 1479
8320 1492 1501 1479
8321 3811 2321 6570
8322 3810 2320 2322
8323 2321 2320 3810
8324 3811 2320 2321
8325 2320 3809 2322
8326 6070 2317 3812
8327 2317 6070 6071
8328 2311 409 410
8329 1493 6134 1492
8330 6119 1480 1481
8331 6121 4821 1481
8332 6182 6181 1504
8333 6181 6180 1504
8334 6180 6181 6087
8335 6181 6086 6087
8336 6181 6182 6086
8337 6089 6179 6088
8338 6179 6180 6088
8339 6180 6179 1504
8340 6182 6183 6085
8341 6183 6084 6085
8342 6183 6184 6084
8343 1503 1502 6187
8344 6183 1503 6184
8345 1503 6182 1504
8346 1503 6183 6182
8347 1690 1493 6136
8348 1493 1690 6135
8349 6135 1690 4991
8350 1696 1690 6136
8351 6130 1482 1483
8352 1483 4995 6131
8353 1687 1493 1494
8354 6139 1687 1494
8355 1681 6144 1486
8356 6144 1485 1486
8357 6140 1686 1485
8358 6140 375 1686
8359 6175 6176 6092
8360 6092 6176 6091
8361 6176 6177 6091
8362 6176 1505 6177
8363 6176 6175 1505
8364 6267 6162 1505
8365 6163 6267 1505
8366 6164 6266 1505
8367 6162 6268 1496
8368 6268 6161 1496
8369 6269 6160 1496
8370 6161 6269 1496
8371 6495 5975 1546
8372 5993 1458 1459
8373 1460 1459 6081
8374 1460 1471 6076
8375 1460 6081 6080
8376 1471 1460 6080
8377 3038 5980 1456
8378 5980 3039 1456
8379 617 5980 3038
8380 3037 3038 1456
8381 5982 3037 1456
8382 3036 5982 1456
8383 6022 1454 2996
8384 1454 2999 6019
8385 2885 561 3140
8386 2885 3141 561
8387 576 2975 2974
8388 2976 2975 576
8389 3165 2975 2976
8390 2975 3166 2974
8391 3161 2976 576
8392 3161 2977 2976
8393 2874 3152 566
8394 3151 2874 566
8395 3181 6043 6044
8396 6044 6043 1478
8397 6045 3180 6044
8398 1476 6053 6052
8399 2971 3170 6055
8400 6052 3173 6051
8401 6065 2961 6064
8402 2961 2962 6064
8403 2962 2961 579
8404 5440 5917 1324
8405 2934 2933 565
8406 2933 560 565
8407 560 2933 2932
8408 2939 2938 570
8409 570 2938 565
8410 2938 2937 565
8411 1553 2910 552
8412 2911 1553 552
8413 2912 1552 552
8414 1552 2911 552
8415 2895 6401 553
8416 2132 2914 319
8417 2914 2132 2917
8418 2132 2913 2917
8419 2882 3144 561
8420 2907 6389 551
8421 6389 2906 551
8422 2930 2929 560
8423 2929 2928 560
8424 5424 5037 5933
8425 5037 5424 5425
8426 5075 5914 5910
8427 5879 5075 5910
8428 5957 5014 1284
8429 1447 5947 1445
8430 1447 5014 5957
8431 5437 1450 1445
8432 1450 1447 1445
8433 5440 1450 5917
8434 5015 5957 1284
8435 5015 5956 5957
8436 5017 5955 1280
8437 5379 3213 5887
8438 5384 5882 1440
8439 5383 5883 1443
8440 5380 5886 5887
8441 5380 5887 5863
8442 5380 3216 5886
8443 2301 3789 2302
8444 2308 2307 411
8445 2307 2306 411
8446 6190 6077 6078
8447 6190 6191 6077
8448 6191 6190 1502
8449 6192 6191 1502
8450 1501 6192 1502
8451 6192 6075 6076
8452 6191 6192 6076
8453 2323 2319 3808
8454 2319 3809 2320
8455 2319 2320 3812
8456 2317 2318 3812
8457 2318 2319 3812
8458 2311 2312 6202
8459 2312 2311 410
8460 6203 2311 6202
8461 2310 409 2311
8462 2310 6203 6204
8463 6203 2310 2311
8464 1492 1692 1483
8465 1691 1493 6135
8466 6090 6178 6089
8467 6178 6179 6089
8468 6177 6178 6090
8469 6178 6177 1504
8470 6179 6178 1504
8471 6186 1503 6187
8472 6186 6081 6082
8473 6186 6187 6081
8474 4996 1483 6131
8475 4996 6130 1483
8476 4994 6132 1483
8477 1687 6138 1493
8478 6138 1687 4988
8479 1685 6140 1485
8480 1684 6141 1485
8481 6142 1684 1485
8482 1683 6142 1485
8483 1675 6150 1487
8484 1487 6150 1486
8485 1675 6151 377
8486 6151 1487 1674
8487 6151 1675 1487
8488 3188 5971 3191
8489 1463 1462 6066
8490 1462 6067 6066
8491 6067 1462 1473
8492 1473 1462 6070
8493 6075 1461 6076
8494 1461 1460 6076
8495 6015 3004 1453
8496 3037 5981 3038
8497 5983 1457 3035
8498 3052 5983 3035
8499 5983 1456 1457
8500 5983 3036 1456
8501 3036 5983 6485
8502 6170 6508 6169
8503 6507 6170 6171
8504 6170 6264 6171
8505 6263 6170 6169
8506 3139 562 557
8507 553 6403 557
8508 3158 2867 576
8509 2977 3164 2976
8510 2865 576 3160
8511 2865 3161 576
8512 3155 2870 571
8513 3156 2869 571
8514 2870 3156 571
8515 3156 2870 632
8516 3152 2873 571
8517 2876 3150 566
8518 3150 2875 566
8519 3150 2876 628
8520 2987 6032 624
8521 6045 6046 3179
8522 6041 6044 1478
8523 6040 6039 6045
8524 6039 6046 6045
8525 6054 1476 6055
8526 6054 6053 1476
8527 6053 6054 3171
8528 3170 6054 6055
8529 6053 3172 6052
8530 2960 6065 6066
8531 2960 2961 6065
8532 2961 2960 579
8533 5441 5916 1324
8534 5916 5440 1324
8535 5967 5916 5441
8536 5916 5967 5440
8537 2901 550 6394
8538 2901 6395 550
8539 2900 6396 550
8540 6395 2900 550
8541 6397 2898 554
8542 2130 2916 2129
8543 2915 2130 2129
8544 2130 2915 2916
8545 2916 2131 2914
8546 2915 2131 2916
8547 2902 6393 1519
8548 550 2902 6394
8549 6393 2902 550
8550 551 2903 550
8551 2903 6393 550
8552 5037 5934 5933
8553 5934 5037 5038
8554 5072 5076 5914
8555 1447 5958 5014
8556 5956 1446 5957
8557 1446 1447 5957
8558 5017 1446 5955
8559 5442 5441 5915
8560 5442 5967 5441
8561 5442 5106 5967
8562 5920 5436 1323
8563 5920 5437 1445
8564 5436 5920 1445
8565 1449 5921 1445
8566 5921 5436 1445
8567 5007 5006 5444
8568 5967 5005 5440
8569 5005 1450 5440
8570 5026 5946 1286
8571 5946 5026 1445
8572 5381 5885 1440
8573 5886 5381 5887
8574 5381 5379 5887
8575 5884 5383 1443
8576 3792 2304 2295
8577 2293 3793 943
8578 3793 2293 411
8579 2302 3790 2303
8580 2307 3780 2306
8581 6079 6189 6078
8582 6189 6190 6078
8583 6190 6189 1502
8584 6193 1501 6194
8585 6193 6192 1501
8586 6192 6193 6075
8587 6075 6193 6074
8588 6193 6194 6074
8589 2316 3806 2317
8590 6072 6196 6071
8591 3772 6213 6214
8592 1499 6203 6202
8593 6203 1499 6204
8594 6207 1499 1498
8595 2325 3807 2317
8596 3807 2318 2317
8597 3807 2324 2318
8598 2324 3807 940
8599 2319 6589 3808
8600 2318 6589 2319
8601 2324 6589 2318
8602 3808 6589 940
8603 6589 2324 940
8604 2327 3804 940
8605 2328 3804 2314
8606 2313 2312 410
8607 2313 3803 2314
8608 6200 2313 2314
8609 3796 942 2290
8610 409 3796 2290
8611 3796 409 2308
8612 2291 3796 2308
8613 2292 3795 411
8614 3795 2308 411
8615 2309 2310 6204
8616 409 2309 2308
8617 2310 2309 409
8618 1692 6133 1483
8619 6114 4828 1480
8620 4828 6113 1480
8621 4828 6114 1267
8622 6116 4826 1480
8623 6114 4827 1267
8624 4827 6114 1480
8625 4824 6117 1480
8626 6118 4824 1480
8627 4824 4894 6117
8628 1503 6185 6184
8629 6186 6185 1503
8630 6184 6185 6083
8631 6083 6185 6082
8632 6185 6186 6082
8633 6128 4999 1482
8634 1480 4829 6112
8635 1799 4830 6112
8636 1480 4830 1489
8637 4830 1480 6112
8638 1702 1684 6142
8639 1484 1688 6137
8640 1493 1688 1484
8641 6138 1688 1493
8642 6146 1680 1486
8643 1682 6143 1485
8644 6143 1683 1485
8645 6148 1678 1486
8646 1677 6148 1486
8647 1678 6148 4978
8648 5978 3041 1456
8649 5975 5974 1456
8650 6495 5974 5975
8651 5972 3191 1456
8652 5975 6494 1546
8653 5976 5975 1456
8654 5976 6494 5975
8655 6494 5976 3043
8656 3041 5977 1456
8657 3194 5968 1467
8658 1460 5998 1459
8659 1461 3016 1460
8660 1472 1451 6075
8661 1451 1461 6075
8662 1451 6072 6071
8663 1451 1472 6072
8664 6070 1451 6071
8665 1462 1451 6070
8666 3139 2886 562
8667 2886 561 562
8668 561 2886 3140
8669 589 2884 3141
8670 3157 576 571
8671 3157 2868 576
8672 2869 3157 571
8673 3159 2867 632
8674 3159 2866 576
8675 2867 3159 576
8676 2978 3162 2863
8677 3162 2978 2977
8678 2978 3163 2977
8679 3163 2978 2863
8680 3162 3163 2863
8681 3153 2872 571
8682 2873 3153 571
8683 3153 2873 628
8684 2982 6037 629
8685 6040 3184 3180
8686 3184 6040 6045
8687 3184 6045 6044
8688 6041 3184 6044
8689 2958 6068 2957
8690 6068 2958 6067
8691 580 2958 2957
8692 550 2899 554
8693 2899 6397 554
8694 6396 2899 550
8695 6397 2899 1518
8696 2897 1518 6399
8697 2897 6399 554
8698 6398 2897 554
8699 2893 6403 553
8700 6390 2905 551
8701 2905 6391 551
8702 2904 6392 551
8703 6392 2903 551
8704 5941 5030 1285
8705 1449 5434 5922
8706 5923 5434 1449
8707 5431 5030 5941
8708 5075 5388 5914
8709 1446 5016 5955
8710 5016 1446 5956
8711 5955 5016 1284
8712 1446 5951 1447
8713 5435 1449 5922
8714 5435 5921 1449
8715 5438 5918 1450
8716 1450 5439 5917
8717 5918 5439 1450
8718 5965 5006 5007
8719 5006 5965 1450
8720 1447 5965 5007
8721 1450 5965 1447
8722 5966 5006 1450
8723 5005 5966 1450
8724 5006 5966 5106
8725 5947 5025 1445
8726 5025 5946 1445
8727 1286 5025 5947
8728 5946 5025 1286
8729 5945 5026 1286
8730 5026 5945 1445
8731 5949 5022 5950
8732 5022 5949 1447
8733 5951 5022 1447
8734 1447 5024 5947
8735 5948 5024 1447
8736 5024 1286 5947
8737 3793 2305 2294
8738 2306 2305 411
8739 2305 3793 411
8740 3781 2305 2306
8741 3792 2305 2304
8742 2305 3782 2304
8743 2297 3790 2302
8744 3791 2304 2303
8745 2304 3791 2295
8746 6206 2307 2308
8747 6206 1499 6207
8748 6208 6207 1498
8749 6188 6079 6080
8750 6188 6189 6079
8751 6187 6188 6080
8752 1502 6188 6187
8753 6189 6188 1502
8754 3774 6211 6212
8755 1498 6211 6210
8756 6211 1498 6212
8757 6213 3773 6212
8758 6199 6200 2314
8759 2312 6201 6202
8760 2313 6201 2312
8761 6201 2313 6200
8762 3804 2315 2314
8763 2315 3804 2327
8764 2315 2316 6198
8765 2315 6199 2314
8766 6199 2315 6198
8767 2316 3805 6590
8768 6590 3805 940
8769 3805 2327 940
8770 3805 2315 2327
8771 2315 3805 2316
8772 2326 2316 6590
8773 6197 6196 1501
8774 2316 6197 6198
8775 6197 2316 2317
8776 6197 2317 6071
8777 6196 6197 6071
8778 6073 6195 6072
8779 6195 6196 6072
8780 6194 6195 6073
8781 1501 6195 6194
8782 6196 6195 1501
8783 2330 3802 410
8784 3802 2313 410
8785 2313 3802 2329
8786 3802 2330 941
8787 2287 6571 932
8788 409 2289 410
8789 2289 3798 410
8790 3798 2289 6591
8791 6117 4825 1480
8792 4825 6116 1480
8793 6116 4892 4826
8794 4826 6115 1480
8795 6115 4827 1480
8796 4820 6121 1481
8797 6130 4997 1482
8798 4998 6128 1482
8799 6129 4998 1482
8800 4999 6127 1482
8801 5001 6125 1482
8802 1482 6125 1481
8803 6125 5002 1481
8804 5000 6126 1482
8805 6126 5001 1482
8806 4830 6111 1489
8807 5971 3192 1456
8808 3192 5970 1456
8809 6499 3192 5971
8810 1458 5988 1457
8811 5992 3027 1458
8812 3026 5992 1458
8813 3027 5992 619
8814 5991 3027 619
8815 3028 5991 619
8816 3027 5991 1458
8817 5991 3028 1458
8818 3028 5990 1458
8819 3016 6002 1460
8820 2885 590 3141
8821 3161 2864 2977
8822 2864 3162 2977
8823 6037 1466 2981
8824 6036 1466 2982
8825 1466 6037 2982
8826 1466 6036 2983
8827 1466 2983 6035
8828 2984 1466 6035
8829 2985 1466 6034
8830 6051 1466 1465
8831 1466 2985 6033
8832 6032 1466 2986
8833 1466 6032 2987
8834 1466 6031 1465
8835 6031 1466 2987
8836 6049 6050 3175
8837 3174 6050 6051
8838 6050 1466 6051
8839 6042 6043 3182
8840 6043 6042 1478
8841 2958 2959 6067
8842 6067 2959 6066
8843 2959 2960 6066
8844 2960 2959 579
8845 579 2959 580
8846 2959 2958 580
8847 2893 6402 1534
8848 2894 6402 553
8849 6402 2893 553
8850 5938 5033 1285
8851 5033 1448 5939
8852 5938 1448 5033
8853 1448 5938 5034
8854 1448 5929 5428
8855 5881 5073 5386
8856 5960 1447 5011
8857 5960 5012 1447
8858 5008 5963 1447
8859 5963 5104 5009
8860 5964 1447 5007
8861 5962 5009 1287
8862 5962 5010 1447
8863 5963 5962 1447
8864 5962 5963 5009
8865 1447 5961 5011
8866 5010 5961 1447
8867 5952 5019 1277
8868 5022 5021 5950
8869 5954 1446 5017
8870 5954 5018 1446
8871 5945 5027 1445
8872 5028 5943 1449
8873 5943 5029 1449
8874 3790 2296 2303
8875 6205 6206 2308
8876 2309 6205 2308
8877 6205 2309 6204
8878 1499 6205 6204
8879 6206 6205 1499
8880 6209 1498 6210
8881 6209 6208 1498
8882 6199 1500 6200
8883 1500 6201 6200
8884 1500 6199 6198
8885 1500 1499 6202
8886 6201 1500 6202
8887 1500 6197 1501
8888 6197 1500 6198
8889 3798 2288 410
8890 3800 2286 410
8891 2286 3801 410
8892 2285 2330 410
8893 3801 2285 410
8894 2330 2285 941
8895 3797 409 2290
8896 3797 2289 409
8897 1693 4994 1483
8898 6133 1693 1483
8899 6124 5003 1481
8900 6123 5004 1481
8901 5003 6123 1481
8902 5004 6122 1481
8903 6213 1497 6214
8904 1498 1497 6212
8905 1497 6213 6212
8906 6216 6217 3769
8907 6216 6221 6217
8908 1488 3758 6106
8909 6107 3758 1488
8910 3757 6107 1488
8911 6109 3756 1488
8912 3755 6109 1488
8913 6110 1488 1489
8914 6110 3755 1488
8915 3042 5976 1456
8916 1456 5969 1467
8917 3193 5969 1456
8918 5969 3194 1467
8919 3194 5969 637
8920 3018 1460 6001
8921 1462 3010 6008
8922 3004 6014 1453
8923 6014 3004 608
8924 1460 3017 6001
8925 6002 3017 1460
8926 3017 621 6001
8927 3017 6002 621
8928 1451 3012 1461
8929 6007 3012 1451
8930 3011 1462 6008
8931 3011 1451 1462
8932 3011 6007 1451
8933 3013 6005 1461
8934 6005 3014 1461
8935 1477 6050 6049
8936 6050 1477 1466
8937 6042 3183 1478
8938 5029 5924 1449
8939 5432 5924 5029
8940 5924 5432 1322
8941 1448 5926 5031
8942 5019 5020 1446
8943 5020 5019 5952
8944 5018 5953 1446
8945 5953 5019 1446
8946 5944 5945 5028
8947 5944 5027 5945
8948 5944 5028 1449
8949 5944 1449 1445
8950 5027 5944 1445
8951 6209 3777 6208
8952 2287 3799 6571
8953 6571 3799 6591
8954 3799 2287 3800
8955 3799 3800 410
8956 2288 3799 410
8957 6215 6216 3770
8958 6215 3771 6214
8959 1497 6215 6214
8960 6216 6215 1497
8961 4831 3754 1489
8962 3754 6110 1489
8963 6000 3019 1460
8964 3018 6000 1460
8965 3009 6009 1462
8966 6009 3010 1462
8967 6013 3006 1453
8968 3006 6012 1453
8969 6012 1452 1453
8970 6010 1452 3008
8971 1452 3009 1462
8972 1452 6010 3009
8973 3005 6013 1453
8974 6014 3005 1453
8975 6006 3013 1461
8976 3012 6006 1461
8977 6046 6047 3178
8978 6047 6046 6038
8979 1466 6047 2981
8980 1477 6047 1466
8981 5924 5433 1449
8982 3779 6206 6207
8983 6206 3779 2307
8984 3776 6209 6210
8985 6220 6218 6217
8986 6218 3768 6217
8987 6221 3765 6217
8988 3765 6220 6217
8989 6222 3764 1497
8990 3764 6216 1497
8991 6216 3764 6221
8992 3763 6222 1497
8993 6105 3760 1488
8994 3760 1497 1488
8995 3760 6104 1497
8996 3759 1488 6106
8997 3759 6105 1488
8998 6104 3761 1497
8999 3761 6103 1497
9000 6103 3762 1497
9001 1497 3762 6223
9002 3756 6108 1488
9003 6108 3757 1488
9004 6109 4833 3756
9005 1452 6011 3008
9006 6048 1477 6049
9007 6048 6047 1477
9008 6047 6048 3177
9009 6048 6049 3176
9010 5430 5926 1448
9011 5926 5430 1322
9012 1321 5928 5428
9013 5928 1448 5428
9014 5928 5429 1448
9015 6208 3778 6207
9016 6211 3775 6210
9017 3766 6218 6220
9018 3752 6109 3755
9019 3007 1452 6012
9020 3007 6011 1452
9021 5927 5430 1448
9022 6218 6219 3767
9023 3766 6219 6218
9024 6110 4832 3755
9025 3754 3753 6110
9026 575 579 580
9027 579 575 574
9028 561 567 562
9029 567 561 566
9030 551 550 554
9031 555 551 554
9032 556 551 555
9033 551 556 552
9034 1495 1485 1494
9035 1485 1495 1486
9036 1495 1505 1496
9037 1505 1495 1504
9038 572 568 567
9039 568 572 573
9040 572 567 566
9041 571 572 566
9042 567 563 562
9043 568 563 567
9044 560 559 564
9045 565 560 564
9046 560 556 555
9047 559 560 555
9048 577 572 571
9049 576 577 571
9050 569 568 573
9051 574 569 573
9052 569 565 564
9053 569 570 565
9054 575 569 574
9055 570 569 575
9056 558 555 554
9057 558 559 555
9058 558 553 557
9059 553 558 554
9060 558 563 564
9061 559 558 564
9062 563 558 562
9063 562 558 557
9064 1495 1487 1486
9065 1487 1495 1496
9066 1454 1464 1455
9067 1464 1465 1455
9068 1453 1464 1454
9069 1463 1464 1453
9070 572 578 573
9071 577 578 572
9072 578 579 574
9073 578 574 573
9074 1490 1480 1489
9075 1480 1490 1481
9076 1503 1493 1502
9077 1493 1503 1494
9078 1503 1495 1494
9079 1495 1503 1504
9080 1482 1491 1483
9081 1491 1492 1483
9082 1490 1491 1481
9083 1491 1482 1481
9084 1499 1490 1489
9085 1498 1499 1489
9086 2102 5901 5902
9087 5900 2102 5899
9088 2102 2946 2947
9089 2102 5878 5899
9090 2102 5900 5901
9091 2943 2102 2942
9092 2102 2926 2927
9093 2928 2102 2927
9094 2948 2102 2947
9095 5910 2102 5909
9096 2102 2952 2953
9097 2102 2921 2922
9098 2102 5906 5907
9099 2951 2102 2950
9100 2102 2949 2950
9101 2945 2102 2944
9102 2102 2936 2937
9103 2918 2102 2917
9104 5908 2102 5907
9105 2923 2102 2922
9106 2102 5911 5912
9107 2952 2102 2951
9108 2938 2102 2937
9109 2933 2102 2932
9110 5906 2102 5905
9111 2102 5904 5905
9112 5903 2102 5902
9113 2102 5908 5909
9114 2949 2102 2948
9115 2102 2943 2944
9116 2920 2102 2919
9117 2102 2918 2919
9118 2102 2916 2917
9119 2102 5903 5904
9120 2102 5910 5911
9121 2102 2945 2946
9122 2102 2941 2942
9123 2921 2102 2920
9124 2102 2924 2925
9125 2926 2102 2925
9126 2102 2931 2932
9127 2102 2929 2930
9128 2102 2934 2935
9129 2936 2102 2935
9130 2941 2102 2940
9131 2102 2939 2940
9132 2102 2923 2924
9133 2931 2102 2930
9134 2102 2933 2934
9135 2102 2938 2939
9136 2929 2102 2928
9137 1491 1500 1492
9138 1500 1501 1492
9139 1500 1491 1490
9140 1499 1500 1490
9141 1497 1498 1489
9142 1488 1497 1489
9143 1452 1463 1453
9144 1452 1462 1463
2 7 2 1126
9145 1270 6131 1260
9146 1589 1529 1530
9147 3569 2372 805
9148 3582 5216 2387
9149 3483 5216 2388
9150 1780 1270 1260
9151 1549 6164 6265
9152 1548 6164 1549
9153 1540 1653 1539
9154 4957 1653 1730
9155 1540 1544 6483
9156 1657 1543 1539
9157 6505 6506 6172
9158 1523 6324 1622
9159 6324 1523 1621
9160 6298 1540 1541
9161 1514 1589 1530
9162 1584 1514 1515
9163 1589 1513 1529
9164 5216 2358 2388
9165 2358 5216 3582
9166 2358 3582 829
9167 2390 5214 2356
9168 5214 3584 2356
9169 3584 842 2356
9170 2389 3584 5214
9171 3584 2389 2357
9172 1274 4849 3736
9173 1275 4876 1811
9174 4991 1696 1271
9175 4992 1695 1271
9176 1695 4991 1271
9177 1695 6135 4991
9178 6160 6270 1496
9179 1545 6160 1548
9180 1545 6270 6160
9181 6270 1545 6159
9182 1264 1711 4975
9183 1541 6478 3059
9184 1653 6293 1730
9185 6293 1540 1652
9186 6293 1653 1540
9187 6484 3052 3035
9188 3052 1544 6485
9189 1544 3052 6484
9190 3053 6484 5984
9191 1544 3053 6483
9192 3053 1544 6484
9193 1727 6290 4959
9194 1542 1665 1546
9195 6286 1543 1659
9196 1660 6286 1723
9197 6286 1542 1543
9198 6286 1660 1542
9199 1712 1264 4975
9200 1264 1712 4974
9201 4925 1761 361
9202 4925 1264 1761
9203 6165 1549 6265
9204 6165 6166 1549
9205 6504 6505 6096
9206 6504 6097 6503
9207 6272 1545 6157
9208 1545 6272 6158
9209 6441 3095 596
9210 6324 335 1622
9211 3087 1524 6450
9212 582 6447 3089
9213 1540 6294 1652
9214 1295 2414 5189
9215 2358 3583 2388
9216 2354 3586 842
9217 2392 5212 2354
9218 5212 3586 2354
9219 3585 2390 2356
9220 2389 5215 2357
9221 3583 5215 2388
9222 5215 5316 2388
9223 5215 2389 3482
9224 1812 4874 1275
9225 4875 1812 1275
9226 1817 4869 1274
9227 4869 1817 1825
9228 4870 1274 1816
9229 4870 1817 1274
9230 1507 6233 4312
9231 4311 1507 6234
9232 4325 1510 6257
9233 4325 4288 1510
9234 4290 6255 884
9235 6255 4290 1510
9236 4907 1780 1260
9237 1779 4907 1260
9238 1778 4908 1260
9239 4908 1779 1260
9240 1806 4880 1276
9241 4920 1767 1263
9242 1767 4919 1263
9243 4989 1698 1271
9244 4989 1697 6137
9245 4990 1697 1271
9246 1697 4989 1271
9247 4919 4982 1263
9248 6424 3113 1530
9249 6165 6264 6166
9250 1545 6271 6159
9251 6271 1545 6158
9252 1706 4980 1263
9253 1550 3187 1549
9254 6505 1550 6506
9255 6504 1550 6505
9256 6501 6504 6503
9257 6478 3058 604
9258 3058 6478 1541
9259 3055 6482 603
9260 6482 3055 1540
9261 1537 6310 1536
9262 6487 3050 1543
9263 3050 6486 1543
9264 617 3050 6487
9265 3048 6488 1543
9266 3049 617 6487
9267 617 3049 6488
9268 3049 6487 1543
9269 6488 3049 1543
9270 6486 3051 1543
9271 3050 3051 6486
9272 3051 3050 617
9273 3051 1544 1543
9274 1544 3051 6485
9275 1653 6292 1539
9276 6292 1653 4957
9277 1657 6288 1543
9278 6288 1658 1543
9279 1543 6287 1659
9280 1658 6287 1543
9281 6281 1542 1664
9282 6281 1665 1542
9283 1665 6280 1546
9284 4928 1759 1264
9285 362 4931 1755
9286 4972 1714 378
9287 1714 4973 378
9288 4973 4928 1264
9289 4969 6280 1665
9290 4964 1660 1723
9291 1762 4924 1264
9292 4925 1762 1264
9293 4923 1764 1263
9294 4963 6286 1659
9295 6169 6508 6509
9296 6508 6262 6509
9297 6262 6508 6167
9298 6263 6169 6167
9299 6508 6263 6167
9300 1487 6274 6155
9301 1650 6295 1540
9302 2374 2372 3569
9303 4304 6241 848
9304 2414 3611 5189
9305 1572 314 6373
9306 1518 1534 6399
9307 1534 2895 6400
9308 2896 6400 554
9309 1534 2896 6399
9310 2896 1534 6400
9311 6364 1582 1515
9312 1582 6363 1515
9313 6362 1584 1515
9314 6368 1577 313
9315 1578 6368 313
9316 1597 6349 309
9317 1528 1529 1594
9318 1528 6431 3106
9319 1559 6387 317
9320 3606 2335 887
9321 5212 2391 3586
9322 4846 4873 3738
9323 3739 4846 937
9324 936 4848 3736
9325 4848 1274 3736
9326 4848 3737 1274
9327 1274 4871 1816
9328 4872 4847 1814
9329 4847 4872 3737
9330 4869 1818 1274
9331 6227 4318 1510
9332 1510 4318 6257
9333 4318 871 6226
9334 4318 6227 871
9335 4317 1510 6228
9336 4317 6227 1510
9337 1507 6231 1510
9338 4290 6254 1510
9339 6254 1507 1510
9340 6254 4291 1507
9341 6254 4290 884
9342 4291 6254 884
9343 6256 4325 883
9344 4325 6256 4288
9345 4288 6256 1510
9346 4909 1778 1260
9347 1777 4909 1260
9348 1783 5000 1270
9349 4889 1267 1797
9350 1807 4879 1276
9351 4879 4840 1276
9352 4844 3741 1275
9353 4876 1810 373
9354 1810 4876 1275
9355 3742 1810 1275
9356 4995 1271 1260
9357 6131 4995 1260
9358 4981 1706 1263
9359 1704 4919 1768
9360 1704 4982 4919
9361 1527 1599 6346
9362 1528 1599 1527
9363 1526 6441 3096
9364 1526 3095 6441
9365 1526 1527 1604
9366 1526 6442 3095
9367 1600 1527 6346
9368 3105 1528 6432
9369 1528 3105 6431
9370 3111 6425 1529
9371 1529 3112 1530
9372 6425 3112 1529
9373 6162 6267 1548
9374 6267 6163 1548
9375 6266 6164 1548
9376 6163 6266 1548
9377 6266 6163 1505
9378 6268 6162 1548
9379 6161 6268 1548
9380 6160 6269 1548
9381 6269 6161 1548
9382 1667 1545 6279
9383 1667 6278 1545
9384 1667 6279 378
9385 6278 1668 1545
9386 4977 1710 1264
9387 1709 4977 1264
9388 1708 4923 1263
9389 4980 1707 1263
9390 1711 377 4975
9391 377 1712 4975
9392 6495 1546 1549
9393 1550 6500 3187
9394 6500 1550 6504
9395 1540 6480 1541
9396 3054 1540 6483
9397 3054 6482 1540
9398 6482 3054 603
9399 1520 1638 1536
9400 6474 3063 1536
9401 6475 3062 1541
9402 3051 3036 6485
9403 1654 6291 1539
9404 6292 1654 1539
9405 1654 4958 6291
9406 1666 1545 1546
9407 6280 1666 1546
9408 1545 1666 6279
9409 6279 1666 378
9410 1666 6280 1717
9411 4928 1758 361
9412 4973 1758 4928
9413 1758 4973 1714
9414 1713 1264 4974
9415 1713 4973 1264
9416 1713 4974 378
9417 4973 1713 378
9418 1718 4969 1665
9419 1718 6281 4968
9420 6281 1718 1665
9421 1660 6285 1542
9422 4964 6285 1660
9423 1764 4922 1263
9424 4922 1765 1263
9425 4922 1764 360
9426 1765 4922 360
9427 4921 1765 360
9428 4921 1766 1263
9429 1765 4921 1263
9430 4934 1720 1752
9431 4937 4964 1723
9432 1261 1727 4959
9433 6506 6507 6171
9434 1550 6507 6506
9435 6507 1550 1549
9436 6166 6507 1549
9437 6263 6507 6166
9438 6507 6263 6508
9439 6274 1670 6155
9440 1524 1619 1523
9441 1631 1521 6315
9442 6322 1624 1523
9443 6323 1523 1622
9444 335 6323 1622
9445 6313 1521 1632
9446 1521 1635 1537
9447 1524 3086 6450
9448 4951 1737 4949
9449 4949 1737 351
9450 6298 1647 1735
9451 1647 4951 1735
9452 1647 6299 4951
9453 1647 6298 1541
9454 1262 1732 4954
9455 4955 1732 1262
9456 4954 1732 6295
9457 4956 6293 1652
9458 6293 4956 1730
9459 4956 1262 1742
9460 6295 1651 1540
9461 1651 6294 1540
9462 1732 1651 6295
9463 4951 4948 1735
9464 4948 4951 4949
9465 4953 1734 1262
9466 4952 6298 1735
9467 4948 4952 1735
9468 5230 3568 2372
9469 2374 5230 2372
9470 2363 3577 817
9471 3577 2382 2364
9472 1507 4310 6234
9473 4310 860 6234
9474 4293 6251 1507
9475 6252 1507 4292
9476 6252 4293 1507
9477 2333 5192 3607
9478 5192 2333 2412
9479 2421 3611 2414
9480 2421 2414 5190
9481 6421 3116 1530
9482 6368 1516 1577
9483 1516 6368 1578
9484 6367 1516 1578
9485 1570 6376 315
9486 1565 6381 316
9487 6381 1565 1518
9488 1565 6380 1518
9489 1561 6384 1519
9490 6401 2895 1534
9491 6363 1583 1515
9492 6377 1569 1518
9493 6376 1569 315
9494 315 1567 6379
9495 1567 1518 6379
9496 1567 6378 1518
9497 6351 1528 1594
9498 310 6351 1594
9499 6360 1586 1514
9500 1585 6360 1514
9501 6360 1585 312
9502 6361 1584 312
9503 1585 6361 312
9504 6361 1514 1584
9505 6361 1585 1514
9506 1586 6359 1514
9507 6354 1592 1513
9508 1592 6354 310
9509 1529 6352 1594
9510 1513 6352 1529
9511 1591 6354 1513
9512 935 3729 4856
9513 3723 4862 929
9514 3722 4862 4856
9515 3729 3722 4856
9516 3722 3729 4863
9517 4862 3722 929
9518 4862 3728 4856
9519 3723 3728 4862
9520 3606 2334 5193
9521 2410 3606 5193
9522 3606 2410 2335
9523 5337 2410 5193
9524 3598 2343 867
9525 5201 2343 3598
9526 2340 3600 867
9527 415 2340 3601
9528 415 2406 5198
9529 415 3600 2340
9530 415 5197 2406
9531 3478 5211 2393
9532 4874 1813 1275
9533 1813 3739 1275
9534 1813 4873 4846
9535 3739 1813 4846
9536 1819 4867 4852
9537 4822 6119 1481
9538 6230 4315 1510
9539 4315 6229 1510
9540 6229 4315 871
9541 1510 4316 6228
9542 6229 4316 1510
9543 6232 1507 4312
9544 6231 4314 1510
9545 4292 6253 884
9546 6253 4291 884
9547 1507 6253 4292
9548 4291 6253 1507
9549 6255 4289 883
9550 4289 6256 883
9551 4289 6255 1510
9552 6256 4289 1510
9553 4910 1777 1260
9554 1699 1773 4988
9555 6121 1789 4821
9556 1270 4996 6131
9557 6130 4996 1270
9558 1795 4891 1267
9559 1267 4890 1797
9560 1796 4890 1267
9561 1798 4889 364
9562 1798 6113 4889
9563 4884 1802 364
9564 1803 4884 364
9565 4883 1803 363
9566 4842 3743 1809
9567 3744 4840 4879
9568 1808 3744 4879
9569 4843 3742 1275
9570 3741 4843 1275
9571 4843 3741 937
9572 6132 4994 1271
9573 4995 6132 1271
9574 6132 4995 1483
9575 4916 1771 1272
9576 4915 1772 1272
9577 1771 4915 1272
9578 4915 1771 359
9579 4918 1768 359
9580 4912 1775 1271
9581 4911 1775 369
9582 1271 4911 1260
9583 1775 4911 1271
9584 4982 1705 1263
9585 1704 376 4982
9586 4983 1704 1768
9587 4918 4983 1768
9588 1526 1525 3092
9589 1525 6447 3090
9590 6447 1525 3089
9591 3089 1525 6448
9592 3088 1525 6449
9593 3087 1525 1524
9594 1525 3087 6449
9595 1528 3107 1529
9596 1668 6277 1545
9597 4924 1763 1264
9598 4979 1708 1263
9599 1707 4979 1263
9600 4976 377 1711
9601 4976 1711 1264
9602 1710 4976 1264
9603 1712 6151 4974
9604 1543 3047 6489
9605 6490 3047 1543
9606 3047 6490 5979
9607 3198 6502 6503
9608 6502 3199 6503
9609 3199 6502 3198
9610 3199 3185 6503
9611 6501 3186 6504
9612 3186 6500 6504
9613 3186 637 6500
9614 6498 3188 3191
9615 3188 6498 1549
9616 6499 3188 1549
9617 618 3054 6483
9618 3053 618 6483
9619 6480 3057 1541
9620 3056 6480 1540
9621 1636 1520 1536
9622 3060 6476 1541
9623 6477 3060 1541
9624 3061 6475 1541
9625 6471 3066 1536
9626 3064 6472 1536
9627 5983 3052 6485
9628 1729 1654 6292
9629 1654 1729 4958
9630 1729 1261 4958
9631 6288 371 1658
9632 371 6287 1658
9633 6287 371 1659
9634 1759 4927 1264
9635 4927 1760 1264
9636 1264 4926 1761
9637 4972 1265 1714
9638 1265 1758 1714
9639 1758 1265 4929
9640 1757 1265 4930
9641 1265 1756 4930
9642 1265 4931 1756
9643 4931 1265 1755
9644 1265 4970 1717
9645 1265 4932 1755
9646 1718 1265 4969
9647 1265 1718 1754
9648 1716 4971 378
9649 4970 1716 378
9650 1716 1265 4971
9651 1265 1716 4970
9652 4967 4934 1753
9653 4967 1720 4934
9654 1720 4967 370
9655 4937 1750 4964
9656 1745 1261 4942
9657 1261 1745 4941
9658 1728 1261 4959
9659 1261 1728 4958
9660 1746 1261 4941
9661 6170 6507 6508
9662 6264 6170 6166
9663 6170 6263 6166
9664 1602 6344 308
9665 6343 1602 308
9666 1527 6342 1604
9667 6319 1522 1626
9668 1522 6320 1626
9669 1522 1625 6320
9670 6321 1522 1523
9671 1625 1522 6321
9672 1522 1630 1521
9673 1630 1522 6316
9674 6314 1631 334
9675 1632 6314 333
9676 1521 6314 1632
9677 1631 6314 1521
9678 1623 6322 1523
9679 6323 1623 1523
9680 6322 1623 335
9681 1623 6323 335
9682 6312 1634 1521
9683 1634 6311 1521
9684 6311 1635 1521
9685 6311 1634 333
9686 1736 1737 4951
9687 1736 6300 1645
9688 6299 1646 4951
9689 1646 1736 4951
9690 1736 1646 6300
9691 6294 1731 1652
9692 1731 4956 1652
9693 4956 1731 1262
9694 1740 4946 1262
9695 4946 1741 1262
9696 1262 4945 1742
9697 1741 4945 1262
9698 1738 4949 350
9699 4948 1738 350
9700 1738 4948 4949
9701 4947 1740 1262
9702 1733 4953 1262
9703 2364 5222 3576
9704 2382 5222 2364
9705 6238 4306 861
9706 6241 1509 4303
9707 2333 3608 2412
9708 3608 2333 887
9709 2331 3610 5190
9710 3610 2421 5190
9711 3610 2331 897
9712 2421 3610 897
9713 3117 1531 1530
9714 3118 6418 1531
9715 6419 3118 1531
9716 3130 1533 6407
9717 1533 3130 6406
9718 1519 2901 6394
9719 6395 2901 1519
9720 2900 6395 6382
9721 2898 6397 1518
9722 2898 6398 554
9723 6398 2898 1518
9724 6396 1564 1518
9725 1564 6381 1518
9726 1564 2900 6382
9727 2900 1564 6396
9728 1564 6382 316
9729 6381 1564 316
9730 1518 1566 6379
9731 6384 1562 1519
9732 1562 6383 1519
9733 1562 6384 316
9734 1563 6395 1519
9735 6395 1563 6382
9736 6401 2894 553
9737 2894 6401 1534
9738 6366 1580 1515
9739 1581 6364 1515
9740 1512 1596 6349
9741 1597 1512 6349
9742 1512 1597 6348
9743 1512 1598 1528
9744 1528 3104 6432
9745 6433 3104 1528
9746 6432 3104 585
9747 585 3103 6434
9748 3103 1528 6434
9749 3103 6433 1528
9750 1557 6389 2907
9751 1557 6388 6389
9752 2902 1519 6394
9753 1559 6391 6387
9754 2904 6391 1559
9755 6391 2904 551
9756 6386 2904 1559
9757 6386 1559 317
9758 1587 6358 1514
9759 6359 1587 1514
9760 1587 6359 311
9761 6358 1588 1514
9762 1588 6357 1514
9763 6353 1593 1513
9764 1592 6353 1513
9765 6353 1592 310
9766 6356 1513 1589
9767 6356 1590 1513
9768 3720 1273 4865
9769 4861 3723 929
9770 4857 4861 3727
9771 4861 4857 3723
9772 3727 4858 934
9773 4858 3727 3724
9774 2410 5194 2335
9775 2405 415 5198
9776 3600 2405 5199
9777 415 2405 3600
9778 5197 3465 2406
9779 2407 3603 5196
9780 415 2407 5197
9781 2403 5201 3598
9782 2342 2403 3598
9783 3603 2337 5196
9784 2337 2408 5196
9785 2337 3603 876
9786 3739 4845 1275
9787 3733 1819 4852
9788 3733 4852 936
9789 4851 3733 936
9790 3733 4851 4868
9791 1819 3733 4868
9792 1274 3735 4849
9793 4850 3735 1274
9794 6113 4828 4889
9795 4889 4828 1267
9796 6119 4823 1480
9797 4823 6118 1480
9798 4313 6231 1507
9799 6258 4323 883
9800 4324 4318 6226
9801 4913 1773 358
9802 1773 4913 4988
9803 4988 4913 1271
9804 4913 1774 1271
9805 4905 1782 1270
9806 1780 4906 1270
9807 1784 4902 1269
9808 4902 1785 1269
9809 1785 4901 1269
9810 4821 6120 1481
9811 6120 4822 1481
9812 6120 1790 4822
9813 4999 6128 1270
9814 1798 4829 6113
9815 6113 4829 1480
9816 4829 1798 4888
9817 3749 4884 1803
9818 4882 4837 1804
9819 4881 1806 1276
9820 4877 4842 1809
9821 3745 938 4839
9822 4840 3745 1276
9823 3745 4839 1276
9824 4987 1700 1272
9825 1700 4986 1272
9826 4986 1700 375
9827 4914 1773 1699
9828 4917 1702 4984
9829 1702 4917 1770
9830 1702 6142 4984
9831 4986 1701 1272
9832 1776 4910 1260
9833 4911 1776 1260
9834 1776 4911 369
9835 4910 1776 358
9836 6444 1526 3092
9837 3093 6443 1526
9838 6439 3098 1527
9839 1526 3097 1527
9840 3101 6435 1527
9841 3107 6429 1529
9842 6430 3107 1528
9843 3110 6426 1529
9844 6427 3110 1529
9845 3108 6428 1529
9846 5974 6495 1549
9847 3044 1547 1546
9848 1547 3045 3041
9849 1547 6490 1543
9850 1547 3046 6490
9851 6479 3058 1541
9852 6481 3055 603
9853 3055 6481 1540
9854 6481 3056 1540
9855 6458 3079 1523
9856 1522 6459 1523
9857 1520 6308 1638
9858 1637 6308 1520
9859 6308 1637 332
9860 6308 352 1638
9861 6309 1637 1520
9862 6473 3063 604
9863 3063 6473 1536
9864 6473 3064 1536
9865 1261 4960 1727
9866 1265 1715 4971
9867 1715 1265 4972
9868 4971 1715 378
9869 1715 4972 378
9870 1266 1751 4935
9871 4966 1266 4935
9872 1266 4965 4936
9873 1751 1266 4936
9874 1261 1744 4942
9875 4943 1744 1261
9876 4944 4956 1742
9877 4956 4944 1730
9878 1746 4940 1261
9879 4961 4940 1747
9880 1261 4940 4961
9881 6275 1487 6155
9882 1670 6275 6155
9883 1619 6326 1523
9884 6326 1620 1523
9885 6326 1619 336
9886 1620 6326 336
9887 1620 6325 1523
9888 1612 6333 1525
9889 1525 1614 1524
9890 1511 6343 1527
9891 1511 1602 6343
9892 1602 1511 6344
9893 6344 1511 1601
9894 6345 1511 1527
9895 6343 1603 1527
9896 1522 1627 6318
9897 1627 1522 6319
9898 1627 334 6318
9899 1522 1629 6316
9900 6317 1629 1522
9901 1628 1522 6318
9902 1628 6317 1522
9903 334 1628 6318
9904 6317 1628 334
9905 1739 4947 1262
9906 1739 4952 4948
9907 2369 413 3571
9908 2376 2370 3571
9909 2367 3573 818
9910 4307 6238 861
9911 6237 4307 861
9912 1508 6237 4308
9913 1508 4307 6237
9914 1508 4308 6236
9915 4309 1508 6236
9916 6250 1508 1507
9917 4307 1508 6238
9918 1508 4310 1507
9919 4310 1508 6235
9920 4299 6241 4304
9921 1508 4297 6238
9922 4297 4306 6238
9923 2419 3612 898
9924 2416 2419 898
9925 3612 5188 2415
9926 5188 2416 1295
9927 2419 5188 3612
9928 5188 2419 2416
9929 3113 6423 1530
9930 6423 3114 1530
9931 6423 3113 587
9932 3116 6420 1530
9933 1533 6404 1534
9934 3122 1532 1531
9935 1575 1516 6371
9936 1575 6370 1516
9937 1575 6371 314
9938 1516 6369 1577
9939 1532 6409 1533
9940 1516 1574 6371
9941 314 1573 6373
9942 1517 1574 1516
9943 1517 1573 6372
9944 1573 1517 6373
9945 1517 1572 6373
9946 1517 6374 1572
9947 1517 1570 6375
9948 1570 1517 6376
9949 1517 1569 6376
9950 1569 1517 1518
9951 2899 6396 1518
9952 2897 6398 1518
9953 6404 2893 1534
9954 6366 1579 313
9955 1579 6366 1515
9956 1516 1579 1515
9957 1579 1516 6367
9958 6351 1595 1528
9959 1595 1512 1528
9960 1512 1595 6350
9961 1595 6351 310
9962 6391 2905 6387
9963 6386 6392 2904
9964 1273 1820 4866
9965 4866 1820 1822
9966 4861 6572 3727
9967 3726 4858 4860
9968 4858 3726 934
9969 2348 3592 854
9970 5206 3592 2348
9971 2346 3594 854
9972 3594 2346 5204
9973 2352 3588 842
9974 5211 2353 2393
9975 2353 3588 2393
9976 5194 3605 2335
9977 2335 3605 876
9978 3605 5194 2409
9979 2336 3605 2409
9980 1273 1821 4865
9981 1821 1273 4866
9982 4993 1694 1271
9983 4994 4993 1271
9984 4892 1795 1267
9985 6115 4826 1267
9986 4827 6115 1267
9987 4823 4895 6118
9988 4322 4321 6260
9989 4321 882 6260
9990 6225 4323 6258
9991 4323 6225 4320
9992 4320 6225 882
9993 1813 1829 4873
9994 1781 4905 1270
9995 4906 1781 1270
9996 4898 4820 1788
9997 1789 4897 4821
9998 4897 6120 4821
9999 4997 6129 1482
10000 4997 6130 1270
10001 6129 4997 1270
10002 6128 4998 1270
10003 4998 6129 1270
10004 6127 5000 1482
10005 5000 6127 1270
10006 6127 4999 1270
10007 5002 6125 1269
10008 6125 5001 1269
10009 6126 1784 1269
10010 5001 6126 1269
10011 4883 4836 1803
10012 4836 3749 1803
10013 3749 4835 4884
10014 1802 4835 3750
10015 4884 4835 1802
10016 4835 3749 939
10017 6111 4831 1489
10018 4839 3746 1276
10019 4882 3747 4837
10020 4985 1702 1770
10021 1525 6445 3092
10022 3091 6445 1525
10023 3091 6446 596
10024 6446 1525 3090
10025 6446 3091 1525
10026 1526 3094 6442
10027 6443 3094 1526
10028 3094 6443 583
10029 3098 6438 1527
10030 6440 1526 3096
10031 6440 3097 1526
10032 1528 3102 6434
10033 3102 1528 1527
10034 6436 3101 1527
10035 3100 6436 1527
10036 6428 3109 1529
10037 5973 6496 1549
10038 6496 5974 1549
10039 5974 6496 1456
10040 6498 3189 1549
10041 1547 6492 3045
10042 6457 3080 1523
10043 3079 6457 1523
10044 3077 1522 6460
10045 3077 6459 1522
10046 6465 3071 592
10047 3071 6466 592
10048 3071 6465 1537
10049 6466 3071 1537
10050 3070 6466 1537
10051 6466 3070 592
10052 1522 1538 6460
10053 6303 1642 351
10054 1643 6303 351
10055 1535 1643 6302
10056 1535 6303 1643
10057 3062 1535 1541
10058 6303 1535 1642
10059 1535 6474 1536
10060 1535 6304 1642
10061 6300 1535 1645
10062 1646 1535 6300
10063 1535 1646 6299
10064 1535 1647 1541
10065 1647 1535 6299
10066 1645 6301 351
10067 1535 6301 1645
10068 6301 1535 1644
10069 3066 6470 1536
10070 6470 3067 1536
10071 591 6470 3066
10072 3067 6470 591
10073 1726 1261 4961
10074 1721 1266 370
10075 1266 1721 4965
10076 1724 4963 1659
10077 371 1724 1659
10078 4963 1724 4938
10079 1724 1748 4938
10080 1743 4943 1261
10081 4944 1743 1730
10082 6327 1619 1524
10083 1618 6327 1524
10084 1619 6327 336
10085 6330 1615 337
10086 1615 6330 1524
10087 6330 1616 1524
10088 1615 6331 337
10089 6331 1614 337
10090 6331 1615 1524
10091 1614 6331 1524
10092 6332 1614 1525
10093 1614 6332 337
10094 1609 1525 1526
10095 6337 1609 1526
10096 1525 1611 6334
10097 6335 1611 1525
10098 6339 1607 1526
10099 6339 1606 308
10100 1606 6339 1526
10101 6340 1606 1526
10102 1605 6340 1526
10103 2381 2365 3576
10104 2381 5223 2365
10105 5222 2381 3576
10106 3572 413 2369
10107 413 3572 2368
10108 3572 2369 818
10109 2376 5228 2370
10110 6245 1509 6241
10111 3114 6422 1530
10112 6422 3115 1530
10113 3132 6404 1533
10114 6412 1532 3124
10115 6415 3122 1531
10116 6416 3120 588
10117 6416 3121 1531
10118 3120 6416 1531
10119 3119 6417 1531
10120 6417 3120 1531
10121 3120 6417 588
10122 6402 2894 1534
10123 4854 3731 1273
10124 3732 1820 1273
10125 4825 1794 6116
10126 4893 1794 4825
10127 4822 1268 6119
10128 1268 4823 6119
10129 1268 4895 4823
10130 1790 1268 4822
10131 1268 1790 4896
10132 4895 1792 6118
10133 6261 4323 4320
10134 4319 4324 6226
10135 6225 4319 882
10136 4324 4319 6258
10137 4319 6225 6258
10138 871 4319 6226
10139 6124 5002 1269
10140 5003 6124 1269
10141 5002 6124 1481
10142 5004 6123 1269
10143 6123 5003 1269
10144 4820 6122 1788
10145 6122 4899 1788
10146 6122 4820 1481
10147 4837 3748 1804
10148 3748 4883 1804
10149 3748 4836 4883
10150 939 3748 4837
10151 6437 584 3100
10152 3099 6437 1527
10153 6437 3100 1527
10154 3078 6458 1523
10155 6459 3078 1523
10156 3080 6456 1523
10157 6454 3083 1524
10158 6454 1524 1523
10159 3083 6453 1524
10160 6467 3070 1537
10161 352 6307 1638
10162 1638 6307 1536
10163 6307 1639 1536
10164 1641 1535 1536
10165 6469 3067 591
10166 6469 3068 1537
10167 6469 1537 1536
10168 3067 6469 1536
10169 6333 1613 1525
10170 1613 6332 1525
10171 6341 1526 1604
10172 6341 1605 1526
10173 3489 5222 2382
10174 2381 3490 5223
10175 5226 413 2378
10176 5226 2377 413
10177 2399 3594 5204
10178 3594 2399 2347
10179 2399 5205 2347
10180 5205 2399 3472
10181 5205 2398 3593
10182 2398 5206 2348
10183 3593 2398 2348
10184 2398 5205 5326
10185 5206 2398 3473
10186 1532 6413 3124
10187 589 6414 3122
10188 6414 1532 3122
10189 6414 3123 1532
10190 6409 3128 1533
10191 3128 6408 1533
10192 3126 6410 1532
10193 6410 3127 1532
10194 3731 4853 1273
10195 3590 414 2351
10196 2397 3592 5206
10197 1791 1268 4896
10198 1268 1791 4895
10199 6497 5973 1549
10200 3189 6497 1549
10201 6473 605 3064
10202 3075 1538 6462
10203 3075 6461 1538
10204 1538 3076 6460
10205 6461 3076 1538
10206 1538 3074 6462
10207 6465 3072 1537
10208 6336 1609 338
10209 1609 6336 1525
10210 6336 1610 1525
10211 5309 2381 5222
10212 2371 5229 3569
10213 5229 2374 3569
10214 5227 5304 2376
10215 5227 2376 3571
10216 413 5227 3571
10217 2377 5227 413
10218 3574 2379 2367
10219 2350 3590 855
10220 2350 414 3590
10221 412 414 2396
10222 2395 412 5208
10223 4886 4833 1800
10224 6463 3074 1538
10225 6464 1538 1537
10226 2367 5225 3573
10227 2379 5225 2367
10228 2350 3591 414
10229 412 5209 414
10230 5209 412 2395
10231 4833 3751 3756
10232 6108 3751 4834
10233 4834 3751 1801
10234 3751 4886 1801
10235 3751 4833 4886
10236 2382 5221 5310
10237 3577 5221 2382
10238 5221 3577 2363
10239 2383 5221 2363
10240 5209 2394 414
10241 2394 2352 3589
10242 414 2394 3589
10243 4887 4832 1799
10244 4832 4830 1799
10245 5210 5321 2393
10246 2394 5210 2352
10247 5210 2394 3477
10248 3588 5210 2393
10249 2352 5210 3588
10250 3753 4832 6110
10251 3753 3754 4831
10252 6111 3753 4831
10253 3753 6111 4830
10254 4832 3753 4830
10255 1543 1544 1539
10256 1544 1540 1539
10257 1514 1531 1515
10258 1531 1514 1530
10259 1545 1548 1549
10260 1546 1545 1549
10261 1542 1547 1543
10262 1547 1542 1546
10263 1531 1532 1515
10264 1532 1516 1515
10265 1532 1517 1516
10266 1517 1532 1533
10267 1517 1534 1518
10268 1517 1533 1534
10269 1538 1522 1521
10270 1538 1521 1537
2 8 2 1564
10271 2275 393 2276
10272 2275 2274 393
10273 2267 398 2268
10274 2272 398 393
10275 398 2272 2271
10276 2274 2273 393
10277 2273 2272 393
10278 4509 2273 2274
10279 389 390 2140
10280 398 2269 2268
10281 4183 473 472
10282 389 4494 2137
10283 2139 4493 389
10284 2270 398 2271
10285 2270 2269 398
10286 2270 4513 2269
10287 4507 2275 2276
10288 4515 2267 2268
10289 4512 2270 2271
10290 2555 473 4184
10291 2556 473 4183
10292 473 2556 4184
10293 2557 4183 472
10294 4183 2557 714
10295 507 4018 516
10296 421 2841 420
10297 2822 428 423
10298 3901 404 2214
10299 404 3901 400
10300 2228 405 407
10301 2265 402 2266
10302 402 2267 2266
10303 402 398 2267
10304 6778 515 516
10305 4495 389 2137
10306 6524 4496 389
10307 2138 4493 1247
10308 4493 2138 389
10309 2138 4494 389
10310 4492 389 2140
10311 4492 2139 389
10312 4498 388 2134
10313 2275 4508 2274
10314 2269 4514 2268
10315 4517 2265 2266
10316 2273 4510 2272
10317 473 4185 2554
10318 2555 4185 473
10319 2558 481 4181
10320 481 2558 4182
10321 481 2557 472
10322 2557 481 4182
10323 444 2782 452
10324 4326 425 420
10325 2832 4326 420
10326 429 4228 2511
10327 401 379 400
10328 2213 401 400
10329 401 2213 3902
10330 379 395 400
10331 405 2257 407
10332 402 2262 405
10333 405 3887 406
10334 2228 3887 405
10335 4123 532 531
10336 832 2659 4080
10337 4018 2721 516
10338 2721 6778 516
10339 4016 507 2724
10340 507 6779 4018
10341 2239 2246 3875
10342 2453 2454 4564
10343 4496 2135 389
10344 4499 2283 388
10345 2267 4516 2266
10346 2272 4511 2271
10347 463 4190 2549
10348 463 473 2550
10349 4190 463 2550
10350 438 2519 4221
10351 2518 438 4221
10352 527 4135 2604
10353 527 526 2605
10354 2831 974 4327
10355 2831 4326 974
10356 2841 2840 420
10357 421 2842 2841
10358 2843 2842 421
10359 2844 2843 421
10360 2552 4188 473
10361 4188 2551 473
10362 473 4189 2550
10363 2551 4189 473
10364 4187 2552 473
10365 2553 4187 473
10366 4186 473 2554
10367 4186 2553 473
10368 2512 661 4228
10369 430 429 2510
10370 4225 434 2515
10371 2514 434 4225
10372 434 4224 2515
10373 4224 434 2516
10374 2513 434 4226
10375 434 2513 4227
10376 2512 434 4227
10377 434 2517 4223
10378 429 434 4228
10379 434 2512 4228
10380 4335 2822 423
10381 2823 4335 423
10382 2260 2259 405
10383 407 2256 2255
10384 2257 2256 407
10385 2256 2257 3858
10386 2262 2263 4520
10387 2263 2262 402
10388 4521 2261 2262
10389 2261 2260 405
10390 2262 2261 405
10391 2261 4522 2260
10392 3885 407 2230
10393 3885 2229 407
10394 3900 802 2214
10395 404 3900 2214
10396 2215 3900 404
10397 2222 403 406
10398 3871 2243 2244
10399 2243 2242 2244
10400 3881 2233 407
10401 2615 4124 780
10402 532 2615 4125
10403 2615 532 4124
10404 2616 532 4123
10405 532 2616 4124
10406 536 535 4111
10407 2629 4110 798
10408 2629 787 4111
10409 535 2629 4111
10410 4129 526 525
10411 2611 4129 525
10412 4128 525 2612
10413 4128 2611 525
10414 4037 2702 528
10415 2702 6793 528
10416 528 2704 4036
10417 4035 2704 528
10418 4035 2705 763
10419 2705 528 4034
10420 2705 4035 528
10421 528 521 4034
10422 4081 832 2658
10423 4081 2659 832
10424 2723 4017 507
10425 4016 2723 507
10426 4047 2693 3518
10427 2245 3870 2244
10428 3869 2245 2246
10429 2250 2251 3864
10430 2250 408 2251
10431 2449 2450 4568
10432 2449 4768 2450
10433 4768 2449 2447
10434 2452 2453 4565
10435 4769 2451 2450
10436 2445 2451 4769
10437 2451 4567 2450
10438 2451 2452 4566
10439 389 4497 388
10440 388 4497 2134
10441 4498 2133 388
10442 2133 2284 388
10443 4500 2282 388
10444 2283 4500 388
10445 2282 4500 1250
10446 4500 2283 1250
10447 2277 4506 2276
10448 2278 2277 388
10449 388 2277 393
10450 393 2277 2276
10451 3855 2259 2260
10452 2256 3859 2255
10453 4389 2768 458
10454 2798 6521 440
10455 4360 6521 1077
10456 440 4360 2797
10457 6521 4360 440
10458 1024 6562 4348
10459 6562 431 4348
10460 6562 2809 431
10461 2520 438 4219
10462 2763 4395 457
10463 2753 466 4404
10464 489 2565 4175
10465 4136 2604 3341
10466 4136 527 2604
10467 4378 6555 1124
10468 4380 2778 1124
10469 4375 2783 1125
10470 2783 4375 444
10471 2788 444 445
10472 4369 2788 445
10473 4326 424 425
10474 2831 424 4326
10475 424 2831 4327
10476 424 4328 2829
10477 4742 2832 420
10478 4329 2829 973
10479 6568 4329 973
10480 4329 424 2829
10481 424 4329 6568
10482 2830 424 4327
10483 425 2503 426
10484 4236 2503 425
10485 2840 2839 420
10486 2839 2838 2837
10487 2835 4740 420
10488 6569 4741 420
10489 2845 421 2846
10490 2845 2844 421
10491 2496 421 4243
10492 2493 4246 648
10493 422 4246 2493
10494 4247 422 2493
10495 4246 422 2494
10496 421 422 2846
10497 422 2850 2849
10498 2496 422 421
10499 422 2496 4244
10500 4241 2498 426
10501 4242 421 426
10502 2548 4191 706
10503 464 463 2549
10504 4191 464 2549
10505 2548 464 4191
10506 464 2548 4192
10507 4229 429 2511
10508 429 4229 2510
10509 430 4235 425
10510 2517 433 4222
10511 434 433 2517
10512 433 2518 4222
10513 433 438 2518
10514 438 2521 4219
10515 4218 2521 438
10516 2522 438 4217
10517 2522 4218 438
10518 4332 2825 423
10519 4333 2825 973
10520 4333 2824 423
10521 2825 4333 423
10522 2826 424 4331
10523 424 2826 423
10524 4345 431 432
10525 4345 2812 431
10526 2812 4345 1025
10527 3905 2210 792
10528 2210 3905 401
10529 802 2212 3902
10530 2212 401 3902
10531 2212 3903 401
10532 2210 3904 792
10533 3904 2210 401
10534 2258 2257 405
10535 2259 2258 405
10536 2258 3857 2257
10537 2258 2259 3856
10538 2263 2264 4519
10539 4518 2264 2265
10540 2264 402 2265
10541 2264 2263 402
10542 2219 3896 404
10543 2219 3895 814
10544 3895 2219 404
10545 2220 3895 404
10546 403 3893 404
10547 2222 3893 403
10548 2234 3881 407
10549 3881 2234 838
10550 3873 2241 2244
10551 2241 2245 2244
10552 2245 2241 3874
10553 3874 2241 851
10554 3883 2231 407
10555 407 3884 2230
10556 2231 3884 407
10557 2614 4126 532
10558 532 4127 525
10559 525 4127 2612
10560 2629 539 4110
10561 539 2629 535
10562 4017 2722 507
10563 2722 6779 507
10564 771 4128 2612
10565 2608 4132 526
10566 2703 528 4036
10567 2703 4037 528
10568 528 4038 2701
10569 521 2706 4034
10570 537 4047 6791
10571 4047 537 2693
10572 2693 537 4046
10573 2638 4102 542
10574 4081 547 2659
10575 2659 547 4080
10576 547 4081 2658
10577 4082 547 2658
10578 832 4084 2656
10579 2655 4084 832
10580 2681 4058 5292
10581 4054 2685 540
10582 537 533 4045
10583 528 4041 534
10584 4092 2647 545
10585 2240 2245 3874
10586 3875 2240 851
10587 2240 3874 851
10588 2246 2240 3875
10589 2245 2240 2246
10590 2249 2250 3865
10591 2250 2249 408
10592 2251 2252 3863
10593 2252 2253 3862
10594 2253 2252 407
10595 408 2252 2251
10596 2252 2234 407
10597 2234 2252 408
10598 2253 2254 3861
10599 3860 2254 2255
10600 2254 407 2255
10601 2254 2253 407
10602 417 4772 2442
10603 417 416 2462
10604 417 2459 2453
10605 2452 417 2453
10606 2448 2449 4766
10607 4768 2446 2450
10608 4770 1254 2444
10609 4770 2445 1254
10610 417 4770 2444
10611 4770 417 2452
10612 4770 2451 2445
10613 2451 4770 2452
10614 2434 4781 2469
10615 416 2463 2462
10616 4505 2277 2278
10617 4501 2282 1250
10618 2282 4501 388
10619 4501 2278 388
10620 2560 4180 481
10621 481 2559 4181
10622 4180 2559 481
10623 483 474 6801
10624 2769 4389 458
10625 435 2804 4354
10626 2803 435 4354
10627 6560 435 2801
10628 4357 435 6560
10629 441 435 2800
10630 441 4358 440
10631 2547 464 4192
10632 464 2547 4193
10633 431 2807 436
10634 4352 435 436
10635 438 4220 2519
10636 2520 4220 438
10637 4010 2730 729
10638 2730 4009 729
10639 4009 2730 499
10640 4008 499 500
10641 2729 499 4010
10642 499 2728 4012
10643 4011 2728 499
10644 6796 4015 507
10645 4013 6797 739
10646 6797 4013 499
10647 499 4013 507
10648 4013 2726 507
10649 2727 6797 499
10650 6518 4396 457
10651 6518 2762 1144
10652 4395 2762 457
10653 2762 6518 457
10654 2577 4162 740
10655 4162 2577 506
10656 4174 489 2566
10657 480 4176 481
10658 4176 2563 481
10659 4384 1123 2773
10660 1123 4384 2774
10661 459 4387 458
10662 6555 2780 1125
10663 2780 4377 1125
10664 4377 2781 1125
10665 6519 4380 1124
10666 6556 2782 444
10667 4375 6556 444
10668 6556 4375 1125
10669 4366 2792 1076
10670 2854 4253 2855
10671 2855 4253 2486
10672 2486 4253 641
10673 2857 4256 2858
10674 4254 2856 2855
10675 4254 2855 2486
10676 2828 424 6568
10677 2827 424 4330
10678 424 2827 4331
10679 4331 2827 973
10680 4742 2833 4732
10681 4733 2833 4741
10682 4741 2833 420
10683 2833 4742 420
10684 2839 4738 420
10685 4740 2834 420
10686 2834 6569 420
10687 2834 4740 4734
10688 422 4245 2494
10689 4245 422 2495
10690 422 2492 4248
10691 2492 422 4247
10692 2848 422 2849
10693 422 2491 2850
10694 4240 2499 426
10695 2499 4241 426
10696 421 2497 4243
10697 4242 2497 421
10698 464 4196 455
10699 4196 2543 455
10700 2546 464 4193
10701 2505 430 4234
10702 2505 4235 430
10703 2504 655 4236
10704 2504 4236 425
10705 4235 2504 425
10706 4335 999 2822
10707 4340 2818 998
10708 3905 2209 401
10709 2211 3904 401
10710 2207 3907 792
10711 3907 2207 401
10712 3880 2234 408
10713 825 3884 2231
10714 3884 825 2230
10715 825 3885 2230
10716 4103 543 542
10717 4121 2618 531
10718 2617 4123 531
10719 4122 2617 531
10720 2617 779 4123
10721 2627 4113 536
10722 2628 536 4111
10723 4114 2625 536
10724 2717 514 515
10725 4129 2610 526
10726 771 2610 4129
10727 2608 4131 772
10728 4131 2609 772
10729 4131 2608 526
10730 2609 4131 526
10731 4126 2613 532
10732 2708 521 522
10733 537 4051 541
10734 4096 546 545
10735 4102 2637 542
10736 2637 4103 542
10737 4101 2639 808
10738 2638 4101 808
10739 4101 542 2639
10740 4101 2638 542
10741 548 4084 2655
10742 4084 548 2656
10743 548 4083 2656
10744 548 547 4083
10745 548 2655 4085
10746 548 4086 2653
10747 548 2676 547
10748 2676 548 4063
10749 544 4058 2681
10750 544 2650 545
10751 2650 544 4089
10752 2679 544 4060
10753 4059 544 2681
10754 541 4053 540
10755 2698 6772 534
10756 4041 2698 534
10757 4091 2648 545
10758 4091 2649 820
10759 4090 2649 545
10760 2649 4091 545
10761 4093 2646 545
10762 2647 4093 545
10763 4093 2647 820
10764 2248 2249 3866
10765 2249 2248 2237
10766 2478 4790 2479
10767 2479 4790 2424
10768 4787 2427 2476
10769 2455 2457 2456
10770 2457 2455 2454
10771 2455 4563 2454
10772 4562 2455 2456
10773 2458 2457 2454
10774 2458 2454 2453
10775 2459 2458 2453
10776 417 2460 2459
10777 4771 417 2444
10778 2449 4767 2447
10779 2448 4767 2449
10780 4767 2448 4766
10781 2473 2472 4784
10782 4783 2472 2471
10783 2465 2464 416
10784 2464 2463 416
10785 2434 4780 1251
10786 4780 2434 2469
10787 2468 4780 2469
10788 4780 2468 2435
10789 2468 2467 4779
10790 2466 2465 416
10791 4773 417 2442
10792 2279 4504 2278
10793 401 396 379
10794 396 395 379
10795 396 2206 3909
10796 2207 396 401
10797 2561 4179 481
10798 4179 2560 481
10799 474 4407 2750
10800 713 3996 6801
10801 2743 3996 713
10802 3996 483 6801
10803 3996 2743 483
10804 4408 2750 1182
10805 4408 474 2750
10806 4405 475 466
10807 475 4405 474
10808 2745 3995 474
10809 3994 474 2746
10810 3994 2745 474
10811 4388 2769 458
10812 458 2765 457
10813 4392 2765 458
10814 435 4355 2802
10815 4355 435 2803
10816 6561 4351 436
10817 2807 6561 436
10818 4352 2805 435
10819 4351 2806 436
10820 2527 4213 443
10821 2542 4198 455
10822 499 6780 4010
10823 6780 2730 4010
10824 2730 6780 499
10825 4009 2731 730
10826 2731 4008 730
10827 2731 4009 499
10828 4008 2731 499
10829 2732 4008 500
10830 491 2732 500
10831 2732 491 4007
10832 730 2732 4007
10833 4008 2732 730
10834 2725 6796 507
10835 4014 2725 507
10836 6796 2725 739
10837 498 2571 4169
10838 2578 4162 506
10839 4161 2578 506
10840 4160 2579 506
10841 2579 4161 506
10842 4159 2580 505
10843 505 2580 506
10844 2580 4160 506
10845 2564 4176 480
10846 489 2564 480
10847 2564 489 4175
10848 2563 4177 481
10849 4177 2562 481
10850 2561 4178 722
10851 4178 2561 481
10852 2562 4178 481
10853 2568 4172 489
10854 4172 2567 489
10855 489 4173 2566
10856 2567 4173 489
10857 4171 2568 489
10858 2569 4171 489
10859 2569 4170 731
10860 4170 2569 489
10861 2593 511 520
10862 2602 519 527
10863 4140 520 519
10864 1123 4385 2773
10865 450 4384 2773
10866 4385 450 2773
10867 4384 450 2774
10868 450 4385 2772
10869 450 4383 2774
10870 450 2775 6554
10871 2775 450 4382
10872 459 4386 2771
10873 2780 451 4377
10874 451 2781 4377
10875 451 2780 6555
10876 4376 451 452
10877 2781 451 4376
10878 4378 451 6555
10879 451 4378 2779
10880 451 4379 2778
10881 4380 451 2778
10882 6519 451 4380
10883 451 6519 2777
10884 450 451 4381
10885 4374 2783 444
10886 2784 4374 444
10887 2783 4374 1101
10888 4374 2784 1101
10889 4372 2786 1102
10890 2786 4372 444
10891 4368 2790 1102
10892 2790 4368 445
10893 2789 4369 445
10894 4368 2789 445
10895 4369 2789 1102
10896 2789 4368 1102
10897 4364 2794 1077
10898 2794 439 440
10899 439 2794 4364
10900 4366 439 2792
10901 439 4366 2791
10902 439 2790 445
10903 2796 4362 440
10904 4362 2796 1077
10905 4361 2796 440
10906 2489 4251 2852
10907 4251 2853 2852
10908 2853 4251 2488
10909 2487 4253 2854
10910 4257 2859 2858
10911 2859 4257 4258
10912 4256 2860 2858
10913 2860 4257 2858
10914 4255 2857 2856
10915 2851 4250 2852
10916 4250 2489 2852
10917 2489 4250 641
10918 422 2847 2846
10919 2848 2847 422
10920 2490 2851 2850
10921 2490 4250 2851
10922 4231 2508 430
10923 2509 4231 430
10924 4230 2509 430
10925 4232 2508 661
10926 2508 4232 430
10927 4232 2507 430
10928 2812 6563 431
10929 431 2810 4348
10930 4347 2810 431
10931 2810 1024 4348
10932 4340 427 2818
10933 2817 427 4340
10934 2208 401 3906
10935 2208 3907 401
10936 3907 2208 792
10937 2202 3913 397
10938 396 2205 397
10939 2205 396 3909
10940 2205 3909 782
10941 4064 2675 547
10942 4064 2676 6770
10943 2676 4064 547
10944 807 4064 6770
10945 2675 6769 547
10946 2216 3898 802
10947 3898 2216 404
10948 3899 2215 404
10949 2216 3899 404
10950 3899 2216 802
10951 2222 3892 814
10952 3892 2222 406
10953 2223 3892 406
10954 2237 3877 838
10955 3877 2238 838
10956 2248 3877 2237
10957 3877 2248 2238
10958 3878 2237 838
10959 3878 2236 408
10960 2249 3878 408
10961 3878 2249 2237
10962 539 2630 4110
10963 543 2635 539
10964 2626 4114 536
10965 4113 2626 536
10966 4114 2626 787
10967 2626 4113 787
10968 4121 2619 779
10969 2619 4121 531
10970 4120 2619 531
10971 4119 2620 531
10972 2620 4120 531
10973 2620 4119 779
10974 530 4118 531
10975 6795 4023 514
10976 2717 6795 514
10977 4023 6795 747
10978 6795 2717 747
10979 4023 2716 514
10980 2716 4024 514
10981 2716 4023 747
10982 4024 2716 747
10983 4024 2715 514
10984 514 4027 522
10985 4130 2609 526
10986 2610 4130 526
10987 2609 4130 772
10988 4130 2610 771
10989 2735 4005 491
10990 4004 2735 491
10991 2736 4004 491
10992 491 490 4007
10993 490 6781 4006
10994 2737 4003 491
10995 4002 2737 491
10996 4003 2737 721
10997 2737 4002 721
10998 2706 4033 763
10999 2707 4033 521
11000 4051 2688 541
11001 2689 4051 537
11002 546 4097 542
11003 4097 2642 542
11004 4098 2641 542
11005 2642 4098 542
11006 2641 4098 808
11007 4098 2642 808
11008 2641 4099 542
11009 2639 4100 808
11010 542 4100 2639
11011 2640 4100 542
11012 4095 2644 545
11013 2644 4096 545
11014 2644 4095 821
11015 4096 2644 821
11016 4096 2643 546
11017 2645 4095 545
11018 548 2677 4063
11019 544 2677 548
11020 4087 548 2653
11021 4087 2653 833
11022 2679 4061 544
11023 2687 4053 541
11024 2686 3511 4054
11025 2686 4054 540
11026 4053 2686 540
11027 2690 6790 537
11028 2684 4056 540
11029 4055 2684 540
11030 2173 4459 3940
11031 4459 2173 1229
11032 3939 2172 4460
11033 2172 4459 1229
11034 2175 2172 3939
11035 2172 2175 4459
11036 4043 533 534
11037 6772 4042 534
11038 4042 2697 534
11039 2698 4042 6772
11040 4040 4041 528
11041 2700 4040 528
11042 2651 819 4089
11043 544 2651 4089
11044 2651 544 4088
11045 2246 2247 3868
11046 2247 2248 3867
11047 2247 2246 2239
11048 2248 2247 2238
11049 4794 2483 2482
11050 2484 4794 2482
11051 2481 2480 4792
11052 2480 2423 4792
11053 4791 2479 2424
11054 4791 2480 2479
11055 2427 4788 2476
11056 4788 2477 2476
11057 2425 4790 2478
11058 4786 2474 2429
11059 4785 2474 2473
11060 2475 4787 2476
11061 4787 2475 2428
11062 2475 4786 2428
11063 4786 2475 2474
11064 2461 417 2462
11065 2461 2460 417
11066 417 2443 4772
11067 4781 2470 2469
11068 2433 2470 4781
11069 2471 2470 4782
11070 2470 2433 4782
11071 2432 4783 2471
11072 2472 2431 4784
11073 4783 2431 2472
11074 418 2436 2467
11075 2466 418 2467
11076 418 2466 416
11077 2439 4776 416
11078 4775 2439 416
11079 1255 2439 4775
11080 4772 1255 2442
11081 2279 6510 4503
11082 4501 2281 2278
11083 2281 2279 2278
11084 4488 2143 384
11085 2141 6525 390
11086 384 4490 390
11087 4490 2141 390
11088 2142 4490 384
11089 3908 396 2207
11090 1164 4406 2752
11091 6546 4406 1164
11092 3998 482 2742
11093 2742 482 3997
11094 2743 482 483
11095 482 2743 3997
11096 482 6800 2741
11097 3999 482 2741
11098 4000 482 2740
11099 482 4002 491
11100 482 2738 4002
11101 474 3991 2748
11102 4408 3991 474
11103 3992 474 2748
11104 474 2744 6801
11105 3995 2744 474
11106 2766 4392 458
11107 4390 2768 1145
11108 2768 4390 458
11109 4350 2807 431
11110 2808 4350 431
11111 2807 4350 1052
11112 2805 4353 435
11113 4353 2805 1052
11114 2526 4214 443
11115 4213 2526 443
11116 443 4215 437
11117 4215 438 437
11118 4215 2524 438
11119 2524 4216 438
11120 2543 4197 455
11121 4197 2542 455
11122 2761 467 457
11123 2761 4397 467
11124 4396 2761 457
11125 4397 2761 1165
11126 4397 2760 467
11127 4402 2755 466
11128 2756 4402 466
11129 4402 2756 1164
11130 2756 6548 1164
11131 4401 6548 466
11132 6548 2756 466
11133 4403 2754 466
11134 419 477 486
11135 477 419 478
11136 419 487 478
11137 487 419 486
11138 2572 498 497
11139 4167 2572 497
11140 2573 4167 497
11141 4163 497 506
11142 2577 4163 506
11143 2570 4170 489
11144 498 2570 489
11145 2570 498 4169
11146 4136 2603 527
11147 5736 2603 4136
11148 6553 4386 459
11149 450 6553 459
11150 6553 450 2772
11151 4386 6553 1146
11152 4373 2784 444
11153 6557 4373 444
11154 4372 2785 444
11155 2785 6557 444
11156 6558 2787 444
11157 4371 2787 1102
11158 2786 4371 1102
11159 2787 4371 444
11160 4371 2786 444
11161 4363 2794 440
11162 439 4367 2790
11163 4362 2795 440
11164 2853 4252 2854
11165 4252 2487 2854
11166 4252 2853 2488
11167 4252 2488 641
11168 4254 2862 2856
11169 2862 4255 2856
11170 2857 2861 4256
11171 4255 2861 2857
11172 4256 2861 641
11173 2503 4237 426
11174 4237 2502 426
11175 4238 2501 426
11176 2501 4239 426
11177 2500 4240 426
11178 4239 2500 426
11179 2500 655 4240
11180 2491 4249 2850
11181 4249 2490 2850
11182 2546 4194 464
11183 4194 2545 464
11184 2545 4195 464
11185 2507 4233 430
11186 4233 2506 430
11187 4337 2820 428
11188 4336 428 2822
11189 427 4338 2819
11190 999 4338 2820
11191 4338 427 428
11192 2820 4338 428
11193 427 6523 2818
11194 4339 6523 427
11195 6523 999 2818
11196 2201 3913 783
11197 3913 2201 397
11198 2201 392 397
11199 392 2201 3914
11200 2205 3910 397
11201 2203 3911 782
11202 2204 3911 397
11203 3911 2203 397
11204 2203 3912 397
11205 4056 2683 540
11206 4058 2682 3507
11207 544 2682 4058
11208 6769 4065 547
11209 3897 2217 404
11210 2217 3898 404
11211 3898 2217 802
11212 2225 3890 406
11213 3889 2225 406
11214 2622 530 536
11215 2621 4119 531
11216 2623 4117 536
11217 4116 2623 536
11218 2623 4116 639
11219 2624 4116 536
11220 2722 748 6779
11221 748 2722 4017
11222 4025 514 6794
11223 4025 2714 514
11224 2709 4031 522
11225 4030 2709 522
11226 4003 6798 491
11227 6798 2736 491
11228 490 2733 4007
11229 2733 490 4006
11230 2733 730 4007
11231 490 2734 6781
11232 2734 490 491
11233 4037 3527 2702
11234 6774 2706 521
11235 4033 6774 521
11236 6774 4033 2706
11237 547 2660 4080
11238 6771 544 4062
11239 6771 2677 544
11240 2652 4087 833
11241 544 2652 4088
11242 2652 544 548
11243 4087 2652 548
11244 544 2678 4062
11245 4061 2678 544
11246 4059 2680 544
11247 2680 6786 544
11248 6789 2687 541
11249 4049 2690 537
11250 2174 2173 3940
11251 4040 2699 4041
11252 4067 2672 547
11253 2673 4067 547
11254 4067 2673 3498
11255 4067 5301 2672
11256 4066 547 2674
11257 4066 2673 547
11258 2673 4066 5300
11259 2247 3876 2238
11260 2481 4793 2482
11261 4793 2484 2482
11262 2422 2481 4792
11263 2422 2485 2481
11264 4604 2422 4792
11265 2477 4789 2478
11266 4789 2425 2478
11267 4789 2477 2426
11268 2425 4789 1253
11269 1257 2431 4783
11270 2437 4778 418
11271 2438 418 416
11272 2440 1255 4775
11273 417 2440 416
11274 2440 4775 416
11275 2280 2279 4502
11276 2280 6510 2279
11277 6510 2280 4503
11278 2142 4489 1248
11279 4489 2142 384
11280 2143 4489 384
11281 2144 4488 384
11282 2198 3917 392
11283 3917 2197 392
11284 2197 3917 773
11285 3918 2197 773
11286 392 3918 2196
11287 2197 3918 392
11288 2199 3916 392
11289 3915 2199 392
11290 2199 3915 773
11291 3919 2195 386
11292 392 3919 386
11293 465 4406 6546
11294 474 465 2751
11295 465 6546 2751
11296 4406 465 2752
11297 465 4405 2752
11298 4405 465 474
11299 482 2739 6799
11300 2739 482 4000
11301 4001 482 6799
11302 482 4001 2738
11303 4001 6799 721
11304 474 6802 2746
11305 3993 6802 474
11306 4394 2763 457
11307 6551 4391 458
11308 4391 2766 458
11309 4391 6551 1145
11310 6551 2767 1145
11311 2767 4390 1145
11312 2767 6551 458
11313 4390 2767 458
11314 4198 456 455
11315 2541 456 4198
11316 435 6522 2804
11317 6522 4353 2804
11318 4353 6522 435
11319 4214 2525 443
11320 2525 4215 443
11321 438 2523 4217
11322 4216 2523 438
11323 456 4199 2540
11324 4199 456 2541
11325 4200 456 2540
11326 2538 456 4201
11327 4400 2757 466
11328 466 6547 4404
11329 2754 6547 466
11330 4168 2571 498
11331 2572 4168 498
11332 2576 4164 497
11333 4163 2576 497
11334 4164 2575 497
11335 2575 4165 497
11336 2574 4166 497
11337 4165 2574 497
11338 4156 2583 505
11339 2586 4154 513
11340 4147 512 511
11341 4146 2593 520
11342 2594 4146 520
11343 4145 520 2595
11344 4137 2602 527
11345 2603 4137 527
11346 2602 4137 3340
11347 4137 2603 3340
11348 2602 4138 519
11349 4138 2601 519
11350 2601 4139 519
11351 2793 439 4364
11352 2792 6520 1077
11353 439 6520 2792
11354 4365 6520 439
11355 2544 4196 464
11356 4195 2544 464
11357 6564 4343 1025
11358 4343 2815 1025
11359 2815 4343 427
11360 427 4343 432
11361 4343 6564 432
11362 4342 427 2816
11363 4342 2815 427
11364 2815 4342 1025
11365 6564 2814 432
11366 4345 2813 1025
11367 2813 4345 432
11368 4344 2813 432
11369 4057 2683 796
11370 2683 4057 540
11371 4057 544 540
11372 3887 2227 406
11373 4021 2718 515
11374 4022 2717 515
11375 2718 4022 515
11376 2712 6777 4028
11377 6777 2712 755
11378 4030 6776 2710
11379 4028 6776 522
11380 6776 4030 522
11381 6776 4029 2710
11382 4039 528 2701
11383 4039 2700 528
11384 4079 2660 547
11385 831 4079 2661
11386 2173 4458 1229
11387 4458 6514 1229
11388 3931 2183 383
11389 2672 4068 547
11390 2670 4070 2662
11391 2670 3495 4070
11392 4786 4598 2428
11393 2430 2473 4784
11394 2430 4785 2473
11395 4777 2437 418
11396 2438 4777 418
11397 2437 4777 1251
11398 4774 2440 417
11399 385 4486 384
11400 6526 4486 385
11401 2200 3915 392
11402 4482 2149 385
11403 449 4209 443
11404 4207 2532 449
11405 456 2539 4201
11406 4200 2539 456
11407 2758 4400 466
11408 4399 2758 466
11409 4400 2758 1165
11410 2758 4399 1165
11411 4399 6549 1165
11412 6549 4399 466
11413 6549 466 467
11414 2759 6549 467
11415 513 2584 505
11416 2583 4157 505
11417 4157 2582 505
11418 2581 4159 505
11419 4151 2588 512
11420 2589 4151 512
11421 4148 2591 512
11422 2592 4148 512
11423 4147 2592 512
11424 4148 2592 5747
11425 764 4138 2602
11426 4138 764 2601
11427 4141 2598 520
11428 4140 2599 520
11429 2599 4141 520
11430 520 4144 2595
11431 2596 4144 520
11432 4144 5743 2595
11433 4143 2596 520
11434 6787 2682 544
11435 4057 6787 544
11436 6778 4019 515
11437 4019 2720 515
11438 2721 4019 6778
11439 4019 2721 4018
11440 2183 380 383
11441 4458 3941 6514
11442 2174 3941 2173
11443 3941 4458 2173
11444 2185 3930 383
11445 4463 3936 2169
11446 5274 4040 2700
11447 6773 2699 4040
11448 5274 6773 4040
11449 2667 4072 830
11450 4072 2668 3493
11451 4073 2667 830
11452 2671 4079 547
11453 4079 2671 2661
11454 2145 4487 384
11455 4486 2145 384
11456 2147 4485 385
11457 2150 4482 385
11458 4481 2150 385
11459 2150 4481 1243
11460 6527 4481 385
11461 6527 385 386
11462 2149 4483 385
11463 4480 2151 386
11464 2152 4480 386
11465 2530 4210 443
11466 4209 2530 443
11467 4210 2529 443
11468 2529 4211 443
11469 4211 2528 443
11470 4206 449 448
11471 2534 4206 448
11472 4205 2534 448
11473 456 2537 448
11474 2537 4203 448
11475 2536 4204 448
11476 4203 2536 448
11477 2532 4208 449
11478 4154 2585 513
11479 2582 4158 505
11480 4158 2581 505
11481 4158 2582 749
11482 512 2587 513
11483 4150 2589 512
11484 2589 756 4151
11485 756 2588 4151
11486 512 4149 2590
11487 2591 4149 512
11488 2598 4142 520
11489 3336 2598 4141
11490 4070 4077 2662
11491 2692 4048 537
11492 6529 4469 383
11493 4469 2162 383
11494 2161 4470 1237
11495 380 3933 2181
11496 2184 3931 383
11497 3930 2184 383
11498 3928 2186 383
11499 2187 3928 383
11500 3934 380 2181
11501 3934 2180 380
11502 2176 751 3939
11503 2176 3939 4460
11504 3936 2178 2169
11505 2170 6530 3937
11506 2170 2177 4461
11507 2170 4461 1239
11508 6530 2170 1239
11509 387 2192 3923
11510 3921 387 2194
11511 387 3923 2191
11512 2194 387 3920
11513 3924 387 2191
11514 2195 387 386
11515 387 2195 3920
11516 387 3924 2190
11517 387 2190 3925
11518 381 4477 2154
11519 6511 381 2154
11520 6511 4478 381
11521 1244 6511 2154
11522 2153 4479 386
11523 381 2153 386
11524 4478 2153 381
11525 2189 387 3925
11526 2160 1245 4472
11527 2667 4074 2665
11528 4073 4074 2667
11529 4074 6768 844
11530 4074 2666 6768
11531 2666 4074 4073
11532 4078 2670 2662
11533 4078 4069 2670
11534 4069 5303 2670
11535 6526 2146 1248
11536 2146 4485 1248
11537 2146 6526 385
11538 4485 2146 385
11539 4484 385 2148
11540 4484 2147 385
11541 4212 2527 443
11542 2528 4212 443
11543 4212 684 2527
11544 2533 4207 449
11545 4206 2533 449
11546 4204 2535 448
11547 2535 4205 448
11548 2538 4202 456
11549 2531 4209 449
11550 4208 2531 449
11551 4155 2584 513
11552 2585 4155 513
11553 4155 2585 749
11554 2588 4152 512
11555 4152 2587 512
11556 756 4152 2588
11557 4153 2586 513
11558 2599 5740 4141
11559 765 4144 2596
11560 4048 2691 537
11561 2179 3936 4463
11562 3936 2179 751
11563 380 4468 383
11564 2182 380 3932
11565 2182 3933 380
11566 3929 2185 383
11567 2186 3929 383
11568 3929 2186 758
11569 382 2187 383
11570 2187 382 3927
11571 382 2160 4472
11572 2189 382 387
11573 382 4470 2161
11574 2162 382 383
11575 4470 382 2162
11576 382 2156 381
11577 2156 382 6528
11578 4471 382 2161
11579 382 4471 2160
11580 2159 382 4472
11581 5276 4042 2698
11582 5276 2698 4041
11583 4072 4075 2668
11584 4075 2664 2668
11585 4075 2667 2665
11586 4075 4072 2667
11587 4464 2180 3935
11588 2180 4464 380
11589 2166 4466 380
11590 2193 387 3921
11591 2193 3922 387
11592 382 4475 6528
11593 382 2188 3927
11594 2188 382 3926
11595 2160 6512 1237
11596 4471 6512 2160
11597 6513 2167 1238
11598 2167 4464 1238
11599 2167 6513 380
11600 4464 2167 380
11601 6513 4465 380
11602 4465 2166 380
11603 4465 6513 1238
11604 2166 4465 1238
11605 398 399 394
11606 393 398 394
11607 389 393 394
11608 389 388 393
11609 403 404 400
11610 403 400 399
11611 453 444 452
11612 444 453 445
11613 421 425 426
11614 425 421 420
11615 403 402 406
11616 402 405 406
11617 398 402 399
11618 402 403 399
11619 458 467 468
11620 467 458 457
11621 437 431 436
11622 431 437 432
11623 399 395 394
11624 400 395 399
11625 395 389 394
11626 389 395 390
11627 532 524 531
11628 532 525 524
11629 523 524 516
11630 515 523 516
11631 471 480 472
11632 480 481 472
11633 461 453 452
11634 453 461 462
11635 470 461 460
11636 471 461 470
11637 461 471 472
11638 462 461 472
11639 453 446 445
11640 454 446 453
11641 463 462 472
11642 473 463 472
11643 463 453 462
11644 463 454 453
11645 535 528 534
11646 528 535 529
11647 514 523 515
11648 523 514 522
11649 535 530 529
11650 530 535 536
11651 530 523 522
11652 530 522 529
11653 524 530 531
11654 523 530 524
11655 508 499 507
11656 499 508 500
11657 521 528 529
11658 522 521 529
11659 541 546 542
11660 546 541 545
11661 479 469 478
11662 469 479 470
11663 479 471 470
11664 479 480 471
11665 489 479 488
11666 479 489 480
11667 430 424 429
11668 424 430 425
11669 428 424 423
11670 429 424 428
11671 463 464 454
11672 464 455 454
11673 437 433 432
11674 438 433 437
11675 433 429 428
11676 433 434 429
11677 539 535 534
11678 539 534 538
11679 524 517 516
11680 525 517 524
11681 517 508 507
11682 517 507 516
11683 537 541 542
11684 537 542 538
11685 534 533 538
11686 533 537 538
11687 447 446 454
11688 455 447 454
11689 446 447 440
11690 447 441 440
11691 498 489 488
11692 497 498 488
11693 459 470 460
11694 459 469 470
11695 459 458 468
11696 469 459 468
11697 543 539 538
11698 542 543 538
11699 501 509 502
11700 502 509 510
11701 508 509 500
11702 509 501 500
11703 492 484 483
11704 484 492 493
11705 501 492 500
11706 492 491 500
11707 492 501 502
11708 492 502 493
11709 541 544 545
11710 544 541 540
11711 396 392 391
11712 392 396 397
11713 395 396 390
11714 396 391 390
11715 391 385 390
11716 385 384 390
11717 392 385 391
11718 385 392 386
11719 475 484 485
11720 476 475 485
11721 466 475 467
11722 475 476 467
11723 484 475 483
11724 475 474 483
11725 496 505 506
11726 497 496 506
11727 496 504 505
11728 504 496 495
11729 486 494 495
11730 494 486 485
11731 484 494 485
11732 494 484 493
11733 494 504 495
11734 504 494 503
11735 502 494 493
11736 503 494 502
11737 511 502 510
11738 511 503 502
11739 519 511 510
11740 520 511 519
11741 451 461 452
11742 461 451 460
11743 451 459 460
11744 451 450 459
11745 446 439 445
11746 439 446 440
11747 433 427 432
11748 427 433 428
11749 518 517 525
11750 526 518 525
11751 527 518 526
11752 519 518 527
11753 517 518 508
11754 518 509 508
11755 509 518 510
11756 518 519 510
11757 482 492 483
11758 492 482 491
11759 442 435 441
11760 435 442 436
11761 442 437 436
11762 442 443 437
11763 447 442 441
11764 448 442 447
11765 442 449 443
11766 449 442 448
11767 477 476 485
11768 486 477 485
11769 467 477 468
11770 476 477 467
11771 469 477 478
11772 477 469 468
11773 487 497 488
11774 487 496 497
11775 479 487 488
11776 487 479 478
11777 496 487 495
11778 487 486 495
11779 504 512 505
11780 512 513 505
11781 512 504 503
11782 511 512 503
11783 456 447 455
11784 456 448 447
11785 2463 4701 2462
11786 4701 2857 2858
11787 4701 2851 2852
11788 4701 2840 2841
11789 2457 4701 2456
11790 2859 4701 2858
11791 2842 4701 2841
11792 2839 4701 2838
11793 4701 2845 2846
11794 2853 4701 2852
11795 4701 2842 2843
11796 2844 4701 2843
11797 2480 4701 2479
11798 4701 2458 2459
11799 4701 2481 2482
11800 4701 2461 2462
11801 4701 2464 2465
11802 4701 2854 2855
11803 2856 4701 2855
11804 2850 4701 2849
11805 4701 2839 2840
11806 2845 4701 2844
11807 2847 4701 2846
11808 4701 2478 2479
11809 2477 4701 2476
11810 4701 2475 2476
11811 4701 2472 2473
11812 4701 2468 2469
11813 2466 4701 2465
11814 2857 4701 2856
11815 2851 4701 2850
11816 4701 2848 2849
11817 2483 4701 2482
11818 2474 4701 2473
11819 2458 4701 2457
11820 2460 4701 2459
11821 2472 4701 2471
11822 2464 4701 2463
11823 2468 4701 2467
11824 4701 2466 2467
11825 4701 2853 2854
11826 4701 2847 2848
11827 2470 4701 2469
11828 4701 2480 2481
11829 4701 2477 2478
11830 2475 4701 2474
11831 2461 4701 2460
11832 4701 2470 2471
11833 387 382 386
11834 382 381 386
2 9 2 1900
11835 1306 1378 1379
11836 1368 1306 1379
11837 5898 5369 5899
11838 1392 5735 3342
11839 5735 1392 3341
11840 1371 1382 5517
11841 1306 1367 1378
11842 1367 1306 1368
11843 5873 5372 5895
11844 5372 5873 3204
11845 3409 5630 1437
11846 1870 5630 3409
11847 6625 1417 5571
11848 1403 6706 1410
11849 1432 5600 1428
11850 6695 1403 1404
11851 6709 1410 6708
11852 1402 6709 6708
11853 1400 1964 1390
11854 1964 1400 5537
11855 1380 1391 5528
11856 1382 5518 1983
11857 5775 1367 1356
11858 1357 3296 1356
11859 1353 2007 1354
11860 2007 5493 1354
11861 3205 5871 5893
11862 5374 3206 5892
11863 5735 4135 3342
11864 1877 5623 1435
11865 1929 117 5571
11866 117 1929 5572
11867 1417 1929 5571
11868 1929 1417 5572
11869 1410 6707 6708
11870 6706 6707 1410
11871 6707 1402 6708
11872 1402 6707 6706
11873 6703 6704 1403
11874 1402 6704 6703
11875 5699 3378 1428
11876 5697 3379 823
11877 3379 5697 1428
11878 5697 1427 1428
11879 3639 5161 3640
11880 6694 1404 6693
11881 6694 6695 1404
11882 6695 6696 1403
11883 6711 1402 6712
11884 6711 6712 1410
11885 6699 1403 6698
11886 1392 6699 6698
11887 1402 6699 1392
11888 1394 6680 1404
11889 6676 1394 1395
11890 6681 6682 1404
11891 6680 6681 1404
11892 1958 1399 5543
11893 5540 47 1961
11894 5540 1960 47
11895 1399 5540 1961
11896 1960 5540 1399
11897 6638 1400 1399
11898 5521 1979 36
11899 1979 5521 1382
11900 6643 1979 1382
11901 6643 1382 1381
11902 5522 6643 1381
11903 1979 6643 36
11904 1972 1391 6583
11905 1391 1972 5528
11906 1972 34 5528
11907 5533 1391 1390
11908 1346 1347 3290
11909 1335 5463 5461
11910 1335 5459 5458
11911 5478 2023 1344
11912 2012 5488 1354
11913 5488 1355 1354
11914 4287 3200 5369
11915 5898 4287 5369
11916 5877 4287 5898
11917 5373 3205 5893
11918 5373 5893 1442
11919 5373 5872 3205
11920 3206 5870 5892
11921 5870 5375 5892
11922 5870 3206 653
11923 1374 1375 5758
11924 1364 5495 1353
11925 3507 5240 5292
11926 3507 3558 5240
11927 5214 2390 3481
11928 1876 5673 1437
11929 5662 1438 3414
11930 1864 5636 1438
11931 5637 1864 1438
11932 5633 1867 290
11933 1867 5633 1438
11934 5552 1949 1407
11935 1928 117 5572
11936 1417 1928 5572
11937 5733 3344 1392
11938 3344 5733 772
11939 5267 5265 3531
11940 5267 3533 5265
11941 6705 6706 1403
11942 6704 6705 1403
11943 6705 1402 6706
11944 6705 6704 1402
11945 5698 3379 1428
11946 3378 5698 1428
11947 3379 5698 823
11948 5698 3378 823
11949 1433 1436 1885
11950 1427 3380 5696
11951 3380 1427 5697
11952 5696 3380 823
11953 3380 5697 823
11954 1436 3396 1435
11955 3400 5676 1435
11956 1420 3365 1419
11957 1902 1429 1428
11958 3406 5670 1437
11959 873 3404 5673
11960 5673 3404 1437
11961 5668 3409 1437
11962 5670 3407 1437
11963 3407 5669 1437
11964 5675 3402 1435
11965 3402 5675 873
11966 5674 1877 1435
11967 3402 5674 1435
11968 5674 3402 873
11969 920 5151 3649
11970 5151 3650 5150
11971 3642 1300 5159
11972 5152 920 3649
11973 3641 3839 5159
11974 1300 3641 5159
11975 5160 3641 1300
11976 5162 3639 3640
11977 1403 6697 6698
11978 6696 6697 1403
11979 1402 6713 6712
11980 6714 6713 1402
11981 6712 6713 1410
11982 6713 6714 1410
11983 1410 6715 6716
11984 6714 6715 1410
11985 6715 1402 6716
11986 6715 6714 1402
11987 1402 6710 6709
11988 6711 6710 1402
11989 6709 6710 1410
11990 6710 6711 1410
11991 6690 6691 1404
11992 6682 6683 1404
11993 6683 6684 1404
11994 1944 1406 1413
11995 6637 1960 1399
11996 48 5536 1964
11997 1964 5536 1390
11998 5536 6639 1390
11999 5539 1399 1961
12000 5539 6638 1399
12001 48 5539 1961
12002 3283 5793 1348
12003 5521 1980 1382
12004 1969 1391 5532
12005 1973 1380 5528
12006 1391 1968 5532
12007 5533 1968 1391
12008 5532 1968 49
12009 1968 5533 49
12010 5533 1967 49
12011 6640 1967 1390
12012 1967 5533 1390
12013 3273 1337 1338
12014 5804 3273 1338
12015 5769 3308 1365
12016 742 3308 5769
12017 3305 1366 5772
12018 742 3305 5772
12019 3297 5779 1356
12020 5779 3297 733
12021 3298 5779 733
12022 5779 3298 1356
12023 2040 5464 2036
12024 5464 1335 2036
12025 2035 1335 5466
12026 1335 5465 2036
12027 5460 1335 5461
12028 5460 5459 1335
12029 1325 1335 5458
12030 1324 5917 1323
12031 5479 6586 1344
12032 5477 1345 1344
12033 2023 5477 1344
12034 5766 1365 3310
12035 3313 1375 1376
12036 1375 6661 1386
12037 1374 6661 1375
12038 6661 1396 1386
12039 1365 5767 3310
12040 3309 5767 1365
12041 1282 5057 5404
12042 2000 1363 5501
12043 15 2000 5501
12044 2001 1364 1363
12045 6650 2001 1363
12046 5496 1364 2004
12047 5495 2006 1353
12048 1308 1310 5071
12049 1308 5385 5882
12050 1308 3219 1310
12051 5859 3217 667
12052 3217 5859 1307
12053 5857 675 3220
12054 1309 5857 3220
12055 3219 5857 1310
12056 5857 1309 1310
12057 5846 5407 5054
12058 3230 5846 5054
12059 5057 1311 5404
12060 5190 2414 1295
12061 5316 3483 2388
12062 3483 5316 843
12063 5212 2392 1293
12064 2392 5211 1293
12065 6783 5317 3481
12066 5317 5214 3481
12067 5317 2389 5214
12068 5615 1433 1885
12069 1433 5615 6612
12070 5665 3411 884
12071 3411 5665 1438
12072 1880 5620 1435
12073 5618 1436 1435
12074 1438 3415 5661
12075 5662 3415 1438
12076 1868 5633 290
12077 5633 1868 1438
12078 1868 6606 1438
12079 1946 5554 1407
12080 5554 1946 79
12081 5558 1942 78
12082 1942 1413 6630
12083 1942 5558 1413
12084 1950 62 5550
12085 1408 1950 5550
12086 1950 1408 1407
12087 6633 1950 1407
12088 1949 5551 1407
12089 5551 6633 1407
12090 80 5551 1949
12091 5561 6629 1413
12092 5561 1939 98
12093 5562 1939 1413
12094 1939 5561 1413
12095 5563 1938 1412
12096 1938 1413 1412
12097 1938 5562 1413
12098 5564 1936 97
12099 5564 6628 1412
12100 1936 5564 1412
12101 5565 1936 1412
12102 1418 5565 1412
12103 5565 1418 1935
12104 97 5565 1935
12105 1936 5565 97
12106 1416 6624 1417
12107 1421 5580 1422
12108 5732 3344 772
12109 5732 1402 1392
12110 3344 5732 1392
12111 3346 781 5730
12112 3346 5731 781
12113 3347 3346 5730
12114 3346 1401 1402
12115 5731 3346 1402
12116 5734 1392 3342
12117 3550 5249 776
12118 4058 3507 5292
12119 5724 3354 3353
12120 1402 5724 3353
12121 3352 5724 1402
12122 790 5726 3350
12123 5725 1402 3350
12124 5726 5725 3350
12125 6721 6720 1402
12126 6720 6721 1410
12127 6731 6732 1409
12128 6735 6734 3354
12129 6735 5722 6736
12130 5722 6735 3354
12131 1409 6735 6736
12132 6734 6735 1409
12133 5723 6732 6731
12134 5723 6725 3353
12135 3354 5723 3353
12136 6748 6749 1415
12137 6749 1414 1415
12138 1418 5568 1933
12139 5568 1418 1417
12140 1898 5602 1432
12141 6579 1899 1432
12142 1899 5601 1432
12143 1432 1900 5600
12144 5601 1900 1432
12145 1433 1886 5614
12146 5695 3382 1427
12147 3382 5695 837
12148 1435 5680 3397
12149 3396 5680 1435
12150 5680 863 3397
12151 5680 3396 863
12152 5679 1435 3397
12153 5677 3400 1435
12154 3393 5683 1433
12155 3371 5706 811
12156 5706 3371 1424
12157 5705 3371 811
12158 3371 5705 1424
12159 5595 1906 1429
12160 5671 3406 1437
12161 3404 5672 1437
12162 5669 3408 1437
12163 3408 5668 1437
12164 5675 3401 873
12165 5676 3401 1435
12166 3401 5675 1435
12167 1876 3403 5673
12168 3403 873 5673
12169 3403 5674 873
12170 5168 3633 1300
12171 5158 5168 1300
12172 1303 5168 5158
12173 2415 1295 5189
12174 3657 5144 915
12175 3634 5166 1300
12176 3346 5729 1401
12177 5729 3346 3347
12178 3348 5728 1401
12179 3348 5729 781
12180 5729 3348 1401
12181 1401 3349 1402
12182 5728 3349 1401
12183 6700 6699 1402
12184 6701 6700 1402
12185 6699 6700 1403
12186 6700 6701 1403
12187 6702 6703 1403
12188 6701 6702 1403
12189 6702 1402 6703
12190 6702 6701 1402
12191 1404 6692 6693
12192 6691 6692 1404
12193 6677 1394 6676
12194 6677 6678 1394
12195 1384 6677 6676
12196 6677 1384 6678
12197 1394 6679 6680
12198 6678 6679 1394
12199 1384 6679 6678
12200 1951 1408 5550
12201 1408 1954 1398
12202 5558 1943 1413
12203 1943 5558 78
12204 1406 6631 1407
12205 5535 1390 1965
12206 5535 1966 1390
12207 1400 1963 5537
12208 5538 1963 1400
12209 3283 726 5793
12210 3289 5788 725
12211 5788 3289 1347
12212 5792 1347 1348
12213 5792 3285 1347
12214 3285 5792 725
12215 3280 5796 1336
12216 5796 3281 1336
12217 5796 3280 717
12218 3280 5797 717
12219 5797 3279 717
12220 5797 3280 1336
12221 3279 5797 1336
12222 5531 1970 1391
12223 1970 5530 1391
12224 5530 1971 1391
12225 5529 1971 34
12226 1391 5529 6583
12227 1971 5529 1391
12228 5523 1978 1381
12229 5768 3309 1365
12230 3308 5768 1365
12231 3302 1366 1367
12232 3303 5773 1366
12233 5773 3303 742
12234 3305 5771 1366
12235 3307 742 5769
12236 3307 5769 1365
12237 1366 3307 1365
12238 5770 3307 1366
12239 5780 3296 733
12240 3297 5780 733
12241 3296 5780 1356
12242 5780 3297 1356
12243 3298 5778 1356
12244 5781 3296 1357
12245 5781 734 3296
12246 724 5786 3290
12247 5786 1346 3290
12248 3292 5784 1346
12249 1346 5784 1357
12250 5463 5462 5461
12251 6588 5462 5463
12252 2037 5463 1335
12253 5464 2037 1335
12254 5441 1324 5915
12255 2022 5478 1344
12256 6586 2022 1344
12257 5473 2028 1345
12258 2027 5473 1345
12259 5472 2029 1333
12260 1345 5472 1333
12261 2028 5472 1345
12262 5490 2011 1354
12263 6653 2012 1354
12264 5493 2008 1354
12265 2008 5492 1354
12266 2018 1343 5483
12267 1343 2018 1344
12268 2018 5482 1344
12269 5482 6656 1344
12270 2014 5486 1355
12271 5486 2015 1355
12272 3311 5765 1365
12273 5766 3311 1365
12274 1365 5764 1376
12275 1385 6661 1374
12276 6675 1384 6676
12277 1384 6675 6674
12278 6675 6676 1395
12279 6674 6675 1395
12280 1393 6681 6680
12281 6681 1393 6682
12282 1393 6683 6682
12283 6683 1393 6684
12284 1393 6691 6690
12285 1393 6692 6691
12286 6692 1393 6693
12287 1393 6694 6693
12288 6694 1393 6695
12289 1393 6696 6695
12290 1393 6697 6696
12291 1393 1392 6698
12292 6697 1393 6698
12293 1314 3248 1316
12294 5046 1312 1314
12295 5056 1282 5404
12296 1311 5056 5404
12297 5406 3230 5054
12298 5406 1311 3230
12299 1311 5406 5055
12300 5403 1311 5057
12301 5041 1316 5420
12302 5041 1314 1316
12303 1314 5418 5043
12304 5042 5418 1314
12305 1316 5040 5420
12306 5421 5040 1316
12307 5040 5036 5420
12308 5933 5038 1316
12309 1320 5933 1316
12310 5500 6650 1363
12311 2000 5500 1363
12312 5500 2000 15
12313 2005 5495 1364
12314 5496 2005 1364
12315 6651 2007 1353
12316 5069 5391 1310
12317 5391 5070 1310
12318 5398 1309 5062
12319 1324 5445 5915
12320 1325 5445 1324
12321 5399 1279 5062
12322 5887 3213 5863
12323 3213 660 5863
12324 5377 5888 1440
12325 5888 5377 5889
12326 1308 5382 5885
12327 660 3214 5863
12328 5846 3231 5407
12329 3228 5848 1311
12330 1311 5847 3230
12331 3230 5847 674
12332 3555 3510 5288
12333 3510 3555 5243
12334 3510 2685 5288
12335 3560 3505 5293
12336 1295 5342 3457
12337 910 5122 3678
12338 5113 1301 3687
12339 5113 3688 1301
12340 3688 5113 912
12341 5112 912 3689
12342 5112 3688 912
12343 3438 5112 3689
12344 3688 5112 1301
12345 3460 888 5338
12346 2412 3460 5338
12347 5340 3459 1295
12348 5341 1295 3457
12349 5341 3458 1295
12350 5192 2412 5338
12351 3459 2413 1295
12352 2413 5190 1295
12353 2355 2391 5213
12354 2391 5212 1293
12355 1436 5616 1885
12356 1884 5616 1436
12357 3412 5665 884
12358 5664 3412 884
12359 5665 3412 1438
12360 3412 5664 1438
12361 1438 5663 3414
12362 1879 5621 1435
12363 5621 1880 1435
12364 5622 1879 1435
12365 6610 5622 1435
12366 5623 1878 1435
12367 1878 6610 1435
12368 5620 6611 1435
12369 6609 1876 1437
12370 5625 6609 1437
12371 6604 5660 1863
12372 3426 907 5650
12373 5634 1867 1438
12374 1867 5634 290
12375 5636 1865 1438
12376 6606 5632 1438
12377 5632 3411 1438
12378 3411 5632 5666
12379 1869 5631 3410
12380 5631 5667 3410
12381 1302 3691 5109
12382 1302 3692 5108
12383 3692 1302 5109
12384 5555 1946 1407
12385 5554 6632 1407
12386 5553 1948 1407
12387 1947 5553 1407
12388 5592 1425 1424
12389 5573 1928 1417
12390 5731 3345 772
12391 3345 5732 772
12392 3345 5731 1402
12393 5732 3345 1402
12394 5733 3343 772
12395 3343 5733 1392
12396 5734 3343 1392
12397 5265 3534 3531
12398 3534 5268 3531
12399 3534 5264 5268
12400 3534 5265 754
12401 5260 3538 761
12402 5253 3520 5278
12403 5239 3560 5293
12404 5248 3550 776
12405 3551 5248 776
12406 3355 5722 791
12407 6719 6720 1410
12408 6718 6719 1410
12409 6720 6719 1402
12410 6719 6718 1402
12411 1402 6717 6716
12412 6718 6717 1402
12413 6717 1410 6716
12414 6717 6718 1410
12415 6722 6723 1409
12416 6722 1409 1410
12417 6721 6722 1410
12418 6723 6722 1402
12419 6722 6721 1402
12420 6733 6734 1409
12421 6732 6733 1409
12422 6734 6733 3354
12423 6733 5723 3354
12424 5723 6733 6732
12425 6723 6724 1409
12426 6724 6725 1409
12427 6725 6724 3353
12428 6724 1402 3353
12429 6724 6723 1402
12430 6726 5723 6727
12431 5723 6726 6725
12432 6726 6727 1409
12433 6725 6726 1409
12434 3357 5720 790
12435 6748 3357 6749
12436 5720 3357 6748
12437 1414 3358 5718
12438 3358 1414 6749
12439 1409 6738 1415
12440 1418 6627 1935
12441 5568 1932 97
12442 6626 1932 1417
12443 1932 5568 1417
12444 1431 5605 1432
12445 1893 1431 1434
12446 5693 1431 1427
12447 5693 3384 1431
12448 3384 5693 837
12449 5689 1430 1431
12450 1433 1889 1434
12451 1887 1433 5614
12452 837 3381 5696
12453 5695 3381 837
12454 3381 1427 5696
12455 3381 5695 1427
12456 5678 3399 1435
12457 3399 5677 1435
12458 5712 3365 1420
12459 3364 5712 1420
12460 3366 5710 1419
12461 5705 3372 1424
12462 5704 3372 811
12463 3372 5705 811
12464 3373 5704 811
12465 5703 3373 811
12466 1902 5598 1429
12467 5598 1903 1429
12468 1903 5597 1429
12469 5599 1902 1428
12470 5600 1901 1428
12471 1901 6617 1428
12472 1905 5595 1429
12473 5596 1905 1429
12474 6618 1904 1429
12475 1904 5596 1429
12476 1429 5594 1907
12477 1906 5594 1429
12478 5313 3485 843
12479 2391 3480 5213
12480 5674 5624 1877
12481 3403 5624 5674
12482 5624 3403 1876
12483 3643 1303 5158
12484 3643 5157 1303
12485 5169 3632 1303
12486 3632 5168 1303
12487 5168 3632 904
12488 897 5184 3616
12489 5180 906 3621
12490 5143 3657 915
12491 3633 5167 1300
12492 5167 3634 1300
12493 3634 5167 904
12494 1402 5727 3350
12495 3349 5727 1402
12496 5727 790 3350
12497 5727 3349 790
12498 5546 6635 1398
12499 1954 5546 1398
12500 1398 1956 1399
12501 5545 1956 1398
12502 5557 1944 1413
12503 1943 5557 1413
12504 5557 1943 78
12505 5794 726 3283
12506 5794 3283 1348
12507 1336 5794 1348
12508 5794 1336 3282
12509 3288 5788 1347
12510 1347 5787 3290
12511 3289 5787 1347
12512 5787 725 3290
12513 5787 3289 725
12514 3285 5791 1347
12515 5793 3284 1348
12516 3284 5792 1348
12517 726 3284 5793
12518 5792 3284 726
12519 5799 3278 1337
12520 1326 5805 1338
12521 3271 5805 1326
12522 5805 3271 719
12523 5815 1327 1328
12524 5815 1328 3261
12525 3269 5808 710
12526 5808 3269 1326
12527 5504 1997 1363
12528 1981 5519 1382
12529 1982 5518 1382
12530 5518 1982 23
12531 5523 1977 35
12532 1977 5523 1381
12533 6642 1977 1381
12534 1976 5524 1381
12535 5526 1975 1381
12536 1315 3253 1319
12537 3253 5823 1319
12538 1373 5508 1993
12539 1373 5506 1362
12540 1990 1373 1372
12541 5516 1372 1371
12542 5516 1985 1372
12543 741 5768 3308
12544 5768 741 3309
12545 741 5767 3309
12546 3303 5774 742
12547 5774 3303 1366
12548 3302 5774 1366
12549 3304 742 5772
12550 3304 5773 742
12551 1366 3304 5772
12552 5773 3304 1366
12553 3295 5781 1357
12554 3291 5786 724
12555 5786 3291 1346
12556 5457 1325 5458
12557 1325 5454 5453
12558 5455 5454 1325
12559 6658 2027 1345
12560 5474 6658 1345
12561 6660 5469 3
12562 1334 5468 2033
12563 5468 1334 2032
12564 5467 1334 2033
12565 1334 6660 2032
12566 1334 5467 2034
12567 1335 1334 5466
12568 1334 2034 5466
12569 6660 1334 5469
12570 5469 1334 2031
12571 1334 5470 2031
12572 5470 1334 2030
12573 1334 5471 6659
12574 2029 1334 1333
12575 5471 1334 2029
12576 5491 2010 1354
12577 2010 5490 1354
12578 2011 5489 1354
12579 2009 5491 1354
12580 6652 2009 1354
12581 2016 5484 1355
12582 5484 6655 1355
12583 2017 1343 1355
12584 1343 2017 5483
12585 5761 3315 750
12586 3315 5761 1375
12587 5761 3316 1375
12588 1375 3318 5758
12589 5763 3314 1375
12590 5762 3315 1375
12591 3314 5762 1375
12592 3315 5762 750
12593 5762 3314 750
12594 5765 3312 1365
12595 6666 6667 1395
12596 1385 6667 6666
12597 6667 1385 1384
12598 1393 6685 6684
12599 6685 1393 6686
12600 6684 6685 1404
12601 6685 6687 1404
12602 6685 6686 6687
12603 6689 1393 6690
12604 6687 6689 1404
12605 6689 6690 1404
12606 3244 5832 1314
12607 3237 5839 1313
12608 3247 5829 1314
12609 5830 3247 1314
12610 1316 3250 1315
12611 5828 3249 1316
12612 3248 5828 1316
12613 5415 5046 1314
12614 1285 5417 5043
12615 5417 1314 5043
12616 1281 5052 5409
12617 5839 5412 1313
12618 5048 5412 5839
12619 5412 5049 1313
12620 5049 5412 1281
12621 5050 5410 1313
12622 5405 5055 1282
12623 5056 5405 1282
12624 5405 1311 5055
12625 5405 5056 1311
12626 1320 1321 5425
12627 1320 5424 5933
12628 5038 5422 1316
12629 2001 5499 1364
12630 5498 2003 1364
12631 2006 5494 1353
12632 675 5856 3220
12633 3221 5856 675
12634 5856 1309 3220
12635 5856 3221 1309
12636 1310 5390 5071
12637 5452 5451 5449
12638 5102 5448 1287
12639 5105 5444 5915
12640 5445 5105 5915
12641 5446 1325 5103
12642 3209 5868 653
12643 3209 5890 5868
12644 3209 5377 5890
12645 3209 5867 5377
12646 5378 5888 5889
12647 5378 5866 3211
12648 5378 3211 5865
12649 5888 5378 5865
12650 5883 5384 1440
12651 5384 1308 5882
12652 5384 5883 1308
12653 5883 5383 1308
12654 5859 3218 1307
12655 3218 1308 1307
12656 1308 5860 1307
12657 3216 5860 1308
12658 5860 3217 1307
12659 3217 5860 667
12660 3214 5380 5863
12661 3231 5845 5053
12662 5845 3231 674
12663 683 3231 5846
12664 683 5846 3230
12665 3229 5847 1311
12666 5289 3510 5243
12667 5289 3509 796
12668 3510 5289 796
12669 3507 5291 3558
12670 5291 5241 3558
12671 5241 5291 3508
12672 5297 5235 3564
12673 3564 5235 795
12674 888 5339 3459
12675 3460 5339 888
12676 5339 2413 3459
12677 888 3461 5338
12678 5337 3461 888
12679 3461 5192 5338
12680 3461 2411 5192
12681 2411 5337 5193
12682 2411 3461 5337
12683 2406 5333 5198
12684 5331 3467 879
12685 1294 5331 3468
12686 1294 3467 5331
12687 2404 1294 5200
12688 3467 1294 2404
12689 2402 3469 5202
12690 2402 2343 5201
12691 3597 2402 5202
12692 5211 3478 1293
12693 3478 5320 1293
12694 5664 3413 1438
12695 3413 5663 1438
12696 3413 5664 884
12697 5663 3413 884
12698 262 1878 5623
12699 1877 262 5623
12700 5624 262 1877
12701 262 5624 1876
12702 6609 262 1876
12703 5640 6603 1439
12704 1860 5640 1439
12705 5641 1860 1439
12706 1859 5641 1439
12707 1857 5644 340
12708 3424 6601 5653
12709 3416 1438 5661
12710 3416 5660 6604
12711 5112 5360 1301
12712 5651 3425 902
12713 3426 5651 902
12714 5646 5651 3426
12715 3425 5651 1855
12716 5651 5646 1855
12717 5652 3425 1855
12718 3424 5652 1855
12719 6605 1866 1438
12720 1866 5634 1438
12721 1866 6605 290
12722 5634 1866 290
12723 5635 6605 1438
12724 1865 5635 1438
12725 1846 3692 5109
12726 3435 5364 907
12727 5364 3435 1302
12728 3692 913 5108
12729 5590 1910 160
12730 5590 1425 1910
12731 1916 5585 137
12732 1426 5585 1916
12733 6621 1426 1425
12734 1908 1424 1429
12735 1921 116 5579
12736 1921 5579 1422
12737 5580 1921 1422
12738 6623 5581 138
12739 5581 1421 1919
12740 5581 6623 1421
12741 1920 5580 1421
12742 6623 1920 1421
12743 1920 6623 138
12744 5268 3530 763
12745 5264 3530 5268
12746 5260 5271 3538
12747 3546 5253 770
12748 3546 3520 5253
12749 5251 777 3548
12750 3544 5255 770
12751 5254 3544 770
12752 5253 3545 770
12753 3545 5254 770
12754 3545 5253 5278
12755 3559 5240 795
12756 5240 3559 5292
12757 3559 3506 5292
12758 2690 5283 3515
12759 5247 1290 3551
12760 3514 1290 5247
12761 1290 5248 3551
12762 5248 1290 3550
12763 5283 1290 3515
12764 1290 5249 3550
12765 3516 1290 5283
12766 5249 1290 3549
12767 1290 3516 3549
12768 5277 3544 5254
12769 5723 6728 6727
12770 6729 6728 5723
12771 6727 6728 1409
12772 6728 6729 1409
12773 6730 6731 1409
12774 6729 6730 1409
12775 6730 5723 6731
12776 6730 6729 5723
12777 5720 6746 6745
12778 6745 6746 1415
12779 3356 5720 6745
12780 5719 3358 6749
12781 3357 5719 6749
12782 6741 6740 5721
12783 6740 6741 1415
12784 6739 6740 1415
12785 6738 6739 1415
12786 6739 6738 3355
12787 6740 6739 5721
12788 6739 3355 5721
12789 6737 1409 6736
12790 6737 6738 1409
12791 5722 6737 6736
12792 3355 6737 5722
12793 6738 6737 3355
12794 3360 5716 1414
12795 3360 5717 6752
12796 5717 3360 1414
12797 1931 5569 1417
12798 5570 1931 1417
12799 3382 5694 1427
12800 5694 3382 837
12801 3384 5692 1431
12802 5692 3385 1431
12803 5692 3384 837
12804 1430 3390 1433
12805 1887 5613 1433
12806 3395 5681 1433
12807 1433 5681 1436
12808 5681 3396 1436
12809 3396 5681 863
12810 3393 5684 850
12811 5684 3392 850
12812 5684 3393 1433
12813 3392 5684 1433
12814 5685 1433 3391
12815 5685 3392 1433
12816 850 5685 3391
12817 3392 5685 850
12818 3365 5711 1419
12819 5711 3366 1419
12820 3366 5711 800
12821 5709 3368 1419
12822 3367 5709 1419
12823 3369 5707 1419
12824 3368 5708 1419
12825 5708 3369 1419
12826 3369 5708 812
12827 1423 3373 5703
12828 1423 5703 3374
12829 3373 1423 5704
12830 1423 3372 5704
12831 3372 1423 1424
12832 1423 3377 1428
12833 159 1905 5596
12834 1904 159 5596
12835 1905 159 5595
12836 159 1906 5595
12837 159 5594 1906
12838 5594 159 1907
12839 1292 3498 5231
12840 1292 5230 2374
12841 5300 3499 5232
12842 5232 3499 3566
12843 3498 3567 5231
12844 5313 5218 3485
12845 3480 5319 857
12846 3479 5319 1293
12847 5319 2391 1293
12848 5319 3480 2391
12849 3480 5318 5213
12850 3469 5329 5202
12851 3470 5329 6763
12852 2402 5330 3469
12853 5330 1294 3468
12854 1294 5330 5201
12855 5330 2402 5201
12856 3475 5324 868
12857 5156 3645 1303
12858 3644 5156 1303
12859 5180 3620 906
12860 5135 3620 5180
12861 1296 5185 3616
12862 5184 1296 3616
12863 1296 3615 5185
12864 1296 5184 3617
12865 3627 5174 905
12866 5171 3629 905
12867 1303 5170 3631
12868 5142 3658 915
12869 3658 5143 915
12870 3658 5142 1305
12871 5143 3658 1305
12872 5142 3659 1305
12873 3659 5142 916
12874 5140 3661 1305
12875 3637 5163 3638
12876 5163 3637 3844
12877 5547 1954 1408
12878 1953 5547 1408
12879 5547 1953 62
12880 5548 1953 1408
12881 1337 5798 1336
12882 5798 3279 1336
12883 3272 5804 1338
12884 5805 3272 1338
12885 3272 719 5804
12886 3272 5805 719
12887 5807 3269 710
12888 3269 5807 1326
12889 1327 3267 1326
12890 5810 3267 1327
12891 5506 1995 1362
12892 1996 1363 1362
12893 1996 5504 1363
12894 5503 6649 1363
12895 1997 5503 1363
12896 5502 1998 15
12897 6649 1998 1363
12898 1998 5502 1363
12899 1363 1999 5501
12900 5502 1999 1363
12901 5520 1981 1382
12902 6644 1982 1382
12903 5526 1974 35
12904 1974 6641 35
12905 1974 5526 1381
12906 6641 1974 1381
12907 5527 6641 1381
12908 1380 5527 1381
12909 5525 35 1976
12910 5525 1976 1381
12911 1975 5525 1381
12912 5823 3254 1319
12913 5821 1318 1319
12914 1991 1373 5510
12915 1373 1992 5508
12916 1373 1994 5506
12917 5506 1994 14
12918 1989 6647 24
12919 6647 1989 1372
12920 5512 6647 1372
12921 1989 5511 1372
12922 5511 1990 1372
12923 5511 1989 24
12924 6645 1371 5517
12925 1372 5513 1988
12926 3292 5785 734
12927 5785 3291 734
12928 5785 3292 1346
12929 3291 5785 1346
12930 5456 5455 1325
12931 5457 5456 1325
12932 2020 1344 5481
12933 2020 5480 1344
12934 2021 5479 1344
12935 5480 2021 1344
12936 1344 2019 5481
12937 1385 6662 6661
12938 6663 6662 1385
12939 6661 6662 1396
12940 1396 6662 1395
12941 6662 6663 1395
12942 6663 6664 1395
12943 6664 6663 1385
12944 6670 6669 1384
12945 6669 6670 1395
12946 6673 6674 1395
12947 6672 6673 1395
12948 6673 1384 6674
12949 6673 6672 1384
12950 6668 6669 1395
12951 6667 6668 1395
12952 6669 6668 1384
12953 6668 6667 1384
12954 1383 1393 6680
12955 6679 1383 6680
12956 1383 6679 1384
12957 6688 6689 6687
12958 6689 6688 1393
12959 6686 6688 6687
12960 1393 6688 6686
12961 3320 5756 1374
12962 5757 3320 1374
12963 3319 1374 5758
12964 3329 5747 1384
12965 5747 1383 1384
12966 3340 5736 1392
12967 3339 5737 1392
12968 5737 3340 1392
12969 1314 5831 3246
12970 5832 5831 1314
12971 3245 5831 5832
12972 5410 5842 1313
12973 1312 5838 3239
12974 3238 5838 1312
12975 5826 3251 1315
12976 3250 5826 1315
12977 3249 5827 1316
12978 5827 3250 1316
12979 5416 5045 1314
12980 5045 5415 1314
12981 5415 5045 1285
12982 5417 5044 1314
12983 5414 1312 5046
12984 5414 5047 1312
12985 5049 5411 1313
12986 5931 1321 5426
12987 1321 5931 5425
12988 5419 5042 1314
12989 5932 1320 5425
12990 5424 5932 5425
12991 5932 5424 1320
12992 2002 5498 1364
12993 5499 2002 1364
12994 2003 5497 1364
12995 5072 1308 5071
12996 1308 5072 5385
12997 5853 5061 5399
12998 3221 5855 1309
12999 5099 5450 5451
13000 5452 1317 5453
13001 1317 5102 5453
13002 5102 1317 5448
13003 5447 1325 5453
13004 5102 5447 5453
13005 5104 5445 1325
13006 5446 5104 1325
13007 5009 5104 5446
13008 5437 5920 1323
13009 5436 5921 1323
13010 5379 5381 5888
13011 5888 5381 1440
13012 5381 1308 5885
13013 5381 5886 1308
13014 5884 5382 1308
13015 5383 5884 1308
13016 5382 5884 1443
13017 5849 3228 1311
13018 3556 5242 3509
13019 5289 3556 3509
13020 3556 5289 5243
13021 3556 5243 786
13022 2682 5291 3507
13023 3557 5241 3508
13024 5237 1291 3561
13025 1291 3504 5294
13026 3561 1291 5294
13027 1291 5237 3562
13028 5124 3677 1298
13029 1298 5123 3678
13030 3679 3449 5122
13031 5194 5336 2409
13032 5336 5194 3462
13033 5339 5191 2413
13034 5191 3460 2412
13035 5191 5339 3460
13036 3608 5191 2412
13037 2408 3464 5196
13038 3464 2408 5335
13039 2408 5195 5335
13040 5195 2408 3604
13041 5333 2405 5198
13042 1294 2403 5200
13043 2403 1294 5201
13044 3466 5333 878
13045 2405 3466 5199
13046 3466 2405 5333
13047 3466 5332 5199
13048 5203 2400 2345
13049 5328 5203 3470
13050 5203 5328 2400
13051 5204 3471 5327
13052 2400 3471 5204
13053 5328 3471 2400
13054 5630 6607 1437
13055 1874 5626 1437
13056 1861 5658 1439
13057 5658 3419 1439
13058 5642 1439 6602
13059 5642 1859 1439
13060 3427 3426 5650
13061 5643 1857 320
13062 1857 5643 1439
13063 5654 1857 1439
13064 5644 5654 3423
13065 1857 5654 5644
13066 5644 1856 340
13067 1856 6601 340
13068 6601 1856 5653
13069 1856 3423 5653
13070 1856 5644 3423
13071 5645 3424 1855
13072 5645 6601 3424
13073 5645 1855 340
13074 6601 5645 340
13075 3442 5357 901
13076 3441 5357 5115
13077 1301 5358 3686
13078 3440 5358 1301
13079 3435 5363 1302
13080 5363 3436 1302
13081 5363 3435 907
13082 3434 5364 1302
13083 3434 5367 5365
13084 5367 3434 1302
13085 5364 3434 907
13086 5649 3434 5365
13087 3433 1851 5365
13088 1848 5367 1302
13089 1911 5589 1425
13090 5590 1911 1425
13091 5589 1912 1425
13092 1425 5588 1913
13093 1915 1426 6621
13094 1426 1915 5585
13095 5586 6621 1425
13096 1914 5586 1425
13097 6621 5586 137
13098 5586 1914 137
13099 5587 1425 1913
13100 5587 1914 1425
13101 1426 1917 1421
13102 1421 5582 1919
13103 1918 5582 1421
13104 5592 1909 1425
13105 1909 5591 1425
13106 1425 6619 1910
13107 5593 1908 1429
13108 160 5593 1907
13109 5578 1923 1422
13110 3536 3530 3535
13111 3536 3535 5263
13112 3530 3536 5269
13113 3536 5263 762
13114 5252 3546 777
13115 3546 5279 3520
13116 5279 5252 3519
13117 5252 5279 3546
13118 3553 5286 5246
13119 3553 5246 786
13120 4049 3516 5283
13121 1290 5284 3515
13122 5284 1290 3514
13123 3521 3545 5278
13124 3545 3521 5254
13125 5255 3543 770
13126 6747 5720 6748
13127 6747 6746 5720
13128 6747 6748 1415
13129 6746 6747 1415
13130 6744 3356 6745
13131 3356 6744 6743
13132 6744 6745 1415
13133 6743 6744 1415
13134 6742 6741 5721
13135 6742 3356 6743
13136 6742 6743 1415
13137 6741 6742 1415
13138 1414 3361 5715
13139 5716 3361 1414
13140 3359 5717 1414
13141 5603 1898 1432
13142 3383 5693 1427
13143 5694 3383 1427
13144 1433 5686 3391
13145 3390 5686 1433
13146 5686 850 3391
13147 5686 3390 850
13148 3388 1430 5689
13149 3388 5688 1430
13150 5688 3389 1430
13151 5613 1888 1433
13152 3363 5714 801
13153 3363 5713 1420
13154 1414 3363 1420
13155 5714 3363 1414
13156 3362 5714 1414
13157 3370 1424 1419
13158 3370 5706 1424
13159 2373 1292 5231
13160 1292 5301 3498
13161 2385 5313 3486
13162 2385 5218 5313
13163 2386 5314 3485
13164 5218 2386 3485
13165 2360 2386 5218
13166 1292 3496 5302
13167 3496 6785 5302
13168 2415 5188 1295
13169 3668 5183 3618
13170 1304 3646 5154
13171 1304 5172 3629
13172 5171 1304 3629
13173 5155 1304 1303
13174 3646 1304 5155
13175 1304 5171 3630
13176 1304 5152 3649
13177 1304 5170 1303
13178 5170 1304 3630
13179 3657 1304 5144
13180 3651 1304 5150
13181 1304 3656 5144
13182 1304 5151 5150
13183 5151 1304 3649
13184 1304 3651 5149
13185 1304 5143 1305
13186 5143 1304 3657
13187 1304 3627 5173
13188 3627 1304 5174
13189 1304 5149 3652
13190 5139 3624 3661
13191 5139 5177 3624
13192 5177 5139 3662
13193 5140 5139 3661
13194 3623 5177 3662
13195 5177 3623 906
13196 5175 3626 1305
13197 3626 5175 5174
13198 3626 1304 1305
13199 1304 3626 5174
13200 3661 3625 1305
13201 3625 5175 1305
13202 5174 3625 905
13203 5175 3625 5174
13204 3659 5141 1305
13205 1956 5544 1399
13206 1957 63 5543
13207 1399 1957 5543
13208 6636 1957 1399
13209 5799 3277 718
13210 3277 5799 1337
13211 5800 3277 1337
13212 5802 3274 718
13213 3274 5802 1337
13214 5803 3274 1337
13215 5806 3271 1326
13216 3268 5808 1326
13217 5808 3268 710
13218 5824 3253 1315
13219 3252 5824 1315
13220 3254 5822 1319
13221 1991 5509 1373
13222 5507 1994 1373
13223 5516 1984 23
13224 1984 6645 23
13225 1984 5516 1371
13226 6645 1984 1371
13227 1986 5514 1372
13228 5515 1986 1372
13229 6646 1987 1372
13230 1987 5513 1372
13231 5513 1987 24
13232 6665 1385 6666
13233 6665 6664 1385
13234 6665 6666 1395
13235 6664 6665 1395
13236 6672 6671 1384
13237 6671 6670 1384
13238 6671 6672 1395
13239 6670 6671 1395
13240 1385 5752 1384
13241 1383 3335 1393
13242 3234 5051 5409
13243 5826 5825 3251
13244 3251 5825 1315
13245 5825 3252 1315
13246 5922 5434 1323
13247 1323 5434 1322
13248 5434 5923 1322
13249 5929 1321 5428
13250 5929 5427 1321
13251 5930 5931 5426
13252 1321 5930 5426
13253 5427 5930 1321
13254 5423 5038 5933
13255 5934 5423 5933
13256 5423 5934 5038
13257 1364 6585 2004
13258 5854 3223 1309
13259 1309 3223 5062
13260 5853 3223 675
13261 3223 5399 5062
13262 3223 5853 5399
13263 5397 5064 1309
13264 5063 5397 1309
13265 5066 5394 1310
13266 5394 5066 1280
13267 5100 5450 5099
13268 5451 5100 5449
13269 5450 5100 5451
13270 1317 5101 5448
13271 5101 1317 5452
13272 5435 5922 1323
13273 5921 5435 1323
13274 5918 5438 1323
13275 5917 5439 1323
13276 5439 5918 1323
13277 5291 4057 3508
13278 1297 5342 1295
13279 2416 1297 1295
13280 5187 1297 2416
13281 5345 3453 899
13282 5125 3676 1298
13283 3676 5124 1298
13284 5124 3676 910
13285 5349 1298 3678
13286 5122 5349 3678
13287 3449 5349 5122
13288 3680 3448 5121
13289 5120 3680 910
13290 3448 5350 5121
13291 3679 5350 3449
13292 3449 5350 6756
13293 5350 3448 6756
13294 1299 3680 5120
13295 3680 1299 3448
13296 5357 3685 5115
13297 3685 5357 3442
13298 5115 3685 911
13299 3595 2400 5204
13300 5329 2401 5202
13301 2401 2344 5202
13302 2401 5329 3470
13303 5203 2401 3470
13304 2401 5203 3596
13305 1875 5625 1437
13306 5626 1875 1437
13307 5643 1858 1439
13308 3433 1849 5366
13309 5366 1849 339
13310 5367 1849 5365
13311 1849 3433 5365
13312 1849 5367 354
13313 5584 1426 1916
13314 5584 1917 1426
13315 6622 1917 137
13316 6622 5583 1421
13317 1917 6622 1421
13318 6580 1429 1907
13319 5593 6580 1907
13320 6580 5593 1429
13321 5579 1922 1422
13322 1922 5578 1422
13323 5575 1926 1416
13324 3538 5261 761
13325 5281 5251 3548
13326 3390 5687 850
13327 5687 3389 850
13328 5687 3390 1430
13329 3389 5687 1430
13330 2385 3580 5218
13331 5219 3486 5312
13332 5219 2385 3486
13333 2385 5219 2361
13334 3495 5228 2376
13335 2378 5306 3493
13336 5136 3665 3621
13337 3665 5180 3621
13338 5179 3664 3621
13339 3664 5136 3621
13340 3664 908 5136
13341 5153 1304 3647
13342 5176 3625 3661
13343 5802 3275 1337
13344 5807 3270 1326
13345 5809 3268 1326
13346 3264 5812 1327
13347 3259 5817 1318
13348 5817 3260 1318
13349 712 3262 5815
13350 5815 3262 1327
13351 3262 5814 1327
13352 5813 3264 1327
13353 5813 711 3264
13354 3331 1383 5746
13355 2593 3331 5746
13356 5754 1385 1374
13357 1383 3333 5743
13358 3333 5744 4145
13359 3332 5744 1383
13360 5744 3333 1383
13361 3337 5739 1392
13362 3242 5834 1314
13363 5834 3243 1314
13364 5833 3244 1314
13365 3243 5833 1314
13366 1312 5835 1314
13367 5841 3235 682
13368 5842 3235 1313
13369 3235 5841 1313
13370 5840 3237 1313
13371 5052 5843 5409
13372 5843 3234 5409
13373 5073 5880 5386
13374 5396 5065 1309
13375 1309 5395 1310
13376 5395 5066 1310
13377 5065 5395 1309
13378 5395 5065 1280
13379 5066 5395 1280
13380 5068 5392 1310
13381 5393 5068 1310
13382 5394 5067 1310
13383 5919 5437 1323
13384 5438 5919 1323
13385 5919 1450 5437
13386 5919 5438 1450
13387 1297 3456 5342
13388 1297 2417 3614
13389 2417 1297 5187
13390 1297 3671 5129
13391 1297 3672 5128
13392 3672 1297 5129
13393 5128 3672 909
13394 3672 5129 909
13395 5186 1297 3614
13396 1297 5186 1296
13397 1296 5186 3615
13398 3454 1297 5345
13399 3454 5345 899
13400 1297 3674 5345
13401 3450 5348 1298
13402 5349 3450 1298
13403 5348 3450 6757
13404 3682 1299 5119
13405 1299 3682 5118
13406 3681 1299 5120
13407 1299 3681 5119
13408 3681 5120 911
13409 5116 3685 3442
13410 5116 3684 911
13411 3685 5116 911
13412 5356 5117 3684
13413 3684 5117 911
13414 3475 2396 5324
13415 5627 1874 1437
13416 3422 5654 1439
13417 5655 3422 1439
13418 6576 3433 5366
13419 5368 1302 5108
13420 6600 3693 5108
13421 3693 5368 5108
13422 6581 1924 1422
13423 1925 1416 1422
13424 1925 5575 1416
13425 6582 1925 1422
13426 5575 1925 116
13427 3528 5261 3538
13428 5271 3528 3538
13429 1289 5272 3527
13430 3539 1289 5260
13431 1289 5271 5260
13432 1289 3527 5271
13433 3516 5282 3549
13434 3524 5274 5257
13435 6773 5274 3524
13436 3487 2384 5312
13437 2384 5219 5312
13438 5219 2384 3579
13439 4068 3497 5302
13440 3497 1292 5302
13441 3497 5301 1292
13442 5228 2375 3570
13443 5133 3668 3618
13444 5133 908 3668
13445 3668 5132 5183
13446 3669 5131 1296
13447 1304 3648 5152
13448 5153 3648 1304
13449 5152 3648 920
13450 3648 5153 920
13451 3265 5811 1327
13452 5824 705 3253
13453 705 5824 3252
13454 5827 705 3250
13455 5825 705 3252
13456 1318 5816 1328
13457 3260 5816 1318
13458 1328 5816 3261
13459 3263 5813 1327
13460 3331 5745 1383
13461 5754 3323 1385
13462 1383 3330 5746
13463 5738 764 3339
13464 5738 3339 1392
13465 3338 5738 1392
13466 1393 3336 1392
13467 5742 3335 1383
13468 3334 5742 1383
13469 5841 3236 1313
13470 3236 5840 1313
13471 5925 5431 1322
13472 5432 5925 1322
13473 5431 5925 5030
13474 5431 5926 1322
13475 5880 5387 5074
13476 5073 5387 5880
13477 5387 5073 5879
13478 3454 5344 1297
13479 5126 3453 5345
13480 3673 1297 5128
13481 3452 5347 899
13482 5347 3452 1298
13483 5346 3453 1298
13484 3452 5346 1298
13485 5353 3445 900
13486 3445 5354 6755
13487 5354 3445 5353
13488 5354 1299 3444
13489 1299 5354 5353
13490 1299 5351 3448
13491 3447 5351 1299
13492 3448 5351 6756
13493 5351 3447 6756
13494 3446 5353 900
13495 3446 1299 5353
13496 5116 6754 3684
13497 6754 5116 3442
13498 3474 2397 5325
13499 2397 5206 5325
13500 5208 3475 5323
13501 5208 2396 3475
13502 1873 6608 1437
13503 6608 5627 1437
13504 1924 5576 1422
13505 3543 3523 5256
13506 3540 5273 1289
13507 5220 3487 5311
13508 5220 2384 3487
13509 2384 5220 2362
13510 5229 1292 2374
13511 5229 3496 1292
13512 5229 2375 3496
13513 3495 5303 5228
13514 5303 2375 5228
13515 2375 5303 3496
13516 5303 3495 2670
13517 5303 4069 3496
13518 3494 5227 2377
13519 5131 3670 1296
13520 3670 1297 1296
13521 3266 5810 1327
13522 5811 3266 1327
13523 3266 711 5810
13524 3266 5811 711
13525 3321 5755 1374
13526 3322 5754 1374
13527 5755 3322 1374
13528 3322 5755 749
13529 5740 3337 1392
13530 3336 5740 1392
13531 5740 2599 3337
13532 5844 5052 5408
13533 5844 3233 5052
13534 5433 5923 1449
13535 5923 5433 1322
13536 5433 5924 1322
13537 3453 3675 1298
13538 5348 3451 1298
13539 3451 5347 1298
13540 3447 5352 6756
13541 5352 3446 6756
13542 5352 3447 1299
13543 3446 5352 1299
13544 5208 412 2396
13545 2691 5282 3516
13546 5276 3543 5255
13547 5276 3523 3543
13548 1289 3526 5272
13549 5273 3526 1289
13550 5273 3525 4039
13551 3525 5274 2700
13552 5274 3525 3541
13553 3488 2383 5311
13554 2383 5220 5311
13555 5220 2383 3578
13556 5305 3494 2377
13557 5226 5305 2377
13558 3494 5305 4071
13559 5225 5306 2378
13560 5225 2378 3573
13561 5306 5225 3492
13562 5753 3324 3323
13563 3324 5752 1385
13564 3323 3324 1385
13565 757 5753 3323
13566 5928 1321 1322
13567 5429 5928 1322
13568 2396 5207 5324
13569 5209 3476 5322
13570 3522 5276 5255
13571 3544 3522 5255
13572 5277 3522 3544
13573 5258 3525 5273
13574 5307 5224 3491
13575 5224 2380 3491
13576 2379 5224 5307
13577 2380 5224 2366
13578 3326 5750 1384
13579 2587 3325 5752
13580 5752 3325 1384
13581 3325 5751 1384
13582 5750 3327 1384
13583 3327 5750 756
13584 5748 756 3329
13585 5748 3329 1384
13586 3328 5748 1384
13587 5429 5927 1448
13588 5927 5429 1322
13589 5430 5927 1322
13590 2394 5209 5322
13591 3327 5749 1384
13592 1387 1388 1376
13593 1376 1388 1377
13594 1388 1378 1377
13595 1378 1388 1389
13596 1390 1378 1389
13597 1378 1390 1379
13598 1370 1382 1371
13599 1382 1370 1381
13600 1367 1357 1356
13601 1357 1367 1368
13602 1403 1411 1404
13603 1411 1403 1410
13604 1405 1411 1412
13605 1411 1405 1404
13606 1388 1398 1389
13607 1398 1399 1389
13608 1398 1388 1387
13609 1397 1398 1387
13610 1396 1397 1387
13611 1386 1396 1387
13612 1400 1390 1389
13613 1399 1400 1389
13614 1359 1370 1371
13615 1359 1371 1360
13616 1347 1359 1348
13617 1359 1347 1358
13618 1390 1391 1379
13619 1391 1380 1379
13620 1369 1359 1358
13621 1359 1369 1370
13622 1369 1357 1368
13623 1357 1369 1358
13624 1370 1369 1381
13625 1369 1380 1381
13626 1380 1369 1379
13627 1369 1368 1379
13628 1349 1359 1360
13629 1359 1349 1348
13630 1361 1349 1360
13631 1350 1349 1361
13632 1375 1387 1376
13633 1375 1386 1387
13634 1405 1394 1404
13635 1394 1405 1395
13636 1408 1398 1397
13637 1408 1397 1407
13638 1406 1405 1412
13639 1413 1406 1412
13640 1405 1406 1395
13641 1406 1396 1395
13642 1397 1406 1407
13643 1396 1406 1397
13644 1337 1349 1350
13645 1337 1350 1338
13646 1349 1337 1348
13647 1337 1336 1348
13648 1351 1350 1361
13649 1362 1351 1361
13650 1351 1363 1352
13651 1363 1351 1362
13652 1350 1351 1338
13653 1351 1339 1338
13654 1340 1351 1352
13655 1339 1351 1340
13656 1371 1372 1360
13657 1372 1361 1360
13658 1378 1366 1377
13659 1367 1366 1378
13660 1366 1376 1377
13661 1366 1365 1376
13662 1347 1346 1358
13663 1346 1357 1358
13664 1363 1364 1352
13665 1364 1353 1352
13666 1416 1411 1410
13667 1411 1416 1417
13668 1416 1409 1415
13669 1409 1416 1410
13670 1421 1416 1415
13671 1416 1421 1422
13672 1411 1418 1412
13673 1418 1411 1417
13674 1427 1431 1428
13675 1431 1432 1428
13676 1343 1342 1355
13677 1355 1342 1354
13678 1342 1331 1330
13679 1331 1342 1343
13680 1424 1425 1419
13681 1425 1420 1419
13682 1414 1421 1415
13683 1421 1414 1420
13684 1339 1327 1338
13685 1327 1326 1338
13686 1327 1339 1340
13687 1328 1327 1340
13688 1318 1328 1329
13689 1318 1329 1319
13690 1332 1323 1322
13691 1323 1332 1333
13692 1332 1345 1333
13693 1345 1332 1344
13694 1332 1331 1343
13695 1332 1343 1344
13696 1328 1341 1329
13697 1341 1328 1340
13698 1341 1340 1352
13699 1353 1341 1352
13700 1341 1342 1330
13701 1329 1341 1330
13702 1342 1341 1354
13703 1341 1353 1354
13704 1320 1316 1315
13705 1320 1315 1319
13706 1329 1320 1319
13707 1320 1329 1330
13708 1430 1433 1434
13709 1431 1430 1434
13710 1373 1362 1361
13711 1372 1373 1361
13712 1334 1325 1324
13713 1325 1334 1335
13714 1334 1323 1333
13715 1334 1324 1323
13716 1321 1332 1322
13717 1332 1321 1331
13718 1331 1321 1330
13719 1321 1320 1330
13720 1425 1426 1420
13721 1426 1421 1420
13722 1424 1423 1429
13723 1429 1423 1428
13724 5462 2102 5461
13725 2102 5452 5453
13726 5456 2102 5455
13727 5459 2102 5458
13728 2102 5460 5461
13729 5460 2102 5459
13730 5454 2102 5453
13731 2102 5457 5458
13732 2102 5454 5455
13733 5452 2102 5451
13734 2102 5456 5457
$EndElements
